run_id,key,value,step,timestamp
circle loss,training loss,179.9527530670166,0,1751221844282
circle loss,training loss,152.0748129757968,1,1751221974298
circle loss,training loss,139.93716118552467,2,1751222107852
circle loss,training loss,130.44793874567205,3,1751222242684
circle loss,training loss,119.41969073902477,4,1751222375223
circle loss,training loss,116.05391589078036,5,1751222502351
circle loss,training loss,112.85429000854492,6,1751222631387
circle loss,training loss,107.18833663246848,7,1751222760614
circle loss,training loss,102.9751461202448,8,1751222928873
circle loss,training loss,97.32304256612605,9,1751223059464
circle loss,training loss,95.5537180033597,10,1751223185006
circle loss,training loss,90.88903825933284,11,1751223311861
circle loss,training loss,89.21887337077747,12,1751223439217
circle loss,training loss,85.13554564389315,13,1751223564528
circle loss,training loss,80.34485335783525,14,1751223690017
circle loss,training loss,78.40939409082586,15,1751223829960
circle loss,training loss,75.5833350094882,16,1751223980413
circle loss,training loss,72.87287707762285,17,1751224103015
circle loss,training loss,68.4821833263744,18,1751224228293
circle loss,training loss,66.09217166900635,19,1751224355128
circle loss,training loss,65.40673945166849,20,1751224485097
circle loss,training loss,60.727567499334164,21,1751224638626
circle loss,training loss,56.70505198565397,22,1751224810483
circle loss,training loss,56.13147399642251,23,1751224998846
circle loss,training loss,49.47770957513289,24,1751225162729
circle loss,training loss,49.084142901680686,25,1751225283866
circle loss,training loss,46.214154655283146,26,1751225403583
circle loss,training loss,45.69066281752153,27,1751225531523
circle loss,training loss,43.59214787049727,28,1751225660293
circle loss,training loss,38.641267104582354,29,1751225793130
circle loss,training loss,37.63579965721477,30,1751225925590
circle loss,training loss,35.52983346852389,31,1751226059561
circle loss,training loss,32.292206319895655,32,1751226187260
circle loss,training loss,30.27277838641947,33,1751226307837
circle loss,training loss,28.554709315299988,34,1751226422744
circle loss,training loss,26.71811241453344,35,1751226536500
circle loss,training loss,25.650703278454866,36,1751226653442
circle loss,training loss,24.830970991741527,37,1751226768417
circle loss,training loss,22.05506099354137,38,1751226882324
circle loss,training loss,20.687673075632617,39,1751226997386
circle loss,training loss,20.055388954552736,40,1751227112625
circle loss,training loss,18.066843515092675,41,1751227229452
circle loss,training loss,17.208480396054007,42,1751227345097
circle loss,training loss,16.914893487637695,43,1751227466387
circle loss,training loss,16.006745219230652,44,1751227582272
circle loss,training loss,14.565377834168347,45,1751227694638
circle loss,training loss,13.863305807113647,46,1751227807758
circle loss,training loss,12.683191422711719,47,1751227921147
circle loss,training loss,12.210635309869593,48,1751228036468
circle loss,training loss,11.100732798942111,49,1751228155739
circle loss,training loss,9.948521568016572,50,1751228276238
circle loss,training loss,9.664231748743491,51,1751228389010
circle loss,training loss,9.46027613769878,52,1751228504666
circle loss,training loss,8.532847837968307,53,1751228631159
circle loss,training loss,8.503983091224324,54,1751228762896
circle loss,training loss,7.447960273786024,55,1751228888615
circle loss,training loss,7.0663518174128095,56,1751229015200
circle loss,training loss,6.943351396782831,57,1751229154193
circle loss,training loss,6.601982459425926,58,1751229288940
circle loss,training loss,5.980294920504093,59,1751229413729
circle loss,validation loss,154.2972772771662,0,1751221844282
circle loss,validation loss,150.29726513949308,1,1751221974298
circle loss,validation loss,133.477463462136,2,1751222107852
circle loss,validation loss,127.51356714422053,3,1751222242684
circle loss,validation loss,121.5468978881836,4,1751222375223
circle loss,validation loss,115.08352695811878,5,1751222502351
circle loss,validation loss,111.52066594904119,6,1751222631387
circle loss,validation loss,107.49771603670987,7,1751222760614
circle loss,validation loss,101.64557196877219,8,1751222928873
circle loss,validation loss,98.7875185879794,9,1751223059464
circle loss,validation loss,96.70855920965022,10,1751223185006
circle loss,validation loss,97.75678287852894,11,1751223311861
circle loss,validation loss,89.51755072853781,12,1751223439217
circle loss,validation loss,86.0892826427113,13,1751223564528
circle loss,validation loss,81.74967401677912,14,1751223690017
circle loss,validation loss,83.26747200705789,15,1751223829960
circle loss,validation loss,76.89100542935458,16,1751223980413
circle loss,validation loss,70.8136381669478,17,1751224103015
circle loss,validation loss,69.40191130204634,18,1751224228293
circle loss,validation loss,69.67867244373669,19,1751224355128
circle loss,validation loss,68.30841428583318,20,1751224485097
circle loss,validation loss,59.94246153397994,21,1751224638626
circle loss,validation loss,59.5470967726274,22,1751224810483
circle loss,validation loss,53.47332000732422,23,1751224998846
circle loss,validation loss,53.09438740123402,24,1751225162729
circle loss,validation loss,49.00877848538485,25,1751225283866
circle loss,validation loss,46.35639173334295,26,1751225403583
circle loss,validation loss,44.602977232499555,27,1751225531523
circle loss,validation loss,43.44505561481822,28,1751225660293
circle loss,validation loss,37.67505398663607,29,1751225793130
circle loss,validation loss,38.49944149364125,30,1751225925590
circle loss,validation loss,35.680714173750445,31,1751226059561
circle loss,validation loss,32.878508134321734,32,1751226187260
circle loss,validation loss,31.091502969915215,33,1751226307837
circle loss,validation loss,30.31070501154119,34,1751226422744
circle loss,validation loss,27.56938188726252,35,1751226536500
circle loss,validation loss,27.319494247436523,36,1751226653442
circle loss,validation loss,26.683186314322732,37,1751226768417
circle loss,validation loss,22.809333194385875,38,1751226882324
circle loss,validation loss,23.57665980945934,39,1751226997386
circle loss,validation loss,20.80632426521995,40,1751227112625
circle loss,validation loss,19.805473240939055,41,1751227229452
circle loss,validation loss,16.914665937423706,42,1751227345097
circle loss,validation loss,21.95133703405207,43,1751227466387
circle loss,validation loss,16.102106506174263,44,1751227582272
circle loss,validation loss,17.863915400071576,45,1751227694638
circle loss,validation loss,13.007080533287741,46,1751227807758
circle loss,validation loss,14.042563330043446,47,1751227921147
circle loss,validation loss,12.944886987859553,48,1751228036468
circle loss,validation loss,10.493759057738565,49,1751228155739
circle loss,validation loss,12.695590561086481,50,1751228276238
circle loss,validation loss,13.63967793638056,51,1751228389010
circle loss,validation loss,9.546882044185292,52,1751228504666
circle loss,validation loss,10.819109244780106,53,1751228631159
circle loss,validation loss,10.103260831399398,54,1751228762896
circle loss,validation loss,9.594939004291188,55,1751228888615
circle loss,validation loss,7.770784876563332,56,1751229015200
circle loss,validation loss,7.863031636584889,57,1751229154193
circle loss,validation loss,7.108562296087092,58,1751229288940
circle loss,validation loss,5.680015981197357,59,1751229413729
circle loss,accuracy,0.6148359486447932,0,1751221844282
circle loss,accuracy,0.651925820256776,1,1751221974298
circle loss,accuracy,0.6747503566333809,2,1751222107852
circle loss,accuracy,0.7004279600570613,3,1751222242684
circle loss,accuracy,0.738944365192582,4,1751222375223
circle loss,accuracy,0.7432239657631954,5,1751222502351
circle loss,accuracy,0.7446504992867332,6,1751222631387
circle loss,accuracy,0.7746077032810271,7,1751222760614
circle loss,accuracy,0.7860199714693296,8,1751222928873
circle loss,accuracy,0.797432239657632,9,1751223059464
circle loss,accuracy,0.8017118402282454,10,1751223185006
circle loss,accuracy,0.7788873038516405,11,1751223311861
circle loss,accuracy,0.8345221112696148,12,1751223439217
circle loss,accuracy,0.8174037089871612,13,1751223564528
circle loss,accuracy,0.8288159771754636,14,1751223690017
circle loss,accuracy,0.818830242510699,15,1751223829960
circle loss,accuracy,0.8530670470756063,16,1751223980413
circle loss,accuracy,0.8830242510699001,17,1751224103015
circle loss,accuracy,0.8801711840228246,18,1751224228293
circle loss,accuracy,0.884450784593438,19,1751224355128
circle loss,accuracy,0.8758915834522111,20,1751224485097
circle loss,accuracy,0.9001426533523538,21,1751224638626
circle loss,accuracy,0.905848787446505,22,1751224810483
circle loss,accuracy,0.912981455064194,23,1751224998846
circle loss,accuracy,0.920114122681883,24,1751225162729
circle loss,accuracy,0.9343794579172611,25,1751225283866
circle loss,accuracy,0.9315263908701854,26,1751225403583
circle loss,accuracy,0.9443651925820257,27,1751225531523
circle loss,accuracy,0.9429386590584878,28,1751225660293
circle loss,accuracy,0.9500713266761769,29,1751225793130
circle loss,accuracy,0.9657631954350927,30,1751225925590
circle loss,accuracy,0.9657631954350927,31,1751226059561
circle loss,accuracy,0.9800285306704708,32,1751226187260
circle loss,accuracy,0.9657631954350927,33,1751226307837
circle loss,accuracy,0.9728958630527818,34,1751226422744
circle loss,accuracy,0.9814550641940085,35,1751226536500
circle loss,accuracy,0.9828815977175464,36,1751226653442
circle loss,accuracy,0.985734664764622,37,1751226768417
circle loss,accuracy,0.9871611982881597,38,1751226882324
circle loss,accuracy,0.9871611982881597,39,1751226997386
circle loss,accuracy,0.9885877318116976,40,1751227112625
circle loss,accuracy,0.9871611982881597,41,1751227229452
circle loss,accuracy,0.9971469329529244,42,1751227345097
circle loss,accuracy,0.9914407988587732,43,1751227466387
circle loss,accuracy,0.9942938659058488,44,1751227582272
circle loss,accuracy,0.9942938659058488,45,1751227694638
circle loss,accuracy,0.9957203994293866,46,1751227807758
circle loss,accuracy,0.992867332382311,47,1751227921147
circle loss,accuracy,0.9985734664764622,48,1751228036468
circle loss,accuracy,1,49,1751228155739
circle loss,accuracy,0.9957203994293866,50,1751228276238
circle loss,accuracy,0.9942938659058488,51,1751228389010
circle loss,accuracy,0.9985734664764622,52,1751228504666
circle loss,accuracy,0.9985734664764622,53,1751228631159
circle loss,accuracy,0.9957203994293866,54,1751228762896
circle loss,accuracy,1,55,1751228888615
circle loss,accuracy,1,56,1751229015200
circle loss,accuracy,1,57,1751229154193
circle loss,accuracy,1,58,1751229288940
circle loss,accuracy,1,59,1751229413729
circle loss,F1-score,0.7157894736380986,0,1751221844282
circle loss,F1-score,0.7436974789443589,1,1751221974298
circle loss,F1-score,0.7553648068194269,2,1751222107852
circle loss,F1-score,0.7597254004097082,3,1751222242684
circle loss,F1-score,0.7829181494178759,4,1751222375223
circle loss,F1-score,0.787735849008523,5,1751222502351
circle loss,F1-score,0.7940161104234265,6,1751222631387
circle loss,F1-score,0.8063725489709673,7,1751222760614
circle loss,F1-score,0.8179611649997885,8,1751222928873
circle loss,F1-score,0.8356481480990866,9,1751223059464
circle loss,F1-score,0.8290282902338433,10,1751223185006
circle loss,F1-score,0.8152562574005224,11,1751223311861
circle loss,F1-score,0.8595641645996215,12,1751223439217
circle loss,F1-score,0.8465227817253446,13,1751223564528
circle loss,F1-score,0.8543689319895186,14,1751223690017
circle loss,F1-score,0.8414481897137274,15,1751223829960
circle loss,F1-score,0.8701134930148726,16,1751223980413
circle loss,F1-score,0.8954081632155984,17,1751224103015
circle loss,F1-score,0.8955223880100245,18,1751224228293
circle loss,F1-score,0.8978562420688324,19,1751224355128
circle loss,F1-score,0.8924598268971536,20,1751224485097
circle loss,F1-score,0.9111675126404964,21,1751224638626
circle loss,F1-score,0.9124668434514673,22,1751224810483
circle loss,F1-score,0.913963328581919,23,1751224998846
circle loss,F1-score,0.9228650137241481,24,1751225162729
circle loss,F1-score,0.9399477806287708,25,1751225283866
circle loss,F1-score,0.9387755101539997,26,1751225403583
circle loss,F1-score,0.9456066945105249,27,1751225531523
circle loss,F1-score,0.947089947039823,28,1751225660293
circle loss,F1-score,0.9526387008970562,29,1751225793130
circle loss,F1-score,0.9679144384524584,30,1751225925590
circle loss,F1-score,0.9676549864726941,31,1751226059561
circle loss,F1-score,0.9802259886503024,32,1751226187260
circle loss,F1-score,0.9676549864726941,33,1751226307837
circle loss,F1-score,0.9733520336103516,34,1751226422744
circle loss,F1-score,0.981455064143741,35,1751226536500
circle loss,F1-score,0.9827586206393877,36,1751226653442
circle loss,F1-score,0.9855907780477091,37,1751226768417
circle loss,F1-score,0.9873417721016219,38,1751226882324
circle loss,F1-score,0.9875518671696446,39,1751226997386
circle loss,F1-score,0.9890109889607207,40,1751227112625
circle loss,F1-score,0.9864661653632463,41,1751227229452
circle loss,F1-score,0.9971346704368208,42,1751227345097
circle loss,F1-score,0.9910447760691112,43,1751227466387
circle loss,F1-score,0.9942028985004365,44,1751227582272
circle loss,F1-score,0.9943342775701166,45,1751227694638
circle loss,F1-score,0.9956458635201031,46,1751227807758
circle loss,F1-score,0.9926144755774791,47,1751227921147
circle loss,F1-score,0.9985141158486633,48,1751228036468
circle loss,F1-score,0.999999999949716,49,1751228155739
circle loss,F1-score,0.9958847736122791,50,1751228276238
circle loss,F1-score,0.994202898500437,51,1751228389010
circle loss,F1-score,0.9985895627141754,52,1751228504666
circle loss,F1-score,0.9985401459351101,53,1751228631159
circle loss,F1-score,0.995581737799486,54,1751228762896
circle loss,F1-score,0.9999999999497111,55,1751228888615
circle loss,F1-score,0.9999999999497033,56,1751229015200
circle loss,F1-score,0.9999999999497051,57,1751229154193
circle loss,F1-score,0.9999999999497151,58,1751229288940
circle loss,F1-score,0.9999999999497151,59,1751229413729
circle loss,precision,0.5573770491802365,0,1751221844282
circle loss,precision,0.5989847715735027,1,1751221974298
circle loss,precision,0.6143106457241511,2,1751222107852
circle loss,precision,0.627599243856214,3,1751222242684
circle loss,precision,0.656063618290128,4,1751222375223
circle loss,precision,0.6536203522503613,5,1751222502351
circle loss,precision,0.667311411992134,6,1751222631387
circle loss,precision,0.6854166666665239,7,1751222760614
circle loss,precision,0.6991701244811828,8,1751222928873
circle loss,precision,0.726358148893214,9,1751223059464
circle loss,precision,0.7200854700853162,10,1751223185006
circle loss,precision,0.6993865030673416,11,1751223311861
circle loss,precision,0.7569296375264911,12,1751223439217
circle loss,precision,0.7431578947366857,13,1751223564528
circle loss,precision,0.7537473233403097,14,1751223690017
circle loss,precision,0.7310195227764141,15,1751223829960
circle loss,precision,0.7735426008966876,16,1751223980413
circle loss,precision,0.8124999999998119,17,1751224103015
circle loss,precision,0.8108108108106282,18,1751224228293
circle loss,precision,0.8146453089242988,19,1751224355128
circle loss,precision,0.8094170403585629,20,1751224485097
circle loss,precision,0.838785046728776,21,1751224638626
circle loss,precision,0.8390243902436978,22,1751224810483
circle loss,precision,0.8481675392667937,23,1751224998846
circle loss,precision,0.856777493605919,24,1751225162729
circle loss,precision,0.8888888888886695,25,1751225283866
circle loss,precision,0.8888888888886742,26,1751225403583
circle loss,precision,0.9015957446806113,27,1751225531523
circle loss,precision,0.9017632241811331,28,1751225660293
circle loss,precision,0.9142857142854769,29,1751225793130
circle loss,precision,0.9402597402594961,30,1751225925590
circle loss,precision,0.9397905759159844,31,1751226059561
circle loss,precision,0.9638888888886211,32,1751226187260
circle loss,precision,0.9397905759159844,33,1751226307837
circle loss,precision,0.9480874316937301,34,1751226422744
circle loss,precision,0.9662921348311893,35,1751226536500
circle loss,precision,0.9661016949149813,36,1751226653442
circle loss,precision,0.9715909090906331,37,1751226768417
circle loss,precision,0.983193277310649,38,1751226882324
circle loss,precision,0.9834710743798943,39,1751226997386
circle loss,precision,0.9809264305174439,40,1751227112625
circle loss,precision,0.9732937685457053,41,1751227229452
circle loss,precision,0.9942857142854302,42,1751227345097
circle loss,precision,0.9822485207097686,43,1751227466387
circle loss,precision,0.9942028985504365,44,1751227582272
circle loss,precision,0.9887323943659188,45,1751227694638
circle loss,precision,0.9942028985504365,46,1751227807758
circle loss,precision,0.9853372434014707,47,1751227921147
circle loss,precision,0.9999999999997025,48,1751228036468
circle loss,precision,0.9999999999997159,49,1751228155739
circle loss,precision,0.9918032786882537,50,1751228276238
circle loss,precision,0.9913294797684996,51,1751228389010
circle loss,precision,0.9971830985912684,52,1751228504666
circle loss,precision,0.9970845481046656,53,1751228631159
circle loss,precision,0.9941176470585312,54,1751228762896
circle loss,precision,0.999999999999711,55,1751228888615
circle loss,precision,0.9999999999997033,56,1751229015200
circle loss,precision,0.999999999999705,57,1751229154193
circle loss,precision,0.9999999999997151,58,1751229288940
circle loss,precision,0.9999999999997151,59,1751229413729
circle loss,Recall,0.9999999999997059,0,1751221844282
circle loss,Recall,0.9806094182822769,1,1751221974298
circle loss,Recall,0.9805013927573871,2,1751222107852
circle loss,Recall,0.9623188405794313,3,1751222242684
circle loss,Recall,0.9705882352938322,4,1751222375223
circle loss,Recall,0.9910979228483706,5,1751222502351
circle loss,Recall,0.9801136363633579,6,1751222631387
circle loss,Recall,0.9791666666663753,7,1751222760614
circle loss,Recall,0.9853801169587763,8,1751222928873
circle loss,Recall,0.9836512261577701,9,1751223059464
circle loss,Recall,0.9768115942026154,10,1751223185006
circle loss,Recall,0.977142857142578,11,1751223311861
circle loss,Recall,0.9943977591033629,12,1751223439217
circle loss,Recall,0.9832869080777206,13,1751223564528
circle loss,Recall,0.9859943977588275,14,1751223690017
circle loss,Recall,0.9911764705879438,15,1751223829960
circle loss,Recall,0.9942363112389065,16,1751223980413
circle loss,Recall,0.9971590909088076,17,1751224103015
circle loss,Recall,0.9999999999997222,18,1751224228293
circle loss,Recall,0.9999999999997191,19,1751224355128
circle loss,Recall,0.9944903581264478,20,1751224485097
circle loss,Recall,0.9972222222219452,21,1751224638626
circle loss,Recall,0.9999999999997093,22,1751224810483
circle loss,Recall,0.9908256880730916,23,1751224998846
circle loss,Recall,0.9999999999997016,24,1751225162729
circle loss,Recall,0.9972299168972307,25,1751225283866
circle loss,Recall,0.9945945945943259,26,1751225403583
circle loss,Recall,0.9941348973604123,27,1751225531523
circle loss,Recall,0.997214484679388,28,1751225660293
circle loss,Recall,0.9943502824855949,29,1751225793130
circle loss,Recall,0.9972451790630862,30,1751225925590
circle loss,Recall,0.9972222222219452,31,1751226059561
circle loss,Recall,0.9971264367813227,32,1751226187260
circle loss,Recall,0.9972222222219452,33,1751226307837
circle loss,Recall,0.9999999999997119,34,1751226422744
circle loss,Recall,0.9971014492750734,35,1751226536500
circle loss,Recall,0.9999999999997077,36,1751226653442
circle loss,Recall,0.9999999999997077,37,1751226768417
circle loss,Recall,0.9915254237285335,38,1751226882324
circle loss,Recall,0.9916666666663912,39,1751226997386
circle loss,Recall,0.9972299168972307,40,1751227112625
circle loss,Recall,0.9999999999996951,41,1751227229452
circle loss,Recall,0.9999999999997127,42,1751227345097
circle loss,Recall,0.9999999999996988,43,1751227466387
circle loss,Recall,0.9942028985504365,44,1751227582272
circle loss,Recall,0.9999999999997151,45,1751227694638
circle loss,Recall,0.9970930232555242,46,1751227807758
circle loss,Recall,0.9999999999997025,47,1751227921147
circle loss,Recall,0.997032640949259,48,1751228036468
circle loss,Recall,0.9999999999997159,49,1751228155739
circle loss,Recall,0.9999999999997246,50,1751228276238
circle loss,Recall,0.9970930232555242,51,1751228389010
circle loss,Recall,0.9999999999997176,52,1751228504666
circle loss,Recall,0.9999999999997077,53,1751228631159
circle loss,Recall,0.9970501474923313,54,1751228762896
circle loss,Recall,0.999999999999711,55,1751228888615
circle loss,Recall,0.9999999999997033,56,1751229015200
circle loss,Recall,0.999999999999705,57,1751229154193
circle loss,Recall,0.9999999999997151,58,1751229288940
circle loss,Recall,0.9999999999997151,59,1751229413729
circle loss,batch_train_loss,219.5854949951172,0,1751221675921
circle loss,batch_train_loss,234.86019897460938,1,1751221677196
circle loss,batch_train_loss,223.6749267578125,2,1751221678424
circle loss,batch_train_loss,218.291259765625,3,1751221679674
circle loss,batch_train_loss,190.34719848632812,4,1751221680963
circle loss,batch_train_loss,222.1017303466797,5,1751221682252
circle loss,batch_train_loss,215.1332550048828,6,1751221683522
circle loss,batch_train_loss,224.6707763671875,7,1751221684969
circle loss,batch_train_loss,195.180419921875,8,1751221686260
circle loss,batch_train_loss,195.0149383544922,9,1751221687504
circle loss,batch_train_loss,185.25160217285156,10,1751221688754
circle loss,batch_train_loss,229.5139617919922,11,1751221689976
circle loss,batch_train_loss,212.63035583496094,12,1751221691277
circle loss,batch_train_loss,190.66957092285156,13,1751221692555
circle loss,batch_train_loss,199.54473876953125,14,1751221693931
circle loss,batch_train_loss,201.89772033691406,15,1751221695183
circle loss,batch_train_loss,203.3643798828125,16,1751221696540
circle loss,batch_train_loss,174.11468505859375,17,1751221697773
circle loss,batch_train_loss,194.75692749023438,18,1751221699079
circle loss,batch_train_loss,193.44461059570312,19,1751221700739
circle loss,batch_train_loss,187.8994903564453,20,1751221702731
circle loss,batch_train_loss,164.7667694091797,21,1751221704625
circle loss,batch_train_loss,245.8796844482422,22,1751221706592
circle loss,batch_train_loss,184.92660522460938,23,1751221708542
circle loss,batch_train_loss,178.77476501464844,24,1751221710562
circle loss,batch_train_loss,155.6638641357422,25,1751221712574
circle loss,batch_train_loss,161.28939819335938,26,1751221714568
circle loss,batch_train_loss,205.06900024414062,27,1751221716623
circle loss,batch_train_loss,195.13380432128906,28,1751221718597
circle loss,batch_train_loss,182.53981018066406,29,1751221720590
circle loss,batch_train_loss,172.3907470703125,30,1751221722578
circle loss,batch_train_loss,174.62283325195312,31,1751221724535
circle loss,batch_train_loss,201.0459747314453,32,1751221726513
circle loss,batch_train_loss,154.48146057128906,33,1751221728525
circle loss,batch_train_loss,182.12509155273438,34,1751221730517
circle loss,batch_train_loss,187.32374572753906,35,1751221732525
circle loss,batch_train_loss,201.59234619140625,36,1751221734573
circle loss,batch_train_loss,187.39404296875,37,1751221736676
circle loss,batch_train_loss,160.14723205566406,38,1751221738730
circle loss,batch_train_loss,176.73532104492188,39,1751221740790
circle loss,batch_train_loss,170.3809051513672,40,1751221742988
circle loss,batch_train_loss,148.23765563964844,41,1751221745108
circle loss,batch_train_loss,179.02371215820312,42,1751221747272
circle loss,batch_train_loss,169.37893676757812,43,1751221749395
circle loss,batch_train_loss,144.33770751953125,44,1751221751867
circle loss,batch_train_loss,240.72242736816406,45,1751221754144
circle loss,batch_train_loss,155.584716796875,46,1751221756441
circle loss,batch_train_loss,188.6646728515625,47,1751221758857
circle loss,batch_train_loss,183.2171630859375,48,1751221761095
circle loss,batch_train_loss,185.99961853027344,49,1751221763636
circle loss,batch_train_loss,159.88108825683594,50,1751221766068
circle loss,batch_train_loss,156.27255249023438,51,1751221768370
circle loss,batch_train_loss,164.88726806640625,52,1751221770641
circle loss,batch_train_loss,194.3083953857422,53,1751221772813
circle loss,batch_train_loss,189.3883819580078,54,1751221775004
circle loss,batch_train_loss,137.3269805908203,55,1751221777411
circle loss,batch_train_loss,193.4492645263672,56,1751221779701
circle loss,batch_train_loss,186.19422912597656,57,1751221781930
circle loss,batch_train_loss,149.14559936523438,58,1751221784185
circle loss,batch_train_loss,157.24960327148438,59,1751221786537
circle loss,batch_train_loss,168.0106658935547,60,1751221788887
circle loss,batch_train_loss,189.6275177001953,61,1751221791080
circle loss,batch_train_loss,162.7859344482422,62,1751221793349
circle loss,batch_train_loss,161.60833740234375,63,1751221795220
circle loss,batch_train_loss,167.53233337402344,64,1751221796635
circle loss,batch_train_loss,145.7197723388672,65,1751221798030
circle loss,batch_train_loss,164.00936889648438,66,1751221799412
circle loss,batch_train_loss,187.13211059570312,67,1751221800777
circle loss,batch_train_loss,148.2731475830078,68,1751221802403
circle loss,batch_train_loss,200.6048126220703,69,1751221803916
circle loss,batch_train_loss,176.716064453125,70,1751221805293
circle loss,batch_train_loss,153.68019104003906,71,1751221806660
circle loss,batch_train_loss,144.2935791015625,72,1751221808043
circle loss,batch_train_loss,188.63116455078125,73,1751221809460
circle loss,batch_train_loss,183.26588439941406,74,1751221810804
circle loss,batch_train_loss,171.93563842773438,75,1751221812175
circle loss,batch_train_loss,150.47125244140625,76,1751221813614
circle loss,batch_train_loss,161.74203491210938,77,1751221814962
circle loss,batch_train_loss,133.2893829345703,78,1751221816264
circle loss,batch_train_loss,150.47576904296875,79,1751221817557
circle loss,batch_train_loss,172.15789794921875,80,1751221818979
circle loss,batch_train_loss,168.67935180664062,81,1751221820470
circle loss,batch_train_loss,138.33102416992188,82,1751221821853
circle loss,batch_train_loss,193.0126953125,83,1751221823206
circle loss,batch_train_loss,134.8417510986328,84,1751221824543
circle loss,batch_train_loss,175.3350372314453,85,1751221825884
circle loss,batch_train_loss,151.55224609375,86,1751221827367
circle loss,batch_train_loss,154.6256866455078,87,1751221828586
circle loss,batch_train_loss,144.6089324951172,88,1751221845866
circle loss,batch_train_loss,177.2912139892578,89,1751221847223
circle loss,batch_train_loss,180.33436584472656,90,1751221848486
circle loss,batch_train_loss,143.19822692871094,91,1751221849739
circle loss,batch_train_loss,126.97944641113281,92,1751221851004
circle loss,batch_train_loss,168.08580017089844,93,1751221852251
circle loss,batch_train_loss,153.11097717285156,94,1751221853520
circle loss,batch_train_loss,172.30319213867188,95,1751221854901
circle loss,batch_train_loss,161.6678466796875,96,1751221856186
circle loss,batch_train_loss,110.90241241455078,97,1751221857425
circle loss,batch_train_loss,172.3538360595703,98,1751221858661
circle loss,batch_train_loss,201.87413024902344,99,1751221859936
circle loss,batch_train_loss,145.5469970703125,100,1751221861200
circle loss,batch_train_loss,154.33230590820312,101,1751221862455
circle loss,batch_train_loss,176.5914306640625,102,1751221864191
circle loss,batch_train_loss,143.0659942626953,103,1751221865600
circle loss,batch_train_loss,153.4772491455078,104,1751221866852
circle loss,batch_train_loss,142.84584045410156,105,1751221868278
circle loss,batch_train_loss,183.0612335205078,106,1751221869640
circle loss,batch_train_loss,180.18344116210938,107,1751221870902
circle loss,batch_train_loss,146.74072265625,108,1751221872500
circle loss,batch_train_loss,139.843017578125,109,1751221874086
circle loss,batch_train_loss,166.45762634277344,110,1751221875385
circle loss,batch_train_loss,131.8937225341797,111,1751221876664
circle loss,batch_train_loss,174.0055694580078,112,1751221877958
circle loss,batch_train_loss,152.54708862304688,113,1751221879222
circle loss,batch_train_loss,160.3589630126953,114,1751221880457
circle loss,batch_train_loss,163.68722534179688,115,1751221881684
circle loss,batch_train_loss,155.35096740722656,116,1751221882913
circle loss,batch_train_loss,198.95376586914062,117,1751221884190
circle loss,batch_train_loss,147.88014221191406,118,1751221885463
circle loss,batch_train_loss,149.757568359375,119,1751221886706
circle loss,batch_train_loss,147.9508819580078,120,1751221887920
circle loss,batch_train_loss,197.87014770507812,121,1751221889121
circle loss,batch_train_loss,183.5345001220703,122,1751221890321
circle loss,batch_train_loss,141.23292541503906,123,1751221891543
circle loss,batch_train_loss,140.24720764160156,124,1751221892783
circle loss,batch_train_loss,160.08819580078125,125,1751221894559
circle loss,batch_train_loss,163.37277221679688,126,1751221895922
circle loss,batch_train_loss,125.01394653320312,127,1751221897235
circle loss,batch_train_loss,141.9866485595703,128,1751221898573
circle loss,batch_train_loss,131.05381774902344,129,1751221900026
circle loss,batch_train_loss,117.62793731689453,130,1751221901381
circle loss,batch_train_loss,138.16111755371094,131,1751221902640
circle loss,batch_train_loss,120.76738739013672,132,1751221903864
circle loss,batch_train_loss,158.23193359375,133,1751221905073
circle loss,batch_train_loss,192.716552734375,134,1751221906276
circle loss,batch_train_loss,150.4573974609375,135,1751221907563
circle loss,batch_train_loss,155.854248046875,136,1751221908784
circle loss,batch_train_loss,172.2445068359375,137,1751221909988
circle loss,batch_train_loss,120.87762451171875,138,1751221911192
circle loss,batch_train_loss,155.1242218017578,139,1751221912412
circle loss,batch_train_loss,138.05801391601562,140,1751221913631
circle loss,batch_train_loss,198.58151245117188,141,1751221914929
circle loss,batch_train_loss,122.35990142822266,142,1751221916407
circle loss,batch_train_loss,143.61044311523438,143,1751221917699
circle loss,batch_train_loss,134.32894897460938,144,1751221918943
circle loss,batch_train_loss,138.33099365234375,145,1751221920231
circle loss,batch_train_loss,156.07093811035156,146,1751221921447
circle loss,batch_train_loss,144.5089874267578,147,1751221922804
circle loss,batch_train_loss,96.04429626464844,148,1751221924079
circle loss,batch_train_loss,174.72406005859375,149,1751221925308
circle loss,batch_train_loss,139.0178985595703,150,1751221926623
circle loss,batch_train_loss,156.08456420898438,151,1751221927887
circle loss,batch_train_loss,120.13951873779297,152,1751221929193
circle loss,batch_train_loss,171.0889129638672,153,1751221930449
circle loss,batch_train_loss,145.94358825683594,154,1751221931709
circle loss,batch_train_loss,149.90078735351562,155,1751221933243
circle loss,batch_train_loss,129.50404357910156,156,1751221934614
circle loss,batch_train_loss,164.44297790527344,157,1751221935901
circle loss,batch_train_loss,170.1587371826172,158,1751221937322
circle loss,batch_train_loss,178.9176788330078,159,1751221938645
circle loss,batch_train_loss,128.8886260986328,160,1751221939931
circle loss,batch_train_loss,124.24503326416016,161,1751221941230
circle loss,batch_train_loss,128.53335571289062,162,1751221942876
circle loss,batch_train_loss,112.8137435913086,163,1751221944669
circle loss,batch_train_loss,121.72285461425781,164,1751221946592
circle loss,batch_train_loss,129.76394653320312,165,1751221947955
circle loss,batch_train_loss,176.93304443359375,166,1751221949244
circle loss,batch_train_loss,139.25672912597656,167,1751221950760
circle loss,batch_train_loss,189.19540405273438,168,1751221952018
circle loss,batch_train_loss,120.11334228515625,169,1751221953435
circle loss,batch_train_loss,183.9180450439453,170,1751221954817
circle loss,batch_train_loss,110.95911407470703,171,1751221956135
circle loss,batch_train_loss,127.77973937988281,172,1751221957434
circle loss,batch_train_loss,158.96261596679688,173,1751221958737
circle loss,batch_train_loss,153.20069885253906,174,1751221960055
circle loss,batch_train_loss,210.7752227783203,175,1751221960916
circle loss,batch_train_loss,155.41592407226562,176,1751221975905
circle loss,batch_train_loss,177.9871826171875,177,1751221977248
circle loss,batch_train_loss,144.7923126220703,178,1751221978486
circle loss,batch_train_loss,146.650146484375,179,1751221979758
circle loss,batch_train_loss,136.2124481201172,180,1751221981012
circle loss,batch_train_loss,177.18780517578125,181,1751221982386
circle loss,batch_train_loss,144.95297241210938,182,1751221983842
circle loss,batch_train_loss,121.03699493408203,183,1751221985115
circle loss,batch_train_loss,161.9084930419922,184,1751221986344
circle loss,batch_train_loss,110.61295318603516,185,1751221987582
circle loss,batch_train_loss,152.4842987060547,186,1751221988836
circle loss,batch_train_loss,158.2164764404297,187,1751221990064
circle loss,batch_train_loss,131.41796875,188,1751221991324
circle loss,batch_train_loss,153.79444885253906,189,1751221992553
circle loss,batch_train_loss,155.4346923828125,190,1751221993909
circle loss,batch_train_loss,152.84617614746094,191,1751221995239
circle loss,batch_train_loss,154.34280395507812,192,1751221996634
circle loss,batch_train_loss,138.26260375976562,193,1751221998039
circle loss,batch_train_loss,138.31785583496094,194,1751221999581
circle loss,batch_train_loss,150.6636199951172,195,1751222000845
circle loss,batch_train_loss,145.27218627929688,196,1751222002096
circle loss,batch_train_loss,129.53213500976562,197,1751222003352
circle loss,batch_train_loss,119.17076873779297,198,1751222004595
circle loss,batch_train_loss,140.46847534179688,199,1751222006011
circle loss,batch_train_loss,143.51504516601562,200,1751222007343
circle loss,batch_train_loss,143.7169647216797,201,1751222008703
circle loss,batch_train_loss,147.21534729003906,202,1751222010127
circle loss,batch_train_loss,178.28419494628906,203,1751222011595
circle loss,batch_train_loss,135.55357360839844,204,1751222013199
circle loss,batch_train_loss,167.74671936035156,205,1751222014606
circle loss,batch_train_loss,154.3989715576172,206,1751222015866
circle loss,batch_train_loss,117.54268646240234,207,1751222017336
circle loss,batch_train_loss,190.21865844726562,208,1751222018701
circle loss,batch_train_loss,128.42889404296875,209,1751222020016
circle loss,batch_train_loss,132.50357055664062,210,1751222021428
circle loss,batch_train_loss,122.2745132446289,211,1751222022788
circle loss,batch_train_loss,189.55099487304688,212,1751222024102
circle loss,batch_train_loss,119.23423767089844,213,1751222025512
circle loss,batch_train_loss,130.64004516601562,214,1751222026850
circle loss,batch_train_loss,147.5230255126953,215,1751222028092
circle loss,batch_train_loss,125.94720458984375,216,1751222029332
circle loss,batch_train_loss,150.03622436523438,217,1751222030576
circle loss,batch_train_loss,184.84767150878906,218,1751222031911
circle loss,batch_train_loss,124.69609069824219,219,1751222033147
circle loss,batch_train_loss,119.7974853515625,220,1751222034422
circle loss,batch_train_loss,129.25396728515625,221,1751222035722
circle loss,batch_train_loss,149.34225463867188,222,1751222037020
circle loss,batch_train_loss,135.083984375,223,1751222038280
circle loss,batch_train_loss,107.05374908447266,224,1751222039593
circle loss,batch_train_loss,144.72389221191406,225,1751222040840
circle loss,batch_train_loss,188.95901489257812,226,1751222042127
circle loss,batch_train_loss,137.22425842285156,227,1751222043473
circle loss,batch_train_loss,153.972412109375,228,1751222044726
circle loss,batch_train_loss,156.32516479492188,229,1751222045968
circle loss,batch_train_loss,117.83982849121094,230,1751222047283
circle loss,batch_train_loss,174.37197875976562,231,1751222048580
circle loss,batch_train_loss,202.58010864257812,232,1751222049817
circle loss,batch_train_loss,116.26426696777344,233,1751222051165
circle loss,batch_train_loss,105.37920379638672,234,1751222052470
circle loss,batch_train_loss,109.95645141601562,235,1751222053726
circle loss,batch_train_loss,142.2138671875,236,1751222054931
circle loss,batch_train_loss,151.1544189453125,237,1751222056157
circle loss,batch_train_loss,147.94216918945312,238,1751222057399
circle loss,batch_train_loss,122.83503723144531,239,1751222058598
circle loss,batch_train_loss,140.0498046875,240,1751222059819
circle loss,batch_train_loss,127.25296020507812,241,1751222061012
circle loss,batch_train_loss,133.1848907470703,242,1751222062224
circle loss,batch_train_loss,122.20038604736328,243,1751222063424
circle loss,batch_train_loss,123.24949645996094,244,1751222064693
circle loss,batch_train_loss,132.90953063964844,245,1751222065907
circle loss,batch_train_loss,123.69916534423828,246,1751222067324
circle loss,batch_train_loss,143.34796142578125,247,1751222068608
circle loss,batch_train_loss,147.54458618164062,248,1751222069887
circle loss,batch_train_loss,109.72290802001953,249,1751222071235
circle loss,batch_train_loss,143.91477966308594,250,1751222072539
circle loss,batch_train_loss,134.9031219482422,251,1751222074045
circle loss,batch_train_loss,104.0689926147461,252,1751222076123
circle loss,batch_train_loss,124.28177642822266,253,1751222078020
circle loss,batch_train_loss,123.34247589111328,254,1751222079906
circle loss,batch_train_loss,129.36073303222656,255,1751222081872
circle loss,batch_train_loss,98.12798309326172,256,1751222083839
circle loss,batch_train_loss,160.0121612548828,257,1751222085613
circle loss,batch_train_loss,146.3375244140625,258,1751222087554
circle loss,batch_train_loss,118.24868774414062,259,1751222089311
circle loss,batch_train_loss,131.58108520507812,260,1751222090607
circle loss,batch_train_loss,132.4392547607422,261,1751222092081
circle loss,batch_train_loss,106.46099853515625,262,1751222093737
circle loss,batch_train_loss,115.09902954101562,263,1751222094939
circle loss,batch_train_loss,156.706787109375,264,1751222109397
circle loss,batch_train_loss,129.36111450195312,265,1751222110673
circle loss,batch_train_loss,110.36546325683594,266,1751222111940
circle loss,batch_train_loss,117.4397201538086,267,1751222113217
circle loss,batch_train_loss,126.56636047363281,268,1751222114507
circle loss,batch_train_loss,136.96994018554688,269,1751222115762
circle loss,batch_train_loss,134.77894592285156,270,1751222117045
circle loss,batch_train_loss,150.72232055664062,271,1751222118326
circle loss,batch_train_loss,138.24855041503906,272,1751222119652
circle loss,batch_train_loss,146.43592834472656,273,1751222121029
circle loss,batch_train_loss,133.18801879882812,274,1751222122296
circle loss,batch_train_loss,146.64512634277344,275,1751222123553
circle loss,batch_train_loss,151.6522216796875,276,1751222124818
circle loss,batch_train_loss,125.61521911621094,277,1751222126086
circle loss,batch_train_loss,113.07914733886719,278,1751222127344
circle loss,batch_train_loss,126.7421875,279,1751222128567
circle loss,batch_train_loss,152.67709350585938,280,1751222129800
circle loss,batch_train_loss,125.13833618164062,281,1751222131017
circle loss,batch_train_loss,113.13322448730469,282,1751222132234
circle loss,batch_train_loss,137.58096313476562,283,1751222133483
circle loss,batch_train_loss,130.73782348632812,284,1751222134776
circle loss,batch_train_loss,126.4233627319336,285,1751222136029
circle loss,batch_train_loss,131.85333251953125,286,1751222137309
circle loss,batch_train_loss,153.66986083984375,287,1751222138599
circle loss,batch_train_loss,119.73438262939453,288,1751222139939
circle loss,batch_train_loss,148.2405548095703,289,1751222141231
circle loss,batch_train_loss,133.16444396972656,290,1751222142544
circle loss,batch_train_loss,146.02603149414062,291,1751222143783
circle loss,batch_train_loss,126.31350708007812,292,1751222145421
circle loss,batch_train_loss,154.75575256347656,293,1751222146855
circle loss,batch_train_loss,97.67145538330078,294,1751222148325
circle loss,batch_train_loss,150.93133544921875,295,1751222149858
circle loss,batch_train_loss,135.65859985351562,296,1751222151198
circle loss,batch_train_loss,118.23299407958984,297,1751222152460
circle loss,batch_train_loss,145.3995361328125,298,1751222153796
circle loss,batch_train_loss,104.70274353027344,299,1751222155052
circle loss,batch_train_loss,130.12161254882812,300,1751222156333
circle loss,batch_train_loss,157.391845703125,301,1751222158148
circle loss,batch_train_loss,117.55626678466797,302,1751222160438
circle loss,batch_train_loss,110.69013214111328,303,1751222162058
circle loss,batch_train_loss,112.06066131591797,304,1751222163355
circle loss,batch_train_loss,129.13291931152344,305,1751222164712
circle loss,batch_train_loss,143.19989013671875,306,1751222166316
circle loss,batch_train_loss,124.7339859008789,307,1751222167695
circle loss,batch_train_loss,109.19689178466797,308,1751222169013
circle loss,batch_train_loss,134.99728393554688,309,1751222170649
circle loss,batch_train_loss,113.9542465209961,310,1751222172051
circle loss,batch_train_loss,122.24256896972656,311,1751222173568
circle loss,batch_train_loss,177.41110229492188,312,1751222174908
circle loss,batch_train_loss,130.30397033691406,313,1751222176345
circle loss,batch_train_loss,136.59002685546875,314,1751222177655
circle loss,batch_train_loss,102.73820495605469,315,1751222179038
circle loss,batch_train_loss,144.51173400878906,316,1751222180393
circle loss,batch_train_loss,115.40208435058594,317,1751222181868
circle loss,batch_train_loss,165.88987731933594,318,1751222183277
circle loss,batch_train_loss,165.443603515625,319,1751222184676
circle loss,batch_train_loss,101.37239837646484,320,1751222186117
circle loss,batch_train_loss,112.46359252929688,321,1751222187426
circle loss,batch_train_loss,128.90660095214844,322,1751222188845
circle loss,batch_train_loss,140.79917907714844,323,1751222190259
circle loss,batch_train_loss,130.72744750976562,324,1751222191631
circle loss,batch_train_loss,141.35720825195312,325,1751222193138
circle loss,batch_train_loss,115.82076263427734,326,1751222194503
circle loss,batch_train_loss,107.30917358398438,327,1751222195853
circle loss,batch_train_loss,129.7185516357422,328,1751222197210
circle loss,batch_train_loss,164.11964416503906,329,1751222198628
circle loss,batch_train_loss,123.78001403808594,330,1751222199908
circle loss,batch_train_loss,113.04622650146484,331,1751222201163
circle loss,batch_train_loss,162.17852783203125,332,1751222202412
circle loss,batch_train_loss,131.72586059570312,333,1751222203867
circle loss,batch_train_loss,122.87814331054688,334,1751222205259
circle loss,batch_train_loss,121.71504974365234,335,1751222206587
circle loss,batch_train_loss,136.79376220703125,336,1751222208103
circle loss,batch_train_loss,131.26907348632812,337,1751222209585
circle loss,batch_train_loss,105.1796646118164,338,1751222211086
circle loss,batch_train_loss,139.839599609375,339,1751222212820
circle loss,batch_train_loss,162.16893005371094,340,1751222214354
circle loss,batch_train_loss,164.90963745117188,341,1751222215796
circle loss,batch_train_loss,128.04275512695312,342,1751222217207
circle loss,batch_train_loss,115.19657135009766,343,1751222218569
circle loss,batch_train_loss,145.78436279296875,344,1751222219966
circle loss,batch_train_loss,90.84129333496094,345,1751222221289
circle loss,batch_train_loss,109.8393783569336,346,1751222222568
circle loss,batch_train_loss,133.43804931640625,347,1751222223897
circle loss,batch_train_loss,102.517578125,348,1751222225161
circle loss,batch_train_loss,115.62673950195312,349,1751222226606
circle loss,batch_train_loss,113.16434478759766,350,1751222228232
circle loss,batch_train_loss,96.75719451904297,351,1751222229198
circle loss,batch_train_loss,158.29397583007812,352,1751222244374
circle loss,batch_train_loss,159.8693084716797,353,1751222245669
circle loss,batch_train_loss,133.9904022216797,354,1751222246937
circle loss,batch_train_loss,108.00830078125,355,1751222248259
circle loss,batch_train_loss,111.80675506591797,356,1751222249578
circle loss,batch_train_loss,100.53602600097656,357,1751222250842
circle loss,batch_train_loss,138.75599670410156,358,1751222252135
circle loss,batch_train_loss,109.13142395019531,359,1751222253387
circle loss,batch_train_loss,125.81840515136719,360,1751222254603
circle loss,batch_train_loss,128.1936798095703,361,1751222255944
circle loss,batch_train_loss,123.95465087890625,362,1751222257205
circle loss,batch_train_loss,116.08729553222656,363,1751222258443
circle loss,batch_train_loss,118.25764465332031,364,1751222259662
circle loss,batch_train_loss,121.10083770751953,365,1751222260886
circle loss,batch_train_loss,114.15677642822266,366,1751222262165
circle loss,batch_train_loss,107.7744140625,367,1751222263393
circle loss,batch_train_loss,140.36956787109375,368,1751222264613
circle loss,batch_train_loss,143.85157775878906,369,1751222265858
circle loss,batch_train_loss,121.8299789428711,370,1751222267082
circle loss,batch_train_loss,155.77215576171875,371,1751222268281
circle loss,batch_train_loss,108.7066650390625,372,1751222269631
circle loss,batch_train_loss,130.0355987548828,373,1751222270846
circle loss,batch_train_loss,102.79236602783203,374,1751222272184
circle loss,batch_train_loss,110.42877197265625,375,1751222273455
circle loss,batch_train_loss,141.76693725585938,376,1751222274802
circle loss,batch_train_loss,95.85205841064453,377,1751222276223
circle loss,batch_train_loss,136.39608764648438,378,1751222277709
circle loss,batch_train_loss,126.91043853759766,379,1751222279063
circle loss,batch_train_loss,96.53880310058594,380,1751222280482
circle loss,batch_train_loss,128.14512634277344,381,1751222281800
circle loss,batch_train_loss,101.05293273925781,382,1751222283286
circle loss,batch_train_loss,115.73511505126953,383,1751222284835
circle loss,batch_train_loss,122.5380859375,384,1751222286176
circle loss,batch_train_loss,104.01348114013672,385,1751222287515
circle loss,batch_train_loss,117.09262084960938,386,1751222288757
circle loss,batch_train_loss,147.5319061279297,387,1751222290033
circle loss,batch_train_loss,135.37789916992188,388,1751222291301
circle loss,batch_train_loss,118.6397476196289,389,1751222292748
circle loss,batch_train_loss,95.55908203125,390,1751222293974
circle loss,batch_train_loss,91.45504760742188,391,1751222295223
circle loss,batch_train_loss,131.3569793701172,392,1751222296467
circle loss,batch_train_loss,125.09261322021484,393,1751222297769
circle loss,batch_train_loss,135.24539184570312,394,1751222299045
circle loss,batch_train_loss,121.41106414794922,395,1751222300461
circle loss,batch_train_loss,109.62985229492188,396,1751222301970
circle loss,batch_train_loss,120.03187561035156,397,1751222303329
circle loss,batch_train_loss,111.06352233886719,398,1751222304647
circle loss,batch_train_loss,111.36862182617188,399,1751222305925
circle loss,batch_train_loss,131.50662231445312,400,1751222307248
circle loss,batch_train_loss,95.23601531982422,401,1751222308855
circle loss,batch_train_loss,122.05321502685547,402,1751222310448
circle loss,batch_train_loss,98.61861419677734,403,1751222311830
circle loss,batch_train_loss,107.90962219238281,404,1751222313124
circle loss,batch_train_loss,93.8962631225586,405,1751222314749
circle loss,batch_train_loss,103.3251953125,406,1751222316116
circle loss,batch_train_loss,104.03504180908203,407,1751222317942
circle loss,batch_train_loss,130.4897918701172,408,1751222320219
circle loss,batch_train_loss,120.38204193115234,409,1751222322016
circle loss,batch_train_loss,112.2109375,410,1751222323985
circle loss,batch_train_loss,124.36089324951172,411,1751222326438
circle loss,batch_train_loss,105.86903381347656,412,1751222328419
circle loss,batch_train_loss,128.0140380859375,413,1751222330151
circle loss,batch_train_loss,120.86698150634766,414,1751222331566
circle loss,batch_train_loss,89.90916442871094,415,1751222332918
circle loss,batch_train_loss,135.5260467529297,416,1751222334229
circle loss,batch_train_loss,101.70182800292969,417,1751222335519
circle loss,batch_train_loss,112.72161865234375,418,1751222336778
circle loss,batch_train_loss,100.90277099609375,419,1751222338087
circle loss,batch_train_loss,129.86032104492188,420,1751222339355
circle loss,batch_train_loss,136.41256713867188,421,1751222340609
circle loss,batch_train_loss,119.47454833984375,422,1751222341878
circle loss,batch_train_loss,130.4183807373047,423,1751222343295
circle loss,batch_train_loss,143.37596130371094,424,1751222344567
circle loss,batch_train_loss,119.83655548095703,425,1751222345815
circle loss,batch_train_loss,117.95208740234375,426,1751222347063
circle loss,batch_train_loss,120.36226654052734,427,1751222348320
circle loss,batch_train_loss,93.89300537109375,428,1751222349537
circle loss,batch_train_loss,114.07866668701172,429,1751222350809
circle loss,batch_train_loss,117.71342468261719,430,1751222352064
circle loss,batch_train_loss,73.87395477294922,431,1751222353309
circle loss,batch_train_loss,152.2442169189453,432,1751222354680
circle loss,batch_train_loss,109.16281127929688,433,1751222355957
circle loss,batch_train_loss,110.34003448486328,434,1751222357230
circle loss,batch_train_loss,141.2003936767578,435,1751222358501
circle loss,batch_train_loss,101.0554428100586,436,1751222359712
circle loss,batch_train_loss,135.88536071777344,437,1751222360923
circle loss,batch_train_loss,153.46725463867188,438,1751222362149
circle loss,batch_train_loss,119.46192932128906,439,1751222362972
circle loss,batch_train_loss,136.50436401367188,440,1751222376717
circle loss,batch_train_loss,122.55050659179688,441,1751222377980
circle loss,batch_train_loss,122.98941802978516,442,1751222379198
circle loss,batch_train_loss,134.68824768066406,443,1751222380428
circle loss,batch_train_loss,90.0658950805664,444,1751222381672
circle loss,batch_train_loss,129.73382568359375,445,1751222382871
circle loss,batch_train_loss,125.48391723632812,446,1751222384058
circle loss,batch_train_loss,96.19800567626953,447,1751222385260
circle loss,batch_train_loss,120.91044616699219,448,1751222386478
circle loss,batch_train_loss,109.91140747070312,449,1751222387813
circle loss,batch_train_loss,112.36837768554688,450,1751222389221
circle loss,batch_train_loss,146.9779510498047,451,1751222390472
circle loss,batch_train_loss,143.8350372314453,452,1751222391740
circle loss,batch_train_loss,141.22161865234375,453,1751222392940
circle loss,batch_train_loss,98.49357604980469,454,1751222394125
circle loss,batch_train_loss,131.35415649414062,455,1751222395316
circle loss,batch_train_loss,91.97962188720703,456,1751222396505
circle loss,batch_train_loss,114.42977142333984,457,1751222397713
circle loss,batch_train_loss,129.22238159179688,458,1751222398982
circle loss,batch_train_loss,138.99789428710938,459,1751222400163
circle loss,batch_train_loss,109.58793640136719,460,1751222401357
circle loss,batch_train_loss,137.69322204589844,461,1751222402566
circle loss,batch_train_loss,118.080078125,462,1751222403741
circle loss,batch_train_loss,132.93382263183594,463,1751222404918
circle loss,batch_train_loss,95.55490112304688,464,1751222406088
circle loss,batch_train_loss,119.19673919677734,465,1751222407270
circle loss,batch_train_loss,117.24566650390625,466,1751222408447
circle loss,batch_train_loss,150.87644958496094,467,1751222409615
circle loss,batch_train_loss,105.72950744628906,468,1751222410785
circle loss,batch_train_loss,123.00514221191406,469,1751222412031
circle loss,batch_train_loss,125.41253662109375,470,1751222413219
circle loss,batch_train_loss,86.5808334350586,471,1751222414400
circle loss,batch_train_loss,127.79472351074219,472,1751222415574
circle loss,batch_train_loss,122.58040618896484,473,1751222416772
circle loss,batch_train_loss,109.38237762451172,474,1751222417996
circle loss,batch_train_loss,109.28453826904297,475,1751222419216
circle loss,batch_train_loss,115.6007308959961,476,1751222421156
circle loss,batch_train_loss,141.61239624023438,477,1751222423035
circle loss,batch_train_loss,126.12745666503906,478,1751222424746
circle loss,batch_train_loss,80.13223266601562,479,1751222426691
circle loss,batch_train_loss,117.08208465576172,480,1751222428882
circle loss,batch_train_loss,128.6023712158203,481,1751222430765
circle loss,batch_train_loss,109.01011657714844,482,1751222432479
circle loss,batch_train_loss,161.1049346923828,483,1751222433934
circle loss,batch_train_loss,132.0341033935547,484,1751222435180
circle loss,batch_train_loss,92.68505859375,485,1751222436386
circle loss,batch_train_loss,80.8655776977539,486,1751222437597
circle loss,batch_train_loss,127.09272766113281,487,1751222438804
circle loss,batch_train_loss,116.1768798828125,488,1751222440008
circle loss,batch_train_loss,91.53839874267578,489,1751222441207
circle loss,batch_train_loss,104.45218658447266,490,1751222442405
circle loss,batch_train_loss,103.73236083984375,491,1751222443624
circle loss,batch_train_loss,91.69844055175781,492,1751222444819
circle loss,batch_train_loss,114.9400863647461,493,1751222446008
circle loss,batch_train_loss,121.80574035644531,494,1751222447288
circle loss,batch_train_loss,129.9923858642578,495,1751222448518
circle loss,batch_train_loss,105.1445083618164,496,1751222449713
circle loss,batch_train_loss,112.44035339355469,497,1751222450959
circle loss,batch_train_loss,129.99916076660156,498,1751222452221
circle loss,batch_train_loss,125.07801818847656,499,1751222453599
circle loss,batch_train_loss,124.99750518798828,500,1751222454910
circle loss,batch_train_loss,162.435791015625,501,1751222456408
circle loss,batch_train_loss,112.31195831298828,502,1751222458466
circle loss,batch_train_loss,119.81631469726562,503,1751222460388
circle loss,batch_train_loss,123.38019561767578,504,1751222462165
circle loss,batch_train_loss,99.49784088134766,505,1751222463811
circle loss,batch_train_loss,142.87034606933594,506,1751222465143
circle loss,batch_train_loss,114.9471435546875,507,1751222466392
circle loss,batch_train_loss,135.7091827392578,508,1751222467607
circle loss,batch_train_loss,112.67394256591797,509,1751222468839
circle loss,batch_train_loss,71.1004867553711,510,1751222470050
circle loss,batch_train_loss,79.1178970336914,511,1751222471254
circle loss,batch_train_loss,98.06301879882812,512,1751222472452
circle loss,batch_train_loss,125.41632080078125,513,1751222473680
circle loss,batch_train_loss,102.69053649902344,514,1751222474877
circle loss,batch_train_loss,81.9902572631836,515,1751222476161
circle loss,batch_train_loss,103.98747253417969,516,1751222477356
circle loss,batch_train_loss,109.58543395996094,517,1751222478584
circle loss,batch_train_loss,118.94403076171875,518,1751222479783
circle loss,batch_train_loss,113.67081451416016,519,1751222480978
circle loss,batch_train_loss,104.96122741699219,520,1751222482171
circle loss,batch_train_loss,119.78182983398438,521,1751222483388
circle loss,batch_train_loss,128.63963317871094,522,1751222484600
circle loss,batch_train_loss,82.76119232177734,523,1751222485794
circle loss,batch_train_loss,94.85216522216797,524,1751222486989
circle loss,batch_train_loss,94.69049835205078,525,1751222488193
circle loss,batch_train_loss,145.18247985839844,526,1751222489464
circle loss,batch_train_loss,100.86547088623047,527,1751222490258
circle loss,batch_train_loss,150.3917999267578,528,1751222503757
circle loss,batch_train_loss,114.02135467529297,529,1751222504995
circle loss,batch_train_loss,92.83000946044922,530,1751222506181
circle loss,batch_train_loss,102.83094787597656,531,1751222507369
circle loss,batch_train_loss,107.3593521118164,532,1751222508549
circle loss,batch_train_loss,111.87174224853516,533,1751222509743
circle loss,batch_train_loss,144.01736450195312,534,1751222510927
circle loss,batch_train_loss,114.39689636230469,535,1751222512103
circle loss,batch_train_loss,100.32586669921875,536,1751222513282
circle loss,batch_train_loss,125.80729675292969,537,1751222514486
circle loss,batch_train_loss,92.40824127197266,538,1751222515665
circle loss,batch_train_loss,114.18904113769531,539,1751222516932
circle loss,batch_train_loss,114.80614471435547,540,1751222518105
circle loss,batch_train_loss,106.5554428100586,541,1751222519291
circle loss,batch_train_loss,148.0730743408203,542,1751222520500
circle loss,batch_train_loss,120.98294067382812,543,1751222521676
circle loss,batch_train_loss,110.36407470703125,544,1751222522846
circle loss,batch_train_loss,138.28265380859375,545,1751222524049
circle loss,batch_train_loss,94.62676239013672,546,1751222525337
circle loss,batch_train_loss,124.72953796386719,547,1751222526663
circle loss,batch_train_loss,113.08619689941406,548,1751222528131
circle loss,batch_train_loss,91.2245864868164,549,1751222529410
circle loss,batch_train_loss,93.87801361083984,550,1751222530619
circle loss,batch_train_loss,106.24058532714844,551,1751222531841
circle loss,batch_train_loss,118.72413635253906,552,1751222533074
circle loss,batch_train_loss,104.2681655883789,553,1751222534310
circle loss,batch_train_loss,104.13378143310547,554,1751222535522
circle loss,batch_train_loss,112.76490020751953,555,1751222536702
circle loss,batch_train_loss,95.3501205444336,556,1751222537896
circle loss,batch_train_loss,112.15323638916016,557,1751222539325
circle loss,batch_train_loss,117.85997772216797,558,1751222540605
circle loss,batch_train_loss,102.81759643554688,559,1751222541855
circle loss,batch_train_loss,113.82234954833984,560,1751222543058
circle loss,batch_train_loss,98.502685546875,561,1751222544285
circle loss,batch_train_loss,109.04769134521484,562,1751222545490
circle loss,batch_train_loss,99.5268783569336,563,1751222546697
circle loss,batch_train_loss,142.39186096191406,564,1751222547946
circle loss,batch_train_loss,122.04817962646484,565,1751222549466
circle loss,batch_train_loss,123.99987030029297,566,1751222550710
circle loss,batch_train_loss,111.4932861328125,567,1751222552112
circle loss,batch_train_loss,105.80805206298828,568,1751222553936
circle loss,batch_train_loss,84.78814697265625,569,1751222555716
circle loss,batch_train_loss,122.48811340332031,570,1751222556954
circle loss,batch_train_loss,145.27902221679688,571,1751222558205
circle loss,batch_train_loss,109.33763885498047,572,1751222559423
circle loss,batch_train_loss,118.80450439453125,573,1751222560641
circle loss,batch_train_loss,111.6441421508789,574,1751222561880
circle loss,batch_train_loss,123.8221206665039,575,1751222563087
circle loss,batch_train_loss,143.88343811035156,576,1751222564318
circle loss,batch_train_loss,131.924560546875,577,1751222565605
circle loss,batch_train_loss,124.67119598388672,578,1751222567145
circle loss,batch_train_loss,142.15084838867188,579,1751222568715
circle loss,batch_train_loss,106.2971420288086,580,1751222569975
circle loss,batch_train_loss,114.72093200683594,581,1751222571212
circle loss,batch_train_loss,131.18792724609375,582,1751222572475
circle loss,batch_train_loss,133.29666137695312,583,1751222573834
circle loss,batch_train_loss,106.56305694580078,584,1751222575128
circle loss,batch_train_loss,160.2129669189453,585,1751222577213
circle loss,batch_train_loss,131.7245635986328,586,1751222578517
circle loss,batch_train_loss,105.13446044921875,587,1751222579735
circle loss,batch_train_loss,111.38419342041016,588,1751222580941
circle loss,batch_train_loss,90.46256256103516,589,1751222582148
circle loss,batch_train_loss,126.09364318847656,590,1751222583356
circle loss,batch_train_loss,112.12239837646484,591,1751222584561
circle loss,batch_train_loss,82.98397064208984,592,1751222585931
circle loss,batch_train_loss,107.88816833496094,593,1751222587205
circle loss,batch_train_loss,114.07643127441406,594,1751222588632
circle loss,batch_train_loss,106.87893676757812,595,1751222589914
circle loss,batch_train_loss,101.12456512451172,596,1751222591243
circle loss,batch_train_loss,111.2131118774414,597,1751222592628
circle loss,batch_train_loss,102.21176147460938,598,1751222594141
circle loss,batch_train_loss,112.40502166748047,599,1751222595938
circle loss,batch_train_loss,87.87298583984375,600,1751222597559
circle loss,batch_train_loss,112.8145980834961,601,1751222598845
circle loss,batch_train_loss,105.86248779296875,602,1751222600190
circle loss,batch_train_loss,112.07347106933594,603,1751222601537
circle loss,batch_train_loss,100.01934814453125,604,1751222602874
circle loss,batch_train_loss,117.43075561523438,605,1751222604244
circle loss,batch_train_loss,106.02730560302734,606,1751222605488
circle loss,batch_train_loss,100.15998077392578,607,1751222606739
circle loss,batch_train_loss,110.18115234375,608,1751222608629
circle loss,batch_train_loss,96.04800415039062,609,1751222610094
circle loss,batch_train_loss,96.0560302734375,610,1751222611363
circle loss,batch_train_loss,128.784912109375,611,1751222612899
circle loss,batch_train_loss,108.4975357055664,612,1751222614239
circle loss,batch_train_loss,100.87770080566406,613,1751222615512
circle loss,batch_train_loss,100.75592041015625,614,1751222616764
circle loss,batch_train_loss,92.92642974853516,615,1751222617606
circle loss,batch_train_loss,97.97699737548828,616,1751222633003
circle loss,batch_train_loss,122.38475036621094,617,1751222634281
circle loss,batch_train_loss,94.8298568725586,618,1751222635522
circle loss,batch_train_loss,100.4022216796875,619,1751222636752
circle loss,batch_train_loss,117.95779418945312,620,1751222637984
circle loss,batch_train_loss,89.61971282958984,621,1751222639205
circle loss,batch_train_loss,167.62301635742188,622,1751222640445
circle loss,batch_train_loss,102.19602966308594,623,1751222641676
circle loss,batch_train_loss,111.4371109008789,624,1751222642905
circle loss,batch_train_loss,71.26587677001953,625,1751222644142
circle loss,batch_train_loss,112.27730560302734,626,1751222645369
circle loss,batch_train_loss,133.4827423095703,627,1751222646721
circle loss,batch_train_loss,115.15769958496094,628,1751222647956
circle loss,batch_train_loss,94.42257690429688,629,1751222649178
circle loss,batch_train_loss,106.8950424194336,630,1751222650400
circle loss,batch_train_loss,85.25297546386719,631,1751222651626
circle loss,batch_train_loss,87.21869659423828,632,1751222652844
circle loss,batch_train_loss,118.18485260009766,633,1751222654059
circle loss,batch_train_loss,96.25056457519531,634,1751222655272
circle loss,batch_train_loss,80.74628448486328,635,1751222656476
circle loss,batch_train_loss,124.26483917236328,636,1751222657701
circle loss,batch_train_loss,106.3080062866211,637,1751222658904
circle loss,batch_train_loss,107.63469696044922,638,1751222660109
circle loss,batch_train_loss,78.70667266845703,639,1751222661507
circle loss,batch_train_loss,111.7293930053711,640,1751222662736
circle loss,batch_train_loss,144.1581268310547,641,1751222663952
circle loss,batch_train_loss,118.82676696777344,642,1751222665155
circle loss,batch_train_loss,91.5404052734375,643,1751222666363
circle loss,batch_train_loss,82.45454406738281,644,1751222667560
circle loss,batch_train_loss,96.70072937011719,645,1751222668759
circle loss,batch_train_loss,92.3924789428711,646,1751222669957
circle loss,batch_train_loss,108.89315795898438,647,1751222671153
circle loss,batch_train_loss,130.1815948486328,648,1751222672347
circle loss,batch_train_loss,84.40449523925781,649,1751222673538
circle loss,batch_train_loss,113.07434844970703,650,1751222674749
circle loss,batch_train_loss,104.37284088134766,651,1751222676051
circle loss,batch_train_loss,91.32611846923828,652,1751222677297
circle loss,batch_train_loss,97.5704345703125,653,1751222678549
circle loss,batch_train_loss,121.5626449584961,654,1751222679740
circle loss,batch_train_loss,160.65223693847656,655,1751222680936
circle loss,batch_train_loss,162.606689453125,656,1751222682173
circle loss,batch_train_loss,111.42639923095703,657,1751222683543
circle loss,batch_train_loss,118.2507095336914,658,1751222684774
circle loss,batch_train_loss,112.9427719116211,659,1751222686052
circle loss,batch_train_loss,128.33316040039062,660,1751222687414
circle loss,batch_train_loss,114.90206909179688,661,1751222688908
circle loss,batch_train_loss,108.44136810302734,662,1751222690166
circle loss,batch_train_loss,135.2982940673828,663,1751222691495
circle loss,batch_train_loss,93.80128479003906,664,1751222692824
circle loss,batch_train_loss,112.05941772460938,665,1751222694052
circle loss,batch_train_loss,88.65325164794922,666,1751222695308
circle loss,batch_train_loss,112.18153381347656,667,1751222696543
circle loss,batch_train_loss,103.1460189819336,668,1751222697842
circle loss,batch_train_loss,92.8034896850586,669,1751222699200
circle loss,batch_train_loss,107.7264633178711,670,1751222700449
circle loss,batch_train_loss,95.10781860351562,671,1751222702077
circle loss,batch_train_loss,114.97037506103516,672,1751222703375
circle loss,batch_train_loss,103.92559814453125,673,1751222704623
circle loss,batch_train_loss,110.08064270019531,674,1751222705887
circle loss,batch_train_loss,91.0112075805664,675,1751222707123
circle loss,batch_train_loss,91.31140899658203,676,1751222708372
circle loss,batch_train_loss,79.93350982666016,677,1751222709635
circle loss,batch_train_loss,90.80307006835938,678,1751222710925
circle loss,batch_train_loss,129.9868927001953,679,1751222712168
circle loss,batch_train_loss,107.69863891601562,680,1751222713414
circle loss,batch_train_loss,106.87605285644531,681,1751222714682
circle loss,batch_train_loss,113.89384460449219,682,1751222716012
circle loss,batch_train_loss,77.93859100341797,683,1751222717560
circle loss,batch_train_loss,142.0118408203125,684,1751222718963
circle loss,batch_train_loss,86.15264129638672,685,1751222720349
circle loss,batch_train_loss,104.99983978271484,686,1751222721715
circle loss,batch_train_loss,87.20932006835938,687,1751222723089
circle loss,batch_train_loss,107.93543243408203,688,1751222724484
circle loss,batch_train_loss,105.6781997680664,689,1751222725895
circle loss,batch_train_loss,149.84542846679688,690,1751222727409
circle loss,batch_train_loss,106.52984619140625,691,1751222728873
circle loss,batch_train_loss,93.53431701660156,692,1751222730340
circle loss,batch_train_loss,103.19963073730469,693,1751222731781
circle loss,batch_train_loss,106.0272445678711,694,1751222733224
circle loss,batch_train_loss,104.9711685180664,695,1751222734949
circle loss,batch_train_loss,122.0820083618164,696,1751222736417
circle loss,batch_train_loss,103.10893249511719,697,1751222737868
circle loss,batch_train_loss,105.50402069091797,698,1751222739329
circle loss,batch_train_loss,91.59979248046875,699,1751222740670
circle loss,batch_train_loss,92.73880004882812,700,1751222741972
circle loss,batch_train_loss,95.53871154785156,701,1751222743329
circle loss,batch_train_loss,123.77459716796875,702,1751222744653
circle loss,batch_train_loss,111.68463897705078,703,1751222745507
circle loss,batch_train_loss,105.2535629272461,704,1751222762568
circle loss,batch_train_loss,91.2896957397461,705,1751222763910
circle loss,batch_train_loss,62.819393157958984,706,1751222765192
circle loss,batch_train_loss,90.77365112304688,707,1751222766515
circle loss,batch_train_loss,66.0018310546875,708,1751222767834
circle loss,batch_train_loss,97.08963775634766,709,1751222769122
circle loss,batch_train_loss,113.46177673339844,710,1751222770418
circle loss,batch_train_loss,127.02476501464844,711,1751222771937
circle loss,batch_train_loss,139.6055145263672,712,1751222773288
circle loss,batch_train_loss,102.12611389160156,713,1751222774594
circle loss,batch_train_loss,122.24337005615234,714,1751222776122
circle loss,batch_train_loss,114.984130859375,715,1751222777437
circle loss,batch_train_loss,95.05135345458984,716,1751222778707
circle loss,batch_train_loss,135.70701599121094,717,1751222780392
circle loss,batch_train_loss,85.12540435791016,718,1751222781693
circle loss,batch_train_loss,109.29532623291016,719,1751222783059
circle loss,batch_train_loss,104.27928161621094,720,1751222784354
circle loss,batch_train_loss,81.72633361816406,721,1751222786620
circle loss,batch_train_loss,125.9368667602539,722,1751222789286
circle loss,batch_train_loss,99.68226623535156,723,1751222791924
circle loss,batch_train_loss,117.10810089111328,724,1751222794528
circle loss,batch_train_loss,98.1776351928711,725,1751222797062
circle loss,batch_train_loss,103.289794921875,726,1751222799609
circle loss,batch_train_loss,114.11898040771484,727,1751222802113
circle loss,batch_train_loss,112.683837890625,728,1751222804585
circle loss,batch_train_loss,86.52416229248047,729,1751222807044
circle loss,batch_train_loss,133.83792114257812,730,1751222809630
circle loss,batch_train_loss,85.29987335205078,731,1751222812123
circle loss,batch_train_loss,103.9293212890625,732,1751222814587
circle loss,batch_train_loss,106.44221496582031,733,1751222817013
circle loss,batch_train_loss,87.1597671508789,734,1751222819458
circle loss,batch_train_loss,138.38983154296875,735,1751222821885
circle loss,batch_train_loss,94.98445892333984,736,1751222824355
circle loss,batch_train_loss,83.6189956665039,737,1751222826830
circle loss,batch_train_loss,103.84143829345703,738,1751222829299
circle loss,batch_train_loss,117.33106231689453,739,1751222831900
circle loss,batch_train_loss,108.80419921875,740,1751222834395
circle loss,batch_train_loss,116.86988067626953,741,1751222836906
circle loss,batch_train_loss,108.36536407470703,742,1751222839432
circle loss,batch_train_loss,94.26746368408203,743,1751222841927
circle loss,batch_train_loss,147.28033447265625,744,1751222844453
circle loss,batch_train_loss,99.80584716796875,745,1751222846946
circle loss,batch_train_loss,101.93619537353516,746,1751222849454
circle loss,batch_train_loss,84.85663604736328,747,1751222851958
circle loss,batch_train_loss,103.60321044921875,748,1751222854496
circle loss,batch_train_loss,96.02264404296875,749,1751222857145
circle loss,batch_train_loss,99.72295379638672,750,1751222859331
circle loss,batch_train_loss,96.1781005859375,751,1751222860807
circle loss,batch_train_loss,104.90702819824219,752,1751222862152
circle loss,batch_train_loss,105.21969604492188,753,1751222863507
circle loss,batch_train_loss,102.90238189697266,754,1751222864833
circle loss,batch_train_loss,61.594852447509766,755,1751222866148
circle loss,batch_train_loss,100.18058013916016,756,1751222867748
circle loss,batch_train_loss,93.45632934570312,757,1751222869087
circle loss,batch_train_loss,93.77780151367188,758,1751222870429
circle loss,batch_train_loss,100.82244873046875,759,1751222871803
circle loss,batch_train_loss,110.1807861328125,760,1751222873209
circle loss,batch_train_loss,113.8163833618164,761,1751222874590
circle loss,batch_train_loss,88.14066314697266,762,1751222875968
circle loss,batch_train_loss,145.53536987304688,763,1751222877553
circle loss,batch_train_loss,88.39055633544922,764,1751222878935
circle loss,batch_train_loss,95.95206451416016,765,1751222880448
circle loss,batch_train_loss,136.10382080078125,766,1751222881811
circle loss,batch_train_loss,83.05480194091797,767,1751222883185
circle loss,batch_train_loss,106.28113555908203,768,1751222884569
circle loss,batch_train_loss,93.89606475830078,769,1751222885933
circle loss,batch_train_loss,89.29832458496094,770,1751222887318
circle loss,batch_train_loss,114.43274688720703,771,1751222889124
circle loss,batch_train_loss,89.35546112060547,772,1751222890515
circle loss,batch_train_loss,89.64509582519531,773,1751222891997
circle loss,batch_train_loss,83.14606475830078,774,1751222893985
circle loss,batch_train_loss,97.51522064208984,775,1751222895925
circle loss,batch_train_loss,124.47582244873047,776,1751222897300
circle loss,batch_train_loss,120.64273071289062,777,1751222898614
circle loss,batch_train_loss,88.79078674316406,778,1751222900054
circle loss,batch_train_loss,86.1581039428711,779,1751222901357
circle loss,batch_train_loss,118.84877014160156,780,1751222902660
circle loss,batch_train_loss,119.72490692138672,781,1751222903940
circle loss,batch_train_loss,93.40861511230469,782,1751222905227
circle loss,batch_train_loss,95.6998291015625,783,1751222906496
circle loss,batch_train_loss,103.17835998535156,784,1751222907769
circle loss,batch_train_loss,111.29883575439453,785,1751222909035
circle loss,batch_train_loss,106.69306945800781,786,1751222910287
circle loss,batch_train_loss,105.07963562011719,787,1751222911534
circle loss,batch_train_loss,103.18017578125,788,1751222912967
circle loss,batch_train_loss,112.66683959960938,789,1751222914219
circle loss,batch_train_loss,74.54438018798828,790,1751222915464
circle loss,batch_train_loss,95.88880157470703,791,1751222916278
circle loss,batch_train_loss,119.12139129638672,792,1751222930547
circle loss,batch_train_loss,118.12865447998047,793,1751222931856
circle loss,batch_train_loss,90.64349365234375,794,1751222933111
circle loss,batch_train_loss,111.05883026123047,795,1751222934370
circle loss,batch_train_loss,104.57393646240234,796,1751222935652
circle loss,batch_train_loss,106.3450698852539,797,1751222937234
circle loss,batch_train_loss,93.99873352050781,798,1751222938507
circle loss,batch_train_loss,82.64971160888672,799,1751222939838
circle loss,batch_train_loss,78.45757293701172,800,1751222942048
circle loss,batch_train_loss,92.20701599121094,801,1751222943638
circle loss,batch_train_loss,101.40553283691406,802,1751222944889
circle loss,batch_train_loss,91.10578918457031,803,1751222946162
circle loss,batch_train_loss,97.97319030761719,804,1751222947381
circle loss,batch_train_loss,115.24976348876953,805,1751222948603
circle loss,batch_train_loss,77.6429214477539,806,1751222949817
circle loss,batch_train_loss,96.95846557617188,807,1751222951057
circle loss,batch_train_loss,93.2396011352539,808,1751222952292
circle loss,batch_train_loss,92.73634338378906,809,1751222953503
circle loss,batch_train_loss,63.50585174560547,810,1751222954727
circle loss,batch_train_loss,111.12366485595703,811,1751222956022
circle loss,batch_train_loss,83.71409606933594,812,1751222957265
circle loss,batch_train_loss,96.68524169921875,813,1751222958621
circle loss,batch_train_loss,83.80474853515625,814,1751222959967
circle loss,batch_train_loss,99.8457260131836,815,1751222961295
circle loss,batch_train_loss,113.49878692626953,816,1751222962632
circle loss,batch_train_loss,94.51155853271484,817,1751222964100
circle loss,batch_train_loss,116.33299255371094,818,1751222965380
circle loss,batch_train_loss,93.15409851074219,819,1751222966662
circle loss,batch_train_loss,96.44816589355469,820,1751222967938
circle loss,batch_train_loss,96.40296936035156,821,1751222969176
circle loss,batch_train_loss,89.87397766113281,822,1751222970417
circle loss,batch_train_loss,107.9843521118164,823,1751222971748
circle loss,batch_train_loss,97.53681945800781,824,1751222973026
circle loss,batch_train_loss,76.73094177246094,825,1751222974269
circle loss,batch_train_loss,88.24469757080078,826,1751222975539
circle loss,batch_train_loss,102.42324829101562,827,1751222976948
circle loss,batch_train_loss,90.90029907226562,828,1751222978211
circle loss,batch_train_loss,107.34170532226562,829,1751222979455
circle loss,batch_train_loss,69.03385162353516,830,1751222980729
circle loss,batch_train_loss,121.48368072509766,831,1751222982031
circle loss,batch_train_loss,101.95780181884766,832,1751222983293
circle loss,batch_train_loss,87.77400970458984,833,1751222984564
circle loss,batch_train_loss,105.42797088623047,834,1751222985853
circle loss,batch_train_loss,108.72896575927734,835,1751222987096
circle loss,batch_train_loss,78.52335357666016,836,1751222988448
circle loss,batch_train_loss,101.07108306884766,837,1751222990092
circle loss,batch_train_loss,108.83348083496094,838,1751222991656
circle loss,batch_train_loss,94.83345031738281,839,1751222992978
circle loss,batch_train_loss,99.44510650634766,840,1751222994234
circle loss,batch_train_loss,108.86982727050781,841,1751222995471
circle loss,batch_train_loss,119.2586898803711,842,1751222996780
circle loss,batch_train_loss,110.0511703491211,843,1751222998292
circle loss,batch_train_loss,58.61574172973633,844,1751222999623
circle loss,batch_train_loss,89.85572814941406,845,1751223000871
circle loss,batch_train_loss,101.94298553466797,846,1751223002368
circle loss,batch_train_loss,103.01990509033203,847,1751223003984
circle loss,batch_train_loss,108.78659057617188,848,1751223005596
circle loss,batch_train_loss,76.64615631103516,849,1751223006930
circle loss,batch_train_loss,116.4450912475586,850,1751223008180
circle loss,batch_train_loss,102.4411849975586,851,1751223009474
circle loss,batch_train_loss,70.47020721435547,852,1751223010749
circle loss,batch_train_loss,73.97740936279297,853,1751223012087
circle loss,batch_train_loss,93.08683776855469,854,1751223013647
circle loss,batch_train_loss,110.52891540527344,855,1751223014935
circle loss,batch_train_loss,83.3930892944336,856,1751223016297
circle loss,batch_train_loss,96.72679901123047,857,1751223017575
circle loss,batch_train_loss,118.09748840332031,858,1751223018881
circle loss,batch_train_loss,87.6746826171875,859,1751223020168
circle loss,batch_train_loss,105.97539520263672,860,1751223021470
circle loss,batch_train_loss,99.56166076660156,861,1751223022744
circle loss,batch_train_loss,108.74174499511719,862,1751223024000
circle loss,batch_train_loss,74.64363098144531,863,1751223025498
circle loss,batch_train_loss,87.11924743652344,864,1751223026783
circle loss,batch_train_loss,132.50083923339844,865,1751223028107
circle loss,batch_train_loss,100.95006561279297,866,1751223029429
circle loss,batch_train_loss,102.1610107421875,867,1751223030840
circle loss,batch_train_loss,115.27729034423828,868,1751223032210
circle loss,batch_train_loss,114.22831726074219,869,1751223033507
circle loss,batch_train_loss,132.94740295410156,870,1751223034811
circle loss,batch_train_loss,81.88591003417969,871,1751223036341
circle loss,batch_train_loss,76.7896957397461,872,1751223037662
circle loss,batch_train_loss,97.15470886230469,873,1751223038943
circle loss,batch_train_loss,135.90745544433594,874,1751223040208
circle loss,batch_train_loss,75.40970611572266,875,1751223041494
circle loss,batch_train_loss,94.06184387207031,876,1751223042785
circle loss,batch_train_loss,102.38872528076172,877,1751223044078
circle loss,batch_train_loss,89.44723510742188,878,1751223045368
circle loss,batch_train_loss,56.71464538574219,879,1751223046200
circle loss,batch_train_loss,77.97359466552734,880,1751223061110
circle loss,batch_train_loss,82.679931640625,881,1751223062508
circle loss,batch_train_loss,99.38263702392578,882,1751223063806
circle loss,batch_train_loss,80.7098388671875,883,1751223065082
circle loss,batch_train_loss,87.0401840209961,884,1751223066482
circle loss,batch_train_loss,102.0798110961914,885,1751223067773
circle loss,batch_train_loss,85.90553283691406,886,1751223069033
circle loss,batch_train_loss,92.2476806640625,887,1751223070285
circle loss,batch_train_loss,78.68301391601562,888,1751223071540
circle loss,batch_train_loss,111.84191131591797,889,1751223072790
circle loss,batch_train_loss,102.25859832763672,890,1751223074146
circle loss,batch_train_loss,105.15663146972656,891,1751223075375
circle loss,batch_train_loss,96.77201843261719,892,1751223076606
circle loss,batch_train_loss,73.77005004882812,893,1751223077852
circle loss,batch_train_loss,113.9593276977539,894,1751223079093
circle loss,batch_train_loss,140.61947631835938,895,1751223080332
circle loss,batch_train_loss,82.811279296875,896,1751223081572
circle loss,batch_train_loss,76.61292266845703,897,1751223082824
circle loss,batch_train_loss,95.3416976928711,898,1751223084068
circle loss,batch_train_loss,120.23052978515625,899,1751223085300
circle loss,batch_train_loss,81.53465270996094,900,1751223086523
circle loss,batch_train_loss,102.01526641845703,901,1751223087818
circle loss,batch_train_loss,121.72037506103516,902,1751223089057
circle loss,batch_train_loss,90.26402282714844,903,1751223090278
circle loss,batch_train_loss,95.64492797851562,904,1751223091498
circle loss,batch_train_loss,102.39923095703125,905,1751223092726
circle loss,batch_train_loss,95.7536849975586,906,1751223093946
circle loss,batch_train_loss,98.63031768798828,907,1751223095166
circle loss,batch_train_loss,112.4342041015625,908,1751223096382
circle loss,batch_train_loss,81.74958038330078,909,1751223097610
circle loss,batch_train_loss,84.54474639892578,910,1751223098836
circle loss,batch_train_loss,82.05001068115234,911,1751223100052
circle loss,batch_train_loss,102.61915588378906,912,1751223101349
circle loss,batch_train_loss,84.1856460571289,913,1751223102575
circle loss,batch_train_loss,124.17090606689453,914,1751223103812
circle loss,batch_train_loss,69.25091552734375,915,1751223105184
circle loss,batch_train_loss,92.11239624023438,916,1751223106505
circle loss,batch_train_loss,75.94120788574219,917,1751223107828
circle loss,batch_train_loss,124.18498229980469,918,1751223109188
circle loss,batch_train_loss,125.9783706665039,919,1751223111086
circle loss,batch_train_loss,98.897705078125,920,1751223112485
circle loss,batch_train_loss,108.49676513671875,921,1751223113905
circle loss,batch_train_loss,97.41653442382812,922,1751223115342
circle loss,batch_train_loss,90.0772705078125,923,1751223116866
circle loss,batch_train_loss,83.70260620117188,924,1751223118315
circle loss,batch_train_loss,78.1427230834961,925,1751223119660
circle loss,batch_train_loss,104.63966369628906,926,1751223121024
circle loss,batch_train_loss,113.5467529296875,927,1751223122369
circle loss,batch_train_loss,116.39933776855469,928,1751223123643
circle loss,batch_train_loss,68.95977783203125,929,1751223124908
circle loss,batch_train_loss,59.96135330200195,930,1751223126168
circle loss,batch_train_loss,79.26679992675781,931,1751223127439
circle loss,batch_train_loss,128.7587127685547,932,1751223128706
circle loss,batch_train_loss,81.94568634033203,933,1751223129964
circle loss,batch_train_loss,84.8462142944336,934,1751223131274
circle loss,batch_train_loss,92.83390045166016,935,1751223132800
circle loss,batch_train_loss,93.59571838378906,936,1751223134121
circle loss,batch_train_loss,108.72915649414062,937,1751223135409
circle loss,batch_train_loss,105.69483947753906,938,1751223136669
circle loss,batch_train_loss,79.43972778320312,939,1751223137921
circle loss,batch_train_loss,88.10018920898438,940,1751223139164
circle loss,batch_train_loss,100.64643859863281,941,1751223140416
circle loss,batch_train_loss,80.9715576171875,942,1751223141662
circle loss,batch_train_loss,114.37830352783203,943,1751223142959
circle loss,batch_train_loss,93.78913879394531,944,1751223144268
circle loss,batch_train_loss,106.0442123413086,945,1751223145522
circle loss,batch_train_loss,119.50962829589844,946,1751223146768
circle loss,batch_train_loss,95.98554992675781,947,1751223148238
circle loss,batch_train_loss,113.07127380371094,948,1751223149530
circle loss,batch_train_loss,98.92141723632812,949,1751223150782
circle loss,batch_train_loss,97.70198059082031,950,1751223152019
circle loss,batch_train_loss,80.52734375,951,1751223153241
circle loss,batch_train_loss,85.05741882324219,952,1751223154466
circle loss,batch_train_loss,99.20470428466797,953,1751223155687
circle loss,batch_train_loss,86.22881317138672,954,1751223156903
circle loss,batch_train_loss,91.31624603271484,955,1751223158130
circle loss,batch_train_loss,77.44133758544922,956,1751223159378
circle loss,batch_train_loss,77.10480499267578,957,1751223160603
circle loss,batch_train_loss,103.693115234375,958,1751223161829
circle loss,batch_train_loss,98.96096801757812,959,1751223163171
circle loss,batch_train_loss,93.93586730957031,960,1751223164399
circle loss,batch_train_loss,102.78165435791016,961,1751223165625
circle loss,batch_train_loss,126.10596466064453,962,1751223166842
circle loss,batch_train_loss,124.072021484375,963,1751223168062
circle loss,batch_train_loss,89.06885528564453,964,1751223169283
circle loss,batch_train_loss,88.83673858642578,965,1751223170502
circle loss,batch_train_loss,70.22441101074219,966,1751223171719
circle loss,batch_train_loss,76.4347152709961,967,1751223172523
circle loss,batch_train_loss,60.202579498291016,968,1751223186592
circle loss,batch_train_loss,112.21089172363281,969,1751223187945
circle loss,batch_train_loss,99.31341552734375,970,1751223189252
circle loss,batch_train_loss,113.64873504638672,971,1751223190475
circle loss,batch_train_loss,108.11673736572266,972,1751223191724
circle loss,batch_train_loss,89.85729217529297,973,1751223192961
circle loss,batch_train_loss,84.75975036621094,974,1751223194182
circle loss,batch_train_loss,111.83000183105469,975,1751223195395
circle loss,batch_train_loss,89.02053833007812,976,1751223196613
circle loss,batch_train_loss,114.71726989746094,977,1751223198031
circle loss,batch_train_loss,73.8641586303711,978,1751223199364
circle loss,batch_train_loss,71.04570007324219,979,1751223200642
circle loss,batch_train_loss,81.3316650390625,980,1751223201951
circle loss,batch_train_loss,91.63043975830078,981,1751223203318
circle loss,batch_train_loss,89.71168518066406,982,1751223204570
circle loss,batch_train_loss,77.0944595336914,983,1751223205793
circle loss,batch_train_loss,72.299072265625,984,1751223207039
circle loss,batch_train_loss,73.0619125366211,985,1751223208375
circle loss,batch_train_loss,77.24702453613281,986,1751223209629
circle loss,batch_train_loss,106.11473846435547,987,1751223211082
circle loss,batch_train_loss,78.12015533447266,988,1751223212577
circle loss,batch_train_loss,92.8807601928711,989,1751223214019
circle loss,batch_train_loss,104.46073150634766,990,1751223215258
circle loss,batch_train_loss,71.01284790039062,991,1751223216499
circle loss,batch_train_loss,82.82630920410156,992,1751223217736
circle loss,batch_train_loss,84.74967956542969,993,1751223218968
circle loss,batch_train_loss,82.26541900634766,994,1751223220197
circle loss,batch_train_loss,76.36016082763672,995,1751223221441
circle loss,batch_train_loss,70.0221176147461,996,1751223222690
circle loss,batch_train_loss,56.49753189086914,997,1751223223932
circle loss,batch_train_loss,129.3880615234375,998,1751223225318
circle loss,batch_train_loss,95.62808990478516,999,1751223226669
circle loss,batch_train_loss,103.2222900390625,1000,1751223227936
circle loss,batch_train_loss,87.96051025390625,1001,1751223229343
circle loss,batch_train_loss,99.16726684570312,1002,1751223230611
circle loss,batch_train_loss,95.74714660644531,1003,1751223232071
circle loss,batch_train_loss,107.03910064697266,1004,1751223233374
circle loss,batch_train_loss,113.09722137451172,1005,1751223234679
circle loss,batch_train_loss,117.62721252441406,1006,1751223235974
circle loss,batch_train_loss,106.69590759277344,1007,1751223237282
circle loss,batch_train_loss,82.1972885131836,1008,1751223238556
circle loss,batch_train_loss,103.70873260498047,1009,1751223239801
circle loss,batch_train_loss,101.05559539794922,1010,1751223241047
circle loss,batch_train_loss,91.55028533935547,1011,1751223242287
circle loss,batch_train_loss,80.15144348144531,1012,1751223243523
circle loss,batch_train_loss,66.13890075683594,1013,1751223244940
circle loss,batch_train_loss,88.34583282470703,1014,1751223246179
circle loss,batch_train_loss,85.98186492919922,1015,1751223247417
circle loss,batch_train_loss,114.75715637207031,1016,1751223248650
circle loss,batch_train_loss,91.8142318725586,1017,1751223249892
circle loss,batch_train_loss,80.81510162353516,1018,1751223251133
circle loss,batch_train_loss,98.7037353515625,1019,1751223252357
circle loss,batch_train_loss,90.25737762451172,1020,1751223253587
circle loss,batch_train_loss,107.16133117675781,1021,1751223254841
circle loss,batch_train_loss,96.77970886230469,1022,1751223256096
circle loss,batch_train_loss,89.74580383300781,1023,1751223257334
circle loss,batch_train_loss,91.59092712402344,1024,1751223258562
circle loss,batch_train_loss,104.13802337646484,1025,1751223259867
circle loss,batch_train_loss,83.88349914550781,1026,1751223261109
circle loss,batch_train_loss,89.96107482910156,1027,1751223262342
circle loss,batch_train_loss,112.062744140625,1028,1751223263567
circle loss,batch_train_loss,95.19571685791016,1029,1751223264783
circle loss,batch_train_loss,73.7611083984375,1030,1751223265999
circle loss,batch_train_loss,82.02509307861328,1031,1751223267215
circle loss,batch_train_loss,96.88159942626953,1032,1751223268447
circle loss,batch_train_loss,98.00397491455078,1033,1751223269668
circle loss,batch_train_loss,85.88214874267578,1034,1751223270898
circle loss,batch_train_loss,99.04051208496094,1035,1751223272106
circle loss,batch_train_loss,101.14457702636719,1036,1751223273316
circle loss,batch_train_loss,86.37580871582031,1037,1751223274590
circle loss,batch_train_loss,111.13275909423828,1038,1751223275811
circle loss,batch_train_loss,100.23201751708984,1039,1751223277039
circle loss,batch_train_loss,76.57827758789062,1040,1751223278259
circle loss,batch_train_loss,94.46832275390625,1041,1751223279485
circle loss,batch_train_loss,90.5233383178711,1042,1751223280702
circle loss,batch_train_loss,75.2361831665039,1043,1751223281916
circle loss,batch_train_loss,80.60021209716797,1044,1751223283151
circle loss,batch_train_loss,71.93595886230469,1045,1751223284388
circle loss,batch_train_loss,67.2535400390625,1046,1751223285631
circle loss,batch_train_loss,81.16561889648438,1047,1751223287683
circle loss,batch_train_loss,92.62507629394531,1048,1751223289636
circle loss,batch_train_loss,71.82238006591797,1049,1751223291454
circle loss,batch_train_loss,79.68511962890625,1050,1751223293207
circle loss,batch_train_loss,67.7618408203125,1051,1751223294508
circle loss,batch_train_loss,140.37945556640625,1052,1751223295764
circle loss,batch_train_loss,92.61187744140625,1053,1751223297038
circle loss,batch_train_loss,104.3535385131836,1054,1751223298297
circle loss,batch_train_loss,78.91206359863281,1055,1751223299128
circle loss,batch_train_loss,107.30638122558594,1056,1751223313320
circle loss,batch_train_loss,88.97062683105469,1057,1751223314640
circle loss,batch_train_loss,94.18649291992188,1058,1751223315920
circle loss,batch_train_loss,86.13579559326172,1059,1751223317182
circle loss,batch_train_loss,127.41285705566406,1060,1751223318466
circle loss,batch_train_loss,81.09121704101562,1061,1751223319713
circle loss,batch_train_loss,108.05118560791016,1062,1751223320965
circle loss,batch_train_loss,82.04598999023438,1063,1751223322223
circle loss,batch_train_loss,86.70172119140625,1064,1751223323518
circle loss,batch_train_loss,94.72986602783203,1065,1751223324784
circle loss,batch_train_loss,88.19638061523438,1066,1751223326111
circle loss,batch_train_loss,80.74810028076172,1067,1751223327373
circle loss,batch_train_loss,58.58290481567383,1068,1751223328626
circle loss,batch_train_loss,96.85517883300781,1069,1751223329887
circle loss,batch_train_loss,95.64342498779297,1070,1751223331111
circle loss,batch_train_loss,105.81059265136719,1071,1751223332352
circle loss,batch_train_loss,92.62928771972656,1072,1751223333634
circle loss,batch_train_loss,84.86764526367188,1073,1751223334879
circle loss,batch_train_loss,87.32608795166016,1074,1751223336110
circle loss,batch_train_loss,75.7882080078125,1075,1751223337332
circle loss,batch_train_loss,90.76569366455078,1076,1751223338597
circle loss,batch_train_loss,83.06835174560547,1077,1751223339934
circle loss,batch_train_loss,93.60669708251953,1078,1751223341160
circle loss,batch_train_loss,111.6097412109375,1079,1751223342386
circle loss,batch_train_loss,82.2676773071289,1080,1751223343661
circle loss,batch_train_loss,94.1025619506836,1081,1751223344935
circle loss,batch_train_loss,72.0448226928711,1082,1751223346190
circle loss,batch_train_loss,89.62384033203125,1083,1751223347411
circle loss,batch_train_loss,84.46786499023438,1084,1751223348669
circle loss,batch_train_loss,84.11766052246094,1085,1751223349964
circle loss,batch_train_loss,90.16551208496094,1086,1751223351231
circle loss,batch_train_loss,89.32986450195312,1087,1751223353013
circle loss,batch_train_loss,84.3338394165039,1088,1751223355013
circle loss,batch_train_loss,75.63191986083984,1089,1751223356928
circle loss,batch_train_loss,72.93887329101562,1090,1751223358541
circle loss,batch_train_loss,96.79563903808594,1091,1751223359917
circle loss,batch_train_loss,110.40631866455078,1092,1751223361242
circle loss,batch_train_loss,100.2462387084961,1093,1751223362526
circle loss,batch_train_loss,81.46214294433594,1094,1751223363857
circle loss,batch_train_loss,97.28839874267578,1095,1751223365168
circle loss,batch_train_loss,85.11060333251953,1096,1751223366449
circle loss,batch_train_loss,92.02397155761719,1097,1751223367747
circle loss,batch_train_loss,65.15756225585938,1098,1751223369034
circle loss,batch_train_loss,93.40670776367188,1099,1751223370297
circle loss,batch_train_loss,87.9283447265625,1100,1751223371572
circle loss,batch_train_loss,91.91001892089844,1101,1751223372937
circle loss,batch_train_loss,103.9073257446289,1102,1751223374234
circle loss,batch_train_loss,88.18811798095703,1103,1751223375489
circle loss,batch_train_loss,93.93009948730469,1104,1751223376769
circle loss,batch_train_loss,99.68489837646484,1105,1751223378061
circle loss,batch_train_loss,69.20352935791016,1106,1751223379359
circle loss,batch_train_loss,86.66154479980469,1107,1751223380648
circle loss,batch_train_loss,75.2597427368164,1108,1751223381937
circle loss,batch_train_loss,71.60775756835938,1109,1751223383236
circle loss,batch_train_loss,88.50252532958984,1110,1751223384560
circle loss,batch_train_loss,80.14348602294922,1111,1751223385816
circle loss,batch_train_loss,76.22481536865234,1112,1751223387171
circle loss,batch_train_loss,73.9391098022461,1113,1751223388422
circle loss,batch_train_loss,112.40493774414062,1114,1751223389696
circle loss,batch_train_loss,86.7015380859375,1115,1751223390950
circle loss,batch_train_loss,103.9059066772461,1116,1751223392242
circle loss,batch_train_loss,79.04391479492188,1117,1751223393529
circle loss,batch_train_loss,82.52252960205078,1118,1751223394855
circle loss,batch_train_loss,69.88397216796875,1119,1751223396149
circle loss,batch_train_loss,83.51055908203125,1120,1751223397430
circle loss,batch_train_loss,88.29655456542969,1121,1751223398686
circle loss,batch_train_loss,82.4719467163086,1122,1751223399971
circle loss,batch_train_loss,97.44109344482422,1123,1751223401280
circle loss,batch_train_loss,124.36022186279297,1124,1751223402526
circle loss,batch_train_loss,87.58522033691406,1125,1751223403769
circle loss,batch_train_loss,79.2806167602539,1126,1751223405037
circle loss,batch_train_loss,117.18156433105469,1127,1751223406333
circle loss,batch_train_loss,121.34798431396484,1128,1751223407603
circle loss,batch_train_loss,79.2533187866211,1129,1751223408895
circle loss,batch_train_loss,90.46888732910156,1130,1751223410210
circle loss,batch_train_loss,113.26923370361328,1131,1751223411509
circle loss,batch_train_loss,86.68085479736328,1132,1751223412799
circle loss,batch_train_loss,84.15658569335938,1133,1751223414089
circle loss,batch_train_loss,91.19143676757812,1134,1751223415495
circle loss,batch_train_loss,81.9186782836914,1135,1751223416765
circle loss,batch_train_loss,81.28634643554688,1136,1751223418020
circle loss,batch_train_loss,100.46951293945312,1137,1751223419304
circle loss,batch_train_loss,90.8599853515625,1138,1751223420603
circle loss,batch_train_loss,62.8862190246582,1139,1751223421868
circle loss,batch_train_loss,80.85962677001953,1140,1751223423126
circle loss,batch_train_loss,82.73216247558594,1141,1751223424370
circle loss,batch_train_loss,99.43267059326172,1142,1751223425616
circle loss,batch_train_loss,79.7130126953125,1143,1751223426430
circle loss,batch_train_loss,86.87796783447266,1144,1751223440701
circle loss,batch_train_loss,94.80366516113281,1145,1751223442020
circle loss,batch_train_loss,59.01217269897461,1146,1751223443282
circle loss,batch_train_loss,67.62476348876953,1147,1751223444539
circle loss,batch_train_loss,87.32595825195312,1148,1751223445806
circle loss,batch_train_loss,110.56884765625,1149,1751223447042
circle loss,batch_train_loss,93.63327026367188,1150,1751223448258
circle loss,batch_train_loss,69.24638366699219,1151,1751223449490
circle loss,batch_train_loss,61.26411056518555,1152,1751223450854
circle loss,batch_train_loss,112.9446792602539,1153,1751223452120
circle loss,batch_train_loss,102.23019409179688,1154,1751223453344
circle loss,batch_train_loss,89.91886901855469,1155,1751223454557
circle loss,batch_train_loss,100.64405822753906,1156,1751223455817
circle loss,batch_train_loss,127.4484634399414,1157,1751223457093
circle loss,batch_train_loss,107.78903198242188,1158,1751223458358
circle loss,batch_train_loss,87.81719970703125,1159,1751223459583
circle loss,batch_train_loss,88.38114929199219,1160,1751223460830
circle loss,batch_train_loss,86.86561584472656,1161,1751223462102
circle loss,batch_train_loss,75.38755798339844,1162,1751223463322
circle loss,batch_train_loss,57.73295593261719,1163,1751223464615
circle loss,batch_train_loss,61.214508056640625,1164,1751223465885
circle loss,batch_train_loss,74.24502563476562,1165,1751223467175
circle loss,batch_train_loss,64.74494934082031,1166,1751223468483
circle loss,batch_train_loss,60.18629455566406,1167,1751223469778
circle loss,batch_train_loss,89.52900695800781,1168,1751223471136
circle loss,batch_train_loss,87.46290588378906,1169,1751223472429
circle loss,batch_train_loss,73.10780334472656,1170,1751223474000
circle loss,batch_train_loss,97.5311050415039,1171,1751223475341
circle loss,batch_train_loss,66.75761413574219,1172,1751223476634
circle loss,batch_train_loss,99.93888092041016,1173,1751223477875
circle loss,batch_train_loss,54.901893615722656,1174,1751223479105
circle loss,batch_train_loss,85.07405853271484,1175,1751223480347
circle loss,batch_train_loss,95.863037109375,1176,1751223481588
circle loss,batch_train_loss,112.12832641601562,1177,1751223482817
circle loss,batch_train_loss,88.65979766845703,1178,1751223484174
circle loss,batch_train_loss,93.79548645019531,1179,1751223485430
circle loss,batch_train_loss,109.5343246459961,1180,1751223486678
circle loss,batch_train_loss,92.32318878173828,1181,1751223487907
circle loss,batch_train_loss,74.17190551757812,1182,1751223489135
circle loss,batch_train_loss,102.80813598632812,1183,1751223490356
circle loss,batch_train_loss,103.5370101928711,1184,1751223491594
circle loss,batch_train_loss,77.58749389648438,1185,1751223492815
circle loss,batch_train_loss,108.25711059570312,1186,1751223494031
circle loss,batch_train_loss,77.99115753173828,1187,1751223495247
circle loss,batch_train_loss,107.66886901855469,1188,1751223496474
circle loss,batch_train_loss,91.75885772705078,1189,1751223497772
circle loss,batch_train_loss,58.04448318481445,1190,1751223498988
circle loss,batch_train_loss,101.57941436767578,1191,1751223500203
circle loss,batch_train_loss,91.19673919677734,1192,1751223501424
circle loss,batch_train_loss,69.41129302978516,1193,1751223502646
circle loss,batch_train_loss,66.46024322509766,1194,1751223503865
circle loss,batch_train_loss,102.98755645751953,1195,1751223505121
circle loss,batch_train_loss,79.18584442138672,1196,1751223506339
circle loss,batch_train_loss,72.29145050048828,1197,1751223507560
circle loss,batch_train_loss,88.25779724121094,1198,1751223508798
circle loss,batch_train_loss,82.38599395751953,1199,1751223510070
circle loss,batch_train_loss,70.73487091064453,1200,1751223511444
circle loss,batch_train_loss,113.53236389160156,1201,1751223512729
circle loss,batch_train_loss,89.72156524658203,1202,1751223514024
circle loss,batch_train_loss,54.48007583618164,1203,1751223515303
circle loss,batch_train_loss,71.69061279296875,1204,1751223516549
circle loss,batch_train_loss,76.10651397705078,1205,1751223517808
circle loss,batch_train_loss,104.4868392944336,1206,1751223519145
circle loss,batch_train_loss,90.8805923461914,1207,1751223520557
circle loss,batch_train_loss,57.4350471496582,1208,1751223521889
circle loss,batch_train_loss,110.37420654296875,1209,1751223523157
circle loss,batch_train_loss,106.61991119384766,1210,1751223524474
circle loss,batch_train_loss,95.02877044677734,1211,1751223525746
circle loss,batch_train_loss,54.586631774902344,1212,1751223527094
circle loss,batch_train_loss,121.46589660644531,1213,1751223528536
circle loss,batch_train_loss,64.55973052978516,1214,1751223529826
circle loss,batch_train_loss,68.38227081298828,1215,1751223531103
circle loss,batch_train_loss,71.82705688476562,1216,1751223532456
circle loss,batch_train_loss,73.22508239746094,1217,1751223533778
circle loss,batch_train_loss,68.08985137939453,1218,1751223535057
circle loss,batch_train_loss,101.40089416503906,1219,1751223536348
circle loss,batch_train_loss,97.09290313720703,1220,1751223537664
circle loss,batch_train_loss,80.27244567871094,1221,1751223538942
circle loss,batch_train_loss,53.7137336730957,1222,1751223540304
circle loss,batch_train_loss,74.60509490966797,1223,1751223541581
circle loss,batch_train_loss,91.62264251708984,1224,1751223542892
circle loss,batch_train_loss,115.19396209716797,1225,1751223544157
circle loss,batch_train_loss,71.39559173583984,1226,1751223545438
circle loss,batch_train_loss,93.16035461425781,1227,1751223546732
circle loss,batch_train_loss,69.55657196044922,1228,1751223548022
circle loss,batch_train_loss,71.05706787109375,1229,1751223549281
circle loss,batch_train_loss,84.12303161621094,1230,1751223550573
circle loss,batch_train_loss,95.40935516357422,1231,1751223551418
circle loss,batch_train_loss,64.93733978271484,1232,1751223566068
circle loss,batch_train_loss,67.35834503173828,1233,1751223567407
circle loss,batch_train_loss,82.10377502441406,1234,1751223568697
circle loss,batch_train_loss,79.54620361328125,1235,1751223569961
circle loss,batch_train_loss,84.26239013671875,1236,1751223571268
circle loss,batch_train_loss,65.96063232421875,1237,1751223572528
circle loss,batch_train_loss,77.32645416259766,1238,1751223573769
circle loss,batch_train_loss,78.24755096435547,1239,1751223575014
circle loss,batch_train_loss,68.31139373779297,1240,1751223576321
circle loss,batch_train_loss,112.45914459228516,1241,1751223577591
circle loss,batch_train_loss,67.86046600341797,1242,1751223578993
circle loss,batch_train_loss,83.09349060058594,1243,1751223580288
circle loss,batch_train_loss,91.05253601074219,1244,1751223581548
circle loss,batch_train_loss,106.86779022216797,1245,1751223582800
circle loss,batch_train_loss,98.58436584472656,1246,1751223584053
circle loss,batch_train_loss,81.64478302001953,1247,1751223585315
circle loss,batch_train_loss,59.80025100708008,1248,1751223586601
circle loss,batch_train_loss,101.4383544921875,1249,1751223587855
circle loss,batch_train_loss,78.12825012207031,1250,1751223589125
circle loss,batch_train_loss,83.6358413696289,1251,1751223590433
circle loss,batch_train_loss,80.32389068603516,1252,1751223591677
circle loss,batch_train_loss,85.48230743408203,1253,1751223592917
circle loss,batch_train_loss,66.37223815917969,1254,1751223594140
circle loss,batch_train_loss,70.29219055175781,1255,1751223595361
circle loss,batch_train_loss,87.23526763916016,1256,1751223596591
circle loss,batch_train_loss,68.92578887939453,1257,1751223597814
circle loss,batch_train_loss,81.4539566040039,1258,1751223599031
circle loss,batch_train_loss,73.55792236328125,1259,1751223600258
circle loss,batch_train_loss,79.8514633178711,1260,1751223601543
circle loss,batch_train_loss,85.3685302734375,1261,1751223602820
circle loss,batch_train_loss,94.6473617553711,1262,1751223604158
circle loss,batch_train_loss,107.14546966552734,1263,1751223605429
circle loss,batch_train_loss,71.50664520263672,1264,1751223606683
circle loss,batch_train_loss,58.312015533447266,1265,1751223607920
circle loss,batch_train_loss,89.88396453857422,1266,1751223609147
circle loss,batch_train_loss,82.4839859008789,1267,1751223610369
circle loss,batch_train_loss,92.20240783691406,1268,1751223611654
circle loss,batch_train_loss,123.95233917236328,1269,1751223612956
circle loss,batch_train_loss,85.94843292236328,1270,1751223614312
circle loss,batch_train_loss,89.84639739990234,1271,1751223615540
circle loss,batch_train_loss,72.04363250732422,1272,1751223616770
circle loss,batch_train_loss,91.96492004394531,1273,1751223618035
circle loss,batch_train_loss,100.96744537353516,1274,1751223619296
circle loss,batch_train_loss,74.28482818603516,1275,1751223620570
circle loss,batch_train_loss,69.69867706298828,1276,1751223621874
circle loss,batch_train_loss,80.58623504638672,1277,1751223623139
circle loss,batch_train_loss,58.24546813964844,1278,1751223624364
circle loss,batch_train_loss,82.14247131347656,1279,1751223625641
circle loss,batch_train_loss,71.08660888671875,1280,1751223626954
circle loss,batch_train_loss,76.7861328125,1281,1751223628205
circle loss,batch_train_loss,104.17131042480469,1282,1751223629433
circle loss,batch_train_loss,60.67705535888672,1283,1751223630673
circle loss,batch_train_loss,81.98806762695312,1284,1751223631947
circle loss,batch_train_loss,92.23957061767578,1285,1751223633205
circle loss,batch_train_loss,86.33219146728516,1286,1751223634496
circle loss,batch_train_loss,82.15782165527344,1287,1751223635781
circle loss,batch_train_loss,58.234073638916016,1288,1751223637058
circle loss,batch_train_loss,56.037635803222656,1289,1751223638435
circle loss,batch_train_loss,86.07121276855469,1290,1751223639670
circle loss,batch_train_loss,90.5337142944336,1291,1751223640990
circle loss,batch_train_loss,88.99104309082031,1292,1751223642273
circle loss,batch_train_loss,71.84616088867188,1293,1751223643547
circle loss,batch_train_loss,80.08169555664062,1294,1751223644815
circle loss,batch_train_loss,87.69622039794922,1295,1751223646083
circle loss,batch_train_loss,118.73947143554688,1296,1751223647646
circle loss,batch_train_loss,72.92453002929688,1297,1751223649018
circle loss,batch_train_loss,76.89642333984375,1298,1751223650341
circle loss,batch_train_loss,82.37335205078125,1299,1751223651606
circle loss,batch_train_loss,103.81017303466797,1300,1751223652921
circle loss,batch_train_loss,92.69366455078125,1301,1751223654192
circle loss,batch_train_loss,72.87277221679688,1302,1751223655613
circle loss,batch_train_loss,98.7707748413086,1303,1751223656953
circle loss,batch_train_loss,57.004730224609375,1304,1751223658237
circle loss,batch_train_loss,81.404052734375,1305,1751223659501
circle loss,batch_train_loss,86.69771575927734,1306,1751223660801
circle loss,batch_train_loss,67.3430404663086,1307,1751223662104
circle loss,batch_train_loss,72.31985473632812,1308,1751223663354
circle loss,batch_train_loss,62.68593215942383,1309,1751223664636
circle loss,batch_train_loss,111.09392547607422,1310,1751223665923
circle loss,batch_train_loss,68.08294677734375,1311,1751223667291
circle loss,batch_train_loss,65.96348571777344,1312,1751223668574
circle loss,batch_train_loss,60.62687301635742,1313,1751223669828
circle loss,batch_train_loss,63.377227783203125,1314,1751223671089
circle loss,batch_train_loss,66.74299621582031,1315,1751223672368
circle loss,batch_train_loss,72.44127655029297,1316,1751223673616
circle loss,batch_train_loss,61.80479049682617,1317,1751223674859
circle loss,batch_train_loss,61.92390060424805,1318,1751223676128
circle loss,batch_train_loss,79.47705841064453,1319,1751223676966
circle loss,batch_train_loss,91.76314544677734,1320,1751223691605
circle loss,batch_train_loss,68.22584533691406,1321,1751223692955
circle loss,batch_train_loss,78.75252532958984,1322,1751223694355
circle loss,batch_train_loss,83.32494354248047,1323,1751223695594
circle loss,batch_train_loss,81.03229522705078,1324,1751223696842
circle loss,batch_train_loss,100.95339965820312,1325,1751223698115
circle loss,batch_train_loss,87.44817352294922,1326,1751223699394
circle loss,batch_train_loss,81.74988555908203,1327,1751223700676
circle loss,batch_train_loss,48.332542419433594,1328,1751223701942
circle loss,batch_train_loss,90.91995239257812,1329,1751223703183
circle loss,batch_train_loss,70.05186462402344,1330,1751223704513
circle loss,batch_train_loss,77.85238647460938,1331,1751223705787
circle loss,batch_train_loss,87.5181655883789,1332,1751223707069
circle loss,batch_train_loss,74.42401885986328,1333,1751223708351
circle loss,batch_train_loss,72.42153930664062,1334,1751223709598
circle loss,batch_train_loss,63.346595764160156,1335,1751223710834
circle loss,batch_train_loss,92.45926666259766,1336,1751223712075
circle loss,batch_train_loss,84.20721435546875,1337,1751223713307
circle loss,batch_train_loss,71.30911254882812,1338,1751223714530
circle loss,batch_train_loss,84.47757720947266,1339,1751223715757
circle loss,batch_train_loss,85.7994613647461,1340,1751223716995
circle loss,batch_train_loss,89.80453491210938,1341,1751223718284
circle loss,batch_train_loss,68.52568817138672,1342,1751223719512
circle loss,batch_train_loss,87.01778411865234,1343,1751223720745
circle loss,batch_train_loss,79.62877655029297,1344,1751223721974
circle loss,batch_train_loss,79.35612487792969,1345,1751223723230
circle loss,batch_train_loss,92.5046615600586,1346,1751223724523
circle loss,batch_train_loss,56.45314407348633,1347,1751223725820
circle loss,batch_train_loss,80.37002563476562,1348,1751223727128
circle loss,batch_train_loss,61.70368576049805,1349,1751223728373
circle loss,batch_train_loss,92.13250732421875,1350,1751223729636
circle loss,batch_train_loss,74.2337417602539,1351,1751223731002
circle loss,batch_train_loss,71.46572875976562,1352,1751223732265
circle loss,batch_train_loss,69.72489166259766,1353,1751223733530
circle loss,batch_train_loss,83.88121795654297,1354,1751223734774
circle loss,batch_train_loss,74.18940734863281,1355,1751223736018
circle loss,batch_train_loss,88.93440246582031,1356,1751223737268
circle loss,batch_train_loss,130.4381866455078,1357,1751223738547
circle loss,batch_train_loss,75.86544799804688,1358,1751223739820
circle loss,batch_train_loss,51.40044403076172,1359,1751223741166
circle loss,batch_train_loss,96.82848358154297,1360,1751223742903
circle loss,batch_train_loss,54.85417556762695,1361,1751223744203
circle loss,batch_train_loss,81.7289810180664,1362,1751223745449
circle loss,batch_train_loss,81.44408416748047,1363,1751223746705
circle loss,batch_train_loss,80.16519927978516,1364,1751223747972
circle loss,batch_train_loss,71.86955261230469,1365,1751223749220
circle loss,batch_train_loss,105.7780532836914,1366,1751223750453
circle loss,batch_train_loss,77.51902770996094,1367,1751223751891
circle loss,batch_train_loss,92.97218322753906,1368,1751223753174
circle loss,batch_train_loss,76.65235137939453,1369,1751223754573
circle loss,batch_train_loss,109.23831176757812,1370,1751223755994
circle loss,batch_train_loss,90.1489028930664,1371,1751223757342
circle loss,batch_train_loss,75.34292602539062,1372,1751223758643
circle loss,batch_train_loss,73.62079620361328,1373,1751223759900
circle loss,batch_train_loss,85.94232177734375,1374,1751223761145
circle loss,batch_train_loss,75.90816497802734,1375,1751223762954
circle loss,batch_train_loss,74.44235229492188,1376,1751223764305
circle loss,batch_train_loss,124.33794403076172,1377,1751223766005
circle loss,batch_train_loss,57.594844818115234,1378,1751223768062
circle loss,batch_train_loss,96.74707794189453,1379,1751223770024
circle loss,batch_train_loss,73.40023803710938,1380,1751223771863
circle loss,batch_train_loss,69.30009460449219,1381,1751223773600
circle loss,batch_train_loss,85.62137603759766,1382,1751223774924
circle loss,batch_train_loss,73.19458770751953,1383,1751223776211
circle loss,batch_train_loss,83.25837707519531,1384,1751223777594
circle loss,batch_train_loss,54.78485107421875,1385,1751223778901
circle loss,batch_train_loss,65.38712310791016,1386,1751223780219
circle loss,batch_train_loss,58.166099548339844,1387,1751223781523
circle loss,batch_train_loss,81.03642272949219,1388,1751223783089
circle loss,batch_train_loss,62.61054229736328,1389,1751223784426
circle loss,batch_train_loss,82.15238189697266,1390,1751223786013
circle loss,batch_train_loss,66.87434387207031,1391,1751223787675
circle loss,batch_train_loss,62.58877182006836,1392,1751223789091
circle loss,batch_train_loss,61.76720428466797,1393,1751223790574
circle loss,batch_train_loss,71.7640151977539,1394,1751223792747
circle loss,batch_train_loss,53.799259185791016,1395,1751223795424
circle loss,batch_train_loss,76.78067779541016,1396,1751223798184
circle loss,batch_train_loss,61.598106384277344,1397,1751223799963
circle loss,batch_train_loss,101.39614868164062,1398,1751223801324
circle loss,batch_train_loss,86.85753631591797,1399,1751223802749
circle loss,batch_train_loss,69.43025207519531,1400,1751223804407
circle loss,batch_train_loss,76.20445251464844,1401,1751223805759
circle loss,batch_train_loss,90.31694030761719,1402,1751223807146
circle loss,batch_train_loss,70.89488983154297,1403,1751223808510
circle loss,batch_train_loss,79.39657592773438,1404,1751223809852
circle loss,batch_train_loss,87.0914077758789,1405,1751223811230
circle loss,batch_train_loss,95.21211242675781,1406,1751223812659
circle loss,batch_train_loss,32.00584411621094,1407,1751223813609
circle loss,batch_train_loss,56.37514877319336,1408,1751223832088
circle loss,batch_train_loss,77.92518615722656,1409,1751223835190
circle loss,batch_train_loss,95.35874938964844,1410,1751223837260
circle loss,batch_train_loss,102.93821716308594,1411,1751223840111
circle loss,batch_train_loss,76.96110534667969,1412,1751223843016
circle loss,batch_train_loss,103.381591796875,1413,1751223846813
circle loss,batch_train_loss,106.11920166015625,1414,1751223848892
circle loss,batch_train_loss,77.58448028564453,1415,1751223850581
circle loss,batch_train_loss,91.90385437011719,1416,1751223852019
circle loss,batch_train_loss,71.20884704589844,1417,1751223853473
circle loss,batch_train_loss,84.36631774902344,1418,1751223854945
circle loss,batch_train_loss,80.67123413085938,1419,1751223857292
circle loss,batch_train_loss,79.97824096679688,1420,1751223859997
circle loss,batch_train_loss,90.73640441894531,1421,1751223862096
circle loss,batch_train_loss,63.845489501953125,1422,1751223864678
circle loss,batch_train_loss,60.54198455810547,1423,1751223867348
circle loss,batch_train_loss,81.07613372802734,1424,1751223869854
circle loss,batch_train_loss,60.8134765625,1425,1751223872027
circle loss,batch_train_loss,75.74552917480469,1426,1751223873859
circle loss,batch_train_loss,89.73926544189453,1427,1751223875534
circle loss,batch_train_loss,76.12147521972656,1428,1751223877001
circle loss,batch_train_loss,70.2451171875,1429,1751223878506
circle loss,batch_train_loss,99.79552459716797,1430,1751223880470
circle loss,batch_train_loss,95.36103057861328,1431,1751223882050
circle loss,batch_train_loss,75.01517486572266,1432,1751223883515
circle loss,batch_train_loss,80.58551025390625,1433,1751223885032
circle loss,batch_train_loss,77.86076354980469,1434,1751223886449
circle loss,batch_train_loss,73.73151397705078,1435,1751223887843
circle loss,batch_train_loss,76.36188507080078,1436,1751223889207
circle loss,batch_train_loss,66.03197479248047,1437,1751223890562
circle loss,batch_train_loss,105.07930755615234,1438,1751223891896
circle loss,batch_train_loss,84.0802230834961,1439,1751223893263
circle loss,batch_train_loss,71.00119018554688,1440,1751223894746
circle loss,batch_train_loss,75.56084442138672,1441,1751223896153
circle loss,batch_train_loss,73.6802749633789,1442,1751223897511
circle loss,batch_train_loss,69.89065551757812,1443,1751223898871
circle loss,batch_train_loss,63.38920211791992,1444,1751223900245
circle loss,batch_train_loss,66.06673431396484,1445,1751223901591
circle loss,batch_train_loss,64.83282470703125,1446,1751223902899
circle loss,batch_train_loss,76.53485870361328,1447,1751223904220
circle loss,batch_train_loss,78.93965911865234,1448,1751223905584
circle loss,batch_train_loss,66.97432708740234,1449,1751223906895
circle loss,batch_train_loss,77.55529022216797,1450,1751223908272
circle loss,batch_train_loss,75.00399017333984,1451,1751223909582
circle loss,batch_train_loss,55.80160140991211,1452,1751223910878
circle loss,batch_train_loss,62.2190055847168,1453,1751223912170
circle loss,batch_train_loss,91.88702392578125,1454,1751223913474
circle loss,batch_train_loss,63.48519515991211,1455,1751223914778
circle loss,batch_train_loss,72.64533233642578,1456,1751223916053
circle loss,batch_train_loss,50.740840911865234,1457,1751223917308
circle loss,batch_train_loss,92.03211212158203,1458,1751223918562
circle loss,batch_train_loss,96.51165771484375,1459,1751223919825
circle loss,batch_train_loss,68.16068267822266,1460,1751223921171
circle loss,batch_train_loss,77.98409271240234,1461,1751223922449
circle loss,batch_train_loss,86.38612365722656,1462,1751223923762
circle loss,batch_train_loss,65.60769653320312,1463,1751223925047
circle loss,batch_train_loss,63.283935546875,1464,1751223926335
circle loss,batch_train_loss,72.76943969726562,1465,1751223927620
circle loss,batch_train_loss,70.09587097167969,1466,1751223928929
circle loss,batch_train_loss,82.32518768310547,1467,1751223930226
circle loss,batch_train_loss,59.67522048950195,1468,1751223931493
circle loss,batch_train_loss,69.26837921142578,1469,1751223932722
circle loss,batch_train_loss,82.58294677734375,1470,1751223934088
circle loss,batch_train_loss,78.02715301513672,1471,1751223935407
circle loss,batch_train_loss,83.73499298095703,1472,1751223936675
circle loss,batch_train_loss,68.15909576416016,1473,1751223937930
circle loss,batch_train_loss,82.30284881591797,1474,1751223939189
circle loss,batch_train_loss,87.51278686523438,1475,1751223940452
circle loss,batch_train_loss,48.2471923828125,1476,1751223941704
circle loss,batch_train_loss,87.61669158935547,1477,1751223942960
circle loss,batch_train_loss,55.002113342285156,1478,1751223944186
circle loss,batch_train_loss,65.20865631103516,1479,1751223945826
circle loss,batch_train_loss,78.42463684082031,1480,1751223947216
circle loss,batch_train_loss,55.83120346069336,1481,1751223948552
circle loss,batch_train_loss,64.27438354492188,1482,1751223950120
circle loss,batch_train_loss,88.1424789428711,1483,1751223951371
circle loss,batch_train_loss,90.42961120605469,1484,1751223952589
circle loss,batch_train_loss,62.15227508544922,1485,1751223953921
circle loss,batch_train_loss,67.88715362548828,1486,1751223955812
circle loss,batch_train_loss,74.70455169677734,1487,1751223957130
circle loss,batch_train_loss,83.08751678466797,1488,1751223958455
circle loss,batch_train_loss,83.77337646484375,1489,1751223959747
circle loss,batch_train_loss,46.34614562988281,1490,1751223961117
circle loss,batch_train_loss,75.40043640136719,1491,1751223962402
circle loss,batch_train_loss,78.79818725585938,1492,1751223963656
circle loss,batch_train_loss,57.37900161743164,1493,1751223964931
circle loss,batch_train_loss,79.42333984375,1494,1751223966223
circle loss,batch_train_loss,59.03549575805664,1495,1751223967079
circle loss,batch_train_loss,72.09220886230469,1496,1751223981949
circle loss,batch_train_loss,78.41007232666016,1497,1751223983289
circle loss,batch_train_loss,79.47801208496094,1498,1751223984526
circle loss,batch_train_loss,86.36192321777344,1499,1751223985758
circle loss,batch_train_loss,79.10126495361328,1500,1751223987031
circle loss,batch_train_loss,82.4266586303711,1501,1751223988278
circle loss,batch_train_loss,59.410194396972656,1502,1751223989552
circle loss,batch_train_loss,74.54503631591797,1503,1751223990810
circle loss,batch_train_loss,65.13484954833984,1504,1751223992097
circle loss,batch_train_loss,65.78334045410156,1505,1751223993413
circle loss,batch_train_loss,90.70711517333984,1506,1751223994634
circle loss,batch_train_loss,56.437347412109375,1507,1751223995850
circle loss,batch_train_loss,77.82118225097656,1508,1751223997117
circle loss,batch_train_loss,50.00510025024414,1509,1751223998383
circle loss,batch_train_loss,123.3111801147461,1510,1751223999607
circle loss,batch_train_loss,76.65827178955078,1511,1751224000870
circle loss,batch_train_loss,60.91352462768555,1512,1751224002168
circle loss,batch_train_loss,59.74845504760742,1513,1751224003427
circle loss,batch_train_loss,76.07582092285156,1514,1751224004687
circle loss,batch_train_loss,66.49662017822266,1515,1751224005977
circle loss,batch_train_loss,61.949241638183594,1516,1751224007233
circle loss,batch_train_loss,85.73371887207031,1517,1751224008494
circle loss,batch_train_loss,84.07047271728516,1518,1751224009742
circle loss,batch_train_loss,80.54413604736328,1519,1751224010967
circle loss,batch_train_loss,87.955322265625,1520,1751224012226
circle loss,batch_train_loss,61.52531814575195,1521,1751224013516
circle loss,batch_train_loss,58.05757141113281,1522,1751224014750
circle loss,batch_train_loss,88.14521789550781,1523,1751224016017
circle loss,batch_train_loss,82.46619415283203,1524,1751224017244
circle loss,batch_train_loss,43.70222473144531,1525,1751224018559
circle loss,batch_train_loss,93.30528259277344,1526,1751224019795
circle loss,batch_train_loss,79.4154281616211,1527,1751224021017
circle loss,batch_train_loss,63.05768585205078,1528,1751224022267
circle loss,batch_train_loss,62.49324417114258,1529,1751224023509
circle loss,batch_train_loss,53.708091735839844,1530,1751224024751
circle loss,batch_train_loss,78.48686218261719,1531,1751224026009
circle loss,batch_train_loss,68.89920043945312,1532,1751224027216
circle loss,batch_train_loss,47.56761932373047,1533,1751224028452
circle loss,batch_train_loss,87.70054626464844,1534,1751224029662
circle loss,batch_train_loss,83.82838439941406,1535,1751224030955
circle loss,batch_train_loss,80.22637176513672,1536,1751224032207
circle loss,batch_train_loss,64.7426528930664,1537,1751224033444
circle loss,batch_train_loss,55.7079963684082,1538,1751224034646
circle loss,batch_train_loss,93.0177993774414,1539,1751224035844
circle loss,batch_train_loss,80.06126403808594,1540,1751224037046
circle loss,batch_train_loss,75.85958862304688,1541,1751224038254
circle loss,batch_train_loss,73.55906677246094,1542,1751224039468
circle loss,batch_train_loss,61.142704010009766,1543,1751224040711
circle loss,batch_train_loss,74.36447143554688,1544,1751224041931
circle loss,batch_train_loss,66.14925384521484,1545,1751224043185
circle loss,batch_train_loss,70.0485610961914,1546,1751224044481
circle loss,batch_train_loss,70.01557922363281,1547,1751224045687
circle loss,batch_train_loss,72.46974182128906,1548,1751224046899
circle loss,batch_train_loss,85.49024963378906,1549,1751224048127
circle loss,batch_train_loss,79.66206359863281,1550,1751224049390
circle loss,batch_train_loss,48.75055694580078,1551,1751224050630
circle loss,batch_train_loss,73.4979248046875,1552,1751224051872
circle loss,batch_train_loss,66.2563247680664,1553,1751224053077
circle loss,batch_train_loss,57.037620544433594,1554,1751224054345
circle loss,batch_train_loss,58.43126678466797,1555,1751224055604
circle loss,batch_train_loss,67.52373504638672,1556,1751224056836
circle loss,batch_train_loss,84.66607666015625,1557,1751224058173
circle loss,batch_train_loss,72.9264144897461,1558,1751224059462
circle loss,batch_train_loss,85.19933319091797,1559,1751224060692
circle loss,batch_train_loss,94.67809295654297,1560,1751224061915
circle loss,batch_train_loss,58.4490852355957,1561,1751224063150
circle loss,batch_train_loss,64.20808410644531,1562,1751224064409
circle loss,batch_train_loss,61.049476623535156,1563,1751224065618
circle loss,batch_train_loss,49.11854553222656,1564,1751224066825
circle loss,batch_train_loss,55.22110366821289,1565,1751224068025
circle loss,batch_train_loss,70.3974380493164,1566,1751224069254
circle loss,batch_train_loss,51.95811462402344,1567,1751224070456
circle loss,batch_train_loss,79.26322174072266,1568,1751224071782
circle loss,batch_train_loss,87.29737854003906,1569,1751224073088
circle loss,batch_train_loss,84.64752960205078,1570,1751224074386
circle loss,batch_train_loss,83.02751159667969,1571,1751224075637
circle loss,batch_train_loss,69.5564956665039,1572,1751224076856
circle loss,batch_train_loss,62.516357421875,1573,1751224078100
circle loss,batch_train_loss,79.23297882080078,1574,1751224079390
circle loss,batch_train_loss,75.09487915039062,1575,1751224080691
circle loss,batch_train_loss,79.68341827392578,1576,1751224081942
circle loss,batch_train_loss,81.3595962524414,1577,1751224083255
circle loss,batch_train_loss,74.6303482055664,1578,1751224084507
circle loss,batch_train_loss,65.59703063964844,1579,1751224085729
circle loss,batch_train_loss,81.8065414428711,1580,1751224086992
circle loss,batch_train_loss,89.09915161132812,1581,1751224088393
circle loss,batch_train_loss,56.159149169921875,1582,1751224089688
circle loss,batch_train_loss,108.42509460449219,1583,1751224090503
circle loss,batch_train_loss,78.91144561767578,1584,1751224104669
circle loss,batch_train_loss,59.612457275390625,1585,1751224105961
circle loss,batch_train_loss,83.37091827392578,1586,1751224107220
circle loss,batch_train_loss,56.69184112548828,1587,1751224108512
circle loss,batch_train_loss,98.51325225830078,1588,1751224109788
circle loss,batch_train_loss,67.66649627685547,1589,1751224111035
circle loss,batch_train_loss,72.05899047851562,1590,1751224112259
circle loss,batch_train_loss,86.13337707519531,1591,1751224113529
circle loss,batch_train_loss,62.3795051574707,1592,1751224114951
circle loss,batch_train_loss,87.54377746582031,1593,1751224116228
circle loss,batch_train_loss,100.67376708984375,1594,1751224117473
circle loss,batch_train_loss,57.28466796875,1595,1751224118735
circle loss,batch_train_loss,50.10129928588867,1596,1751224120029
circle loss,batch_train_loss,82.83443450927734,1597,1751224121272
circle loss,batch_train_loss,86.01622009277344,1598,1751224122534
circle loss,batch_train_loss,60.85926055908203,1599,1751224123868
circle loss,batch_train_loss,70.70221710205078,1600,1751224125191
circle loss,batch_train_loss,61.34206771850586,1601,1751224126473
circle loss,batch_train_loss,80.4942626953125,1602,1751224127940
circle loss,batch_train_loss,48.10068130493164,1603,1751224129166
circle loss,batch_train_loss,70.85823822021484,1604,1751224130449
circle loss,batch_train_loss,45.4440803527832,1605,1751224131729
circle loss,batch_train_loss,69.28460693359375,1606,1751224132970
circle loss,batch_train_loss,77.21597290039062,1607,1751224134204
circle loss,batch_train_loss,66.74424743652344,1608,1751224135457
circle loss,batch_train_loss,66.7567367553711,1609,1751224136683
circle loss,batch_train_loss,68.60530853271484,1610,1751224137917
circle loss,batch_train_loss,83.40132904052734,1611,1751224139139
circle loss,batch_train_loss,65.1363525390625,1612,1751224140377
circle loss,batch_train_loss,85.27590942382812,1613,1751224141664
circle loss,batch_train_loss,60.91379928588867,1614,1751224142890
circle loss,batch_train_loss,78.66576385498047,1615,1751224144111
circle loss,batch_train_loss,58.2575569152832,1616,1751224145356
circle loss,batch_train_loss,50.094425201416016,1617,1751224146608
circle loss,batch_train_loss,45.8742561340332,1618,1751224147930
circle loss,batch_train_loss,68.45943450927734,1619,1751224149255
circle loss,batch_train_loss,94.10220336914062,1620,1751224150629
circle loss,batch_train_loss,57.491111755371094,1621,1751224151919
circle loss,batch_train_loss,73.87279510498047,1622,1751224153203
circle loss,batch_train_loss,58.22394561767578,1623,1751224154765
circle loss,batch_train_loss,74.04440307617188,1624,1751224156094
circle loss,batch_train_loss,69.75731658935547,1625,1751224157350
circle loss,batch_train_loss,60.442691802978516,1626,1751224158614
circle loss,batch_train_loss,69.10308837890625,1627,1751224159861
circle loss,batch_train_loss,82.0468978881836,1628,1751224161186
circle loss,batch_train_loss,69.26102447509766,1629,1751224162464
circle loss,batch_train_loss,57.76416015625,1630,1751224163750
circle loss,batch_train_loss,73.41207885742188,1631,1751224164986
circle loss,batch_train_loss,64.13487243652344,1632,1751224166223
circle loss,batch_train_loss,65.43682861328125,1633,1751224167497
circle loss,batch_train_loss,62.791465759277344,1634,1751224168718
circle loss,batch_train_loss,98.99437713623047,1635,1751224169938
circle loss,batch_train_loss,62.11899948120117,1636,1751224171174
circle loss,batch_train_loss,79.48637390136719,1637,1751224172394
circle loss,batch_train_loss,56.97962951660156,1638,1751224173626
circle loss,batch_train_loss,75.90833282470703,1639,1751224174864
circle loss,batch_train_loss,47.22322082519531,1640,1751224176126
circle loss,batch_train_loss,49.84514617919922,1641,1751224177416
circle loss,batch_train_loss,72.29745483398438,1642,1751224178641
circle loss,batch_train_loss,58.76976776123047,1643,1751224179857
circle loss,batch_train_loss,77.31037139892578,1644,1751224181190
circle loss,batch_train_loss,72.48986053466797,1645,1751224182407
circle loss,batch_train_loss,64.90873718261719,1646,1751224183626
circle loss,batch_train_loss,92.5980453491211,1647,1751224184887
circle loss,batch_train_loss,80.40100860595703,1648,1751224186201
circle loss,batch_train_loss,63.19608688354492,1649,1751224187514
circle loss,batch_train_loss,47.367401123046875,1650,1751224188787
circle loss,batch_train_loss,70.47549438476562,1651,1751224190054
circle loss,batch_train_loss,62.12796401977539,1652,1751224191310
circle loss,batch_train_loss,84.29156494140625,1653,1751224192605
circle loss,batch_train_loss,49.54092025756836,1654,1751224193869
circle loss,batch_train_loss,60.32398223876953,1655,1751224195147
circle loss,batch_train_loss,56.9111442565918,1656,1751224196401
circle loss,batch_train_loss,76.3476333618164,1657,1751224197678
circle loss,batch_train_loss,78.11714935302734,1658,1751224198919
circle loss,batch_train_loss,58.95321273803711,1659,1751224200191
circle loss,batch_train_loss,63.41686248779297,1660,1751224201483
circle loss,batch_train_loss,54.44212341308594,1661,1751224202833
circle loss,batch_train_loss,65.04949951171875,1662,1751224204196
circle loss,batch_train_loss,56.97355270385742,1663,1751224205472
circle loss,batch_train_loss,44.63629913330078,1664,1751224206764
circle loss,batch_train_loss,58.17393112182617,1665,1751224208048
circle loss,batch_train_loss,60.63146209716797,1666,1751224209311
circle loss,batch_train_loss,88.78792572021484,1667,1751224210593
circle loss,batch_train_loss,55.9510498046875,1668,1751224211878
circle loss,batch_train_loss,62.697566986083984,1669,1751224213157
circle loss,batch_train_loss,65.40611267089844,1670,1751224214430
circle loss,batch_train_loss,109.11802673339844,1671,1751224215256
circle loss,batch_train_loss,72.36675262451172,1672,1751224229907
circle loss,batch_train_loss,62.23808670043945,1673,1751224231250
circle loss,batch_train_loss,76.69542694091797,1674,1751224232540
circle loss,batch_train_loss,59.575565338134766,1675,1751224233820
circle loss,batch_train_loss,40.87156295776367,1676,1751224235143
circle loss,batch_train_loss,57.1142463684082,1677,1751224236450
circle loss,batch_train_loss,32.60921096801758,1678,1751224237754
circle loss,batch_train_loss,57.48854064941406,1679,1751224239037
circle loss,batch_train_loss,66.1627426147461,1680,1751224240353
circle loss,batch_train_loss,72.9766845703125,1681,1751224241745
circle loss,batch_train_loss,38.69411849975586,1682,1751224243047
circle loss,batch_train_loss,79.89044189453125,1683,1751224244336
circle loss,batch_train_loss,69.28430938720703,1684,1751224245606
circle loss,batch_train_loss,67.38247680664062,1685,1751224246844
circle loss,batch_train_loss,47.389652252197266,1686,1751224248087
circle loss,batch_train_loss,91.57603454589844,1687,1751224249395
circle loss,batch_train_loss,34.31246566772461,1688,1751224250739
circle loss,batch_train_loss,81.43157196044922,1689,1751224252045
circle loss,batch_train_loss,68.16642761230469,1690,1751224253346
circle loss,batch_train_loss,69.04603576660156,1691,1751224254745
circle loss,batch_train_loss,69.5136947631836,1692,1751224256061
circle loss,batch_train_loss,59.82691192626953,1693,1751224257316
circle loss,batch_train_loss,55.47473907470703,1694,1751224258604
circle loss,batch_train_loss,57.27764892578125,1695,1751224259884
circle loss,batch_train_loss,83.93742370605469,1696,1751224261182
circle loss,batch_train_loss,65.42281341552734,1697,1751224262451
circle loss,batch_train_loss,80.43269348144531,1698,1751224263699
circle loss,batch_train_loss,87.23485565185547,1699,1751224265008
circle loss,batch_train_loss,87.21143341064453,1700,1751224266273
circle loss,batch_train_loss,73.23558807373047,1701,1751224267712
circle loss,batch_train_loss,88.21217346191406,1702,1751224269018
circle loss,batch_train_loss,51.8847541809082,1703,1751224270334
circle loss,batch_train_loss,50.243324279785156,1704,1751224271642
circle loss,batch_train_loss,61.67156982421875,1705,1751224272940
circle loss,batch_train_loss,70.33551788330078,1706,1751224274244
circle loss,batch_train_loss,84.45343017578125,1707,1751224275548
circle loss,batch_train_loss,50.5297966003418,1708,1751224276838
circle loss,batch_train_loss,65.68009185791016,1709,1751224278122
circle loss,batch_train_loss,46.044960021972656,1710,1751224279417
circle loss,batch_train_loss,50.60451126098633,1711,1751224280823
circle loss,batch_train_loss,76.60041046142578,1712,1751224282116
circle loss,batch_train_loss,64.47856903076172,1713,1751224283419
circle loss,batch_train_loss,36.62505340576172,1714,1751224284718
circle loss,batch_train_loss,88.17418670654297,1715,1751224286052
circle loss,batch_train_loss,91.47396850585938,1716,1751224287344
circle loss,batch_train_loss,79.36258697509766,1717,1751224288631
circle loss,batch_train_loss,48.016319274902344,1718,1751224289913
circle loss,batch_train_loss,69.90232849121094,1719,1751224291229
circle loss,batch_train_loss,47.92709732055664,1720,1751224292533
circle loss,batch_train_loss,67.98414611816406,1721,1751224293936
circle loss,batch_train_loss,64.13777160644531,1722,1751224295229
circle loss,batch_train_loss,91.84481048583984,1723,1751224296553
circle loss,batch_train_loss,97.93126678466797,1724,1751224297827
circle loss,batch_train_loss,86.63804626464844,1725,1751224299076
circle loss,batch_train_loss,53.7908935546875,1726,1751224300376
circle loss,batch_train_loss,63.689483642578125,1727,1751224301658
circle loss,batch_train_loss,66.36418914794922,1728,1751224302916
circle loss,batch_train_loss,70.92302703857422,1729,1751224304168
circle loss,batch_train_loss,40.680423736572266,1730,1751224305442
circle loss,batch_train_loss,80.88005065917969,1731,1751224306793
circle loss,batch_train_loss,45.06923294067383,1732,1751224308040
circle loss,batch_train_loss,59.13414001464844,1733,1751224309272
circle loss,batch_train_loss,78.73274230957031,1734,1751224310524
circle loss,batch_train_loss,71.21598052978516,1735,1751224311767
circle loss,batch_train_loss,66.49783325195312,1736,1751224313007
circle loss,batch_train_loss,54.93666076660156,1737,1751224314230
circle loss,batch_train_loss,60.56245803833008,1738,1751224315451
circle loss,batch_train_loss,74.0867919921875,1739,1751224316717
circle loss,batch_train_loss,94.810546875,1740,1751224317961
circle loss,batch_train_loss,77.12437438964844,1741,1751224319175
circle loss,batch_train_loss,64.79634857177734,1742,1751224320478
circle loss,batch_train_loss,58.61891555786133,1743,1751224321738
circle loss,batch_train_loss,62.44355010986328,1744,1751224323008
circle loss,batch_train_loss,71.73278045654297,1745,1751224324275
circle loss,batch_train_loss,42.05308151245117,1746,1751224325555
circle loss,batch_train_loss,57.659420013427734,1747,1751224326815
circle loss,batch_train_loss,87.30583190917969,1748,1751224328083
circle loss,batch_train_loss,68.06817626953125,1749,1751224329332
circle loss,batch_train_loss,51.10344696044922,1750,1751224330811
circle loss,batch_train_loss,52.79132080078125,1751,1751224332180
circle loss,batch_train_loss,62.29880905151367,1752,1751224333630
circle loss,batch_train_loss,82.4352035522461,1753,1751224335074
circle loss,batch_train_loss,60.422386169433594,1754,1751224336352
circle loss,batch_train_loss,46.81834411621094,1755,1751224337655
circle loss,batch_train_loss,95.59939575195312,1756,1751224338912
circle loss,batch_train_loss,49.15457534790039,1757,1751224340153
circle loss,batch_train_loss,67.82887268066406,1758,1751224341439
circle loss,batch_train_loss,80.88497161865234,1759,1751224342281
circle loss,batch_train_loss,54.94888687133789,1760,1751224356666
circle loss,batch_train_loss,75.1763687133789,1761,1751224357932
circle loss,batch_train_loss,97.6556167602539,1762,1751224359165
circle loss,batch_train_loss,81.94971466064453,1763,1751224360511
circle loss,batch_train_loss,62.033103942871094,1764,1751224362092
circle loss,batch_train_loss,77.40260314941406,1765,1751224363999
circle loss,batch_train_loss,66.45475006103516,1766,1751224366112
circle loss,batch_train_loss,73.67459106445312,1767,1751224367804
circle loss,batch_train_loss,67.91885375976562,1768,1751224369296
circle loss,batch_train_loss,41.037261962890625,1769,1751224370522
circle loss,batch_train_loss,74.15310668945312,1770,1751224371757
circle loss,batch_train_loss,62.58528137207031,1771,1751224373018
circle loss,batch_train_loss,47.2151985168457,1772,1751224374249
circle loss,batch_train_loss,59.71266174316406,1773,1751224375495
circle loss,batch_train_loss,66.25161743164062,1774,1751224376763
circle loss,batch_train_loss,65.01882934570312,1775,1751224378046
circle loss,batch_train_loss,49.573760986328125,1776,1751224379268
circle loss,batch_train_loss,54.65372085571289,1777,1751224380606
circle loss,batch_train_loss,53.052947998046875,1778,1751224381834
circle loss,batch_train_loss,55.10802459716797,1779,1751224383096
circle loss,batch_train_loss,50.56728744506836,1780,1751224384444
circle loss,batch_train_loss,59.76117706298828,1781,1751224385735
circle loss,batch_train_loss,60.47520446777344,1782,1751224387115
circle loss,batch_train_loss,71.30083465576172,1783,1751224388419
circle loss,batch_train_loss,97.527587890625,1784,1751224389931
circle loss,batch_train_loss,68.37487030029297,1785,1751224391200
circle loss,batch_train_loss,42.057525634765625,1786,1751224392524
circle loss,batch_train_loss,73.05998229980469,1787,1751224393875
circle loss,batch_train_loss,57.40907287597656,1788,1751224395236
circle loss,batch_train_loss,111.5970458984375,1789,1751224396545
circle loss,batch_train_loss,69.49317169189453,1790,1751224397851
circle loss,batch_train_loss,63.24882888793945,1791,1751224399086
circle loss,batch_train_loss,101.47846221923828,1792,1751224400574
circle loss,batch_train_loss,61.18141555786133,1793,1751224401891
circle loss,batch_train_loss,43.1356201171875,1794,1751224403161
circle loss,batch_train_loss,68.97545623779297,1795,1751224404564
circle loss,batch_train_loss,66.92930603027344,1796,1751224405866
circle loss,batch_train_loss,64.77645874023438,1797,1751224407155
circle loss,batch_train_loss,49.732025146484375,1798,1751224408425
circle loss,batch_train_loss,91.46038818359375,1799,1751224409714
circle loss,batch_train_loss,47.310306549072266,1800,1751224410982
circle loss,batch_train_loss,76.1048812866211,1801,1751224412501
circle loss,batch_train_loss,90.24267578125,1802,1751224413824
circle loss,batch_train_loss,60.071556091308594,1803,1751224415121
circle loss,batch_train_loss,61.21592330932617,1804,1751224416402
circle loss,batch_train_loss,77.60875701904297,1805,1751224417745
circle loss,batch_train_loss,57.678009033203125,1806,1751224419006
circle loss,batch_train_loss,43.61699295043945,1807,1751224420264
circle loss,batch_train_loss,38.31769943237305,1808,1751224421546
circle loss,batch_train_loss,49.99187088012695,1809,1751224423076
circle loss,batch_train_loss,86.66249084472656,1810,1751224424375
circle loss,batch_train_loss,77.06080627441406,1811,1751224425640
circle loss,batch_train_loss,78.5165023803711,1812,1751224426933
circle loss,batch_train_loss,57.07502365112305,1813,1751224428251
circle loss,batch_train_loss,71.4328842163086,1814,1751224429505
circle loss,batch_train_loss,46.824951171875,1815,1751224430834
circle loss,batch_train_loss,47.10275650024414,1816,1751224432312
circle loss,batch_train_loss,76.20701599121094,1817,1751224433694
circle loss,batch_train_loss,72.71883392333984,1818,1751224434970
circle loss,batch_train_loss,68.60284423828125,1819,1751224436219
circle loss,batch_train_loss,83.58184814453125,1820,1751224437511
circle loss,batch_train_loss,63.50953674316406,1821,1751224438774
circle loss,batch_train_loss,74.82039642333984,1822,1751224440044
circle loss,batch_train_loss,52.1732063293457,1823,1751224441530
circle loss,batch_train_loss,74.20526123046875,1824,1751224442850
circle loss,batch_train_loss,54.38134002685547,1825,1751224444146
circle loss,batch_train_loss,59.143733978271484,1826,1751224445469
circle loss,batch_train_loss,63.70724105834961,1827,1751224446779
circle loss,batch_train_loss,80.9490737915039,1828,1751224448561
circle loss,batch_train_loss,65.78939819335938,1829,1751224449932
circle loss,batch_train_loss,83.31819915771484,1830,1751224451198
circle loss,batch_train_loss,85.1684341430664,1831,1751224452475
circle loss,batch_train_loss,48.626792907714844,1832,1751224453757
circle loss,batch_train_loss,67.57124328613281,1833,1751224455042
circle loss,batch_train_loss,65.70549011230469,1834,1751224456315
circle loss,batch_train_loss,74.66138458251953,1835,1751224457734
circle loss,batch_train_loss,65.19454956054688,1836,1751224459014
circle loss,batch_train_loss,70.36268615722656,1837,1751224460288
circle loss,batch_train_loss,35.069862365722656,1838,1751224461551
circle loss,batch_train_loss,44.00529479980469,1839,1751224462795
circle loss,batch_train_loss,53.0617561340332,1840,1751224464022
circle loss,batch_train_loss,71.47347259521484,1841,1751224465230
circle loss,batch_train_loss,54.95613479614258,1842,1751224466506
circle loss,batch_train_loss,81.26642608642578,1843,1751224467808
circle loss,batch_train_loss,40.11339569091797,1844,1751224469083
circle loss,batch_train_loss,77.8211669921875,1845,1751224470547
circle loss,batch_train_loss,44.525203704833984,1846,1751224471792
circle loss,batch_train_loss,78.14913940429688,1847,1751224472656
circle loss,batch_train_loss,69.90650939941406,1848,1751224486740
circle loss,batch_train_loss,73.7829360961914,1849,1751224487975
circle loss,batch_train_loss,100.29487609863281,1850,1751224489188
circle loss,batch_train_loss,70.89812469482422,1851,1751224490432
circle loss,batch_train_loss,62.674869537353516,1852,1751224491676
circle loss,batch_train_loss,51.9742546081543,1853,1751224492896
circle loss,batch_train_loss,72.62522888183594,1854,1751224494117
circle loss,batch_train_loss,71.45455932617188,1855,1751224495315
circle loss,batch_train_loss,80.69258117675781,1856,1751224496506
circle loss,batch_train_loss,69.2862548828125,1857,1751224497732
circle loss,batch_train_loss,55.711265563964844,1858,1751224499044
circle loss,batch_train_loss,43.017189025878906,1859,1751224500241
circle loss,batch_train_loss,58.1678581237793,1860,1751224501430
circle loss,batch_train_loss,57.93648147583008,1861,1751224502647
circle loss,batch_train_loss,66.76253509521484,1862,1751224503841
circle loss,batch_train_loss,55.4847297668457,1863,1751224505027
circle loss,batch_train_loss,48.505306243896484,1864,1751224506212
circle loss,batch_train_loss,63.03349304199219,1865,1751224507419
circle loss,batch_train_loss,54.06482696533203,1866,1751224508604
circle loss,batch_train_loss,73.7594223022461,1867,1751224509792
circle loss,batch_train_loss,50.957454681396484,1868,1751224510982
circle loss,batch_train_loss,67.74872589111328,1869,1751224512314
circle loss,batch_train_loss,53.08063888549805,1870,1751224513670
circle loss,batch_train_loss,57.93079376220703,1871,1751224514890
circle loss,batch_train_loss,62.777217864990234,1872,1751224516083
circle loss,batch_train_loss,43.334129333496094,1873,1751224517323
circle loss,batch_train_loss,63.45410919189453,1874,1751224518544
circle loss,batch_train_loss,76.19440460205078,1875,1751224519734
circle loss,batch_train_loss,72.21261596679688,1876,1751224520945
circle loss,batch_train_loss,50.495269775390625,1877,1751224522140
circle loss,batch_train_loss,52.155311584472656,1878,1751224523325
circle loss,batch_train_loss,70.8711166381836,1879,1751224524511
circle loss,batch_train_loss,59.532291412353516,1880,1751224525769
circle loss,batch_train_loss,41.69593811035156,1881,1751224527081
circle loss,batch_train_loss,68.91124725341797,1882,1751224528300
circle loss,batch_train_loss,60.48011779785156,1883,1751224529541
circle loss,batch_train_loss,59.77939987182617,1884,1751224530800
circle loss,batch_train_loss,50.46525192260742,1885,1751224532059
circle loss,batch_train_loss,82.68767547607422,1886,1751224533309
circle loss,batch_train_loss,77.09898376464844,1887,1751224534532
circle loss,batch_train_loss,48.309165954589844,1888,1751224535822
circle loss,batch_train_loss,36.644683837890625,1889,1751224537101
circle loss,batch_train_loss,53.70713806152344,1890,1751224538457
circle loss,batch_train_loss,68.59806060791016,1891,1751224539678
circle loss,batch_train_loss,61.56297302246094,1892,1751224540885
circle loss,batch_train_loss,76.36840057373047,1893,1751224542189
circle loss,batch_train_loss,39.746376037597656,1894,1751224543560
circle loss,batch_train_loss,57.711700439453125,1895,1751224544897
circle loss,batch_train_loss,77.71981048583984,1896,1751224546147
circle loss,batch_train_loss,57.585906982421875,1897,1751224547357
circle loss,batch_train_loss,54.14712905883789,1898,1751224548652
circle loss,batch_train_loss,81.57929229736328,1899,1751224550333
circle loss,batch_train_loss,54.08736038208008,1900,1751224551629
circle loss,batch_train_loss,54.772891998291016,1901,1751224553102
circle loss,batch_train_loss,65.34899139404297,1902,1751224554436
circle loss,batch_train_loss,80.1681137084961,1903,1751224555979
circle loss,batch_train_loss,65.19871520996094,1904,1751224557294
circle loss,batch_train_loss,63.91096496582031,1905,1751224558584
circle loss,batch_train_loss,44.95722961425781,1906,1751224560040
circle loss,batch_train_loss,44.79170608520508,1907,1751224561456
circle loss,batch_train_loss,45.79042434692383,1908,1751224562717
circle loss,batch_train_loss,90.96406555175781,1909,1751224564422
circle loss,batch_train_loss,64.68742370605469,1910,1751224566740
circle loss,batch_train_loss,54.436317443847656,1911,1751224568686
circle loss,batch_train_loss,55.45594787597656,1912,1751224570609
circle loss,batch_train_loss,39.44278335571289,1913,1751224572502
circle loss,batch_train_loss,79.74019622802734,1914,1751224574403
circle loss,batch_train_loss,47.2867317199707,1915,1751224576287
circle loss,batch_train_loss,64.62493896484375,1916,1751224578173
circle loss,batch_train_loss,60.27220916748047,1917,1751224580096
circle loss,batch_train_loss,53.96289825439453,1918,1751224582105
circle loss,batch_train_loss,39.12363815307617,1919,1751224584012
circle loss,batch_train_loss,66.94908905029297,1920,1751224585922
circle loss,batch_train_loss,39.89129638671875,1921,1751224587846
circle loss,batch_train_loss,69.45162963867188,1922,1751224589872
circle loss,batch_train_loss,64.20492553710938,1923,1751224592012
circle loss,batch_train_loss,95.69014739990234,1924,1751224594075
circle loss,batch_train_loss,43.4068717956543,1925,1751224596253
circle loss,batch_train_loss,59.56112289428711,1926,1751224598296
circle loss,batch_train_loss,67.95425415039062,1927,1751224600391
circle loss,batch_train_loss,48.447914123535156,1928,1751224602448
circle loss,batch_train_loss,48.870643615722656,1929,1751224604545
circle loss,batch_train_loss,51.25114822387695,1930,1751224606588
circle loss,batch_train_loss,43.46271514892578,1931,1751224608662
circle loss,batch_train_loss,62.84489822387695,1932,1751224610780
circle loss,batch_train_loss,71.9119873046875,1933,1751224612894
circle loss,batch_train_loss,53.877235412597656,1934,1751224615145
circle loss,batch_train_loss,51.649879455566406,1935,1751224616578
circle loss,batch_train_loss,44.16682434082031,1936,1751224641341
circle loss,batch_train_loss,47.24494552612305,1937,1751224643647
circle loss,batch_train_loss,66.28170776367188,1938,1751224645895
circle loss,batch_train_loss,45.66969299316406,1939,1751224648184
circle loss,batch_train_loss,68.58822631835938,1940,1751224650401
circle loss,batch_train_loss,64.3146743774414,1941,1751224652588
circle loss,batch_train_loss,41.552242279052734,1942,1751224654717
circle loss,batch_train_loss,57.25999450683594,1943,1751224656557
circle loss,batch_train_loss,50.141258239746094,1944,1751224658274
circle loss,batch_train_loss,34.57062530517578,1945,1751224660157
circle loss,batch_train_loss,75.4953842163086,1946,1751224661969
circle loss,batch_train_loss,59.5435791015625,1947,1751224663775
circle loss,batch_train_loss,53.53695297241211,1948,1751224665578
circle loss,batch_train_loss,63.26041030883789,1949,1751224667336
circle loss,batch_train_loss,32.7453727722168,1950,1751224669056
circle loss,batch_train_loss,61.39178466796875,1951,1751224670794
circle loss,batch_train_loss,55.1502571105957,1952,1751224672577
circle loss,batch_train_loss,81.73578643798828,1953,1751224674340
circle loss,batch_train_loss,44.61198806762695,1954,1751224676354
circle loss,batch_train_loss,54.99232482910156,1955,1751224678193
circle loss,batch_train_loss,64.91593933105469,1956,1751224679984
circle loss,batch_train_loss,76.04167175292969,1957,1751224681782
circle loss,batch_train_loss,58.84468460083008,1958,1751224683564
circle loss,batch_train_loss,45.34111404418945,1959,1751224685682
circle loss,batch_train_loss,75.12325286865234,1960,1751224687560
circle loss,batch_train_loss,53.81688690185547,1961,1751224689695
circle loss,batch_train_loss,68.7261734008789,1962,1751224691510
circle loss,batch_train_loss,57.50220489501953,1963,1751224693203
circle loss,batch_train_loss,36.66288757324219,1964,1751224694923
circle loss,batch_train_loss,69.09434509277344,1965,1751224696876
circle loss,batch_train_loss,53.441593170166016,1966,1751224698652
circle loss,batch_train_loss,67.3619613647461,1967,1751224700332
circle loss,batch_train_loss,60.22016525268555,1968,1751224702031
circle loss,batch_train_loss,48.81195831298828,1969,1751224703660
circle loss,batch_train_loss,76.64820098876953,1970,1751224705276
circle loss,batch_train_loss,62.3885612487793,1971,1751224706949
circle loss,batch_train_loss,54.6259765625,1972,1751224708615
circle loss,batch_train_loss,49.94831848144531,1973,1751224710275
circle loss,batch_train_loss,52.76816177368164,1974,1751224712431
circle loss,batch_train_loss,48.61904525756836,1975,1751224714077
circle loss,batch_train_loss,46.985328674316406,1976,1751224715699
circle loss,batch_train_loss,48.920108795166016,1977,1751224717324
circle loss,batch_train_loss,65.35566711425781,1978,1751224718903
circle loss,batch_train_loss,67.45992279052734,1979,1751224720557
circle loss,batch_train_loss,38.19394302368164,1980,1751224722237
circle loss,batch_train_loss,50.409767150878906,1981,1751224723882
circle loss,batch_train_loss,51.967872619628906,1982,1751224725566
circle loss,batch_train_loss,56.1713981628418,1983,1751224727227
circle loss,batch_train_loss,59.88021469116211,1984,1751224728860
circle loss,batch_train_loss,59.006874084472656,1985,1751224730516
circle loss,batch_train_loss,69.962158203125,1986,1751224732324
circle loss,batch_train_loss,57.998695373535156,1987,1751224733997
circle loss,batch_train_loss,64.99276733398438,1988,1751224735660
circle loss,batch_train_loss,77.3602523803711,1989,1751224737362
circle loss,batch_train_loss,71.66866302490234,1990,1751224739035
circle loss,batch_train_loss,54.30363464355469,1991,1751224740653
circle loss,batch_train_loss,65.15223693847656,1992,1751224742311
circle loss,batch_train_loss,58.991737365722656,1993,1751224743937
circle loss,batch_train_loss,69.12345886230469,1994,1751224745527
circle loss,batch_train_loss,31.933326721191406,1995,1751224747106
circle loss,batch_train_loss,32.92347717285156,1996,1751224748815
circle loss,batch_train_loss,74.06665802001953,1997,1751224750390
circle loss,batch_train_loss,53.99237060546875,1998,1751224752015
circle loss,batch_train_loss,45.04527282714844,1999,1751224753591
circle loss,batch_train_loss,52.66737365722656,2000,1751224755200
circle loss,batch_train_loss,72.25251770019531,2001,1751224756867
circle loss,batch_train_loss,73.36955261230469,2002,1751224758570
circle loss,batch_train_loss,29.064411163330078,2003,1751224760332
circle loss,batch_train_loss,56.24399948120117,2004,1751224762152
circle loss,batch_train_loss,50.693878173828125,2005,1751224763789
circle loss,batch_train_loss,48.8513069152832,2006,1751224765388
circle loss,batch_train_loss,55.502506256103516,2007,1751224767027
circle loss,batch_train_loss,47.80971908569336,2008,1751224768634
circle loss,batch_train_loss,42.43605422973633,2009,1751224770232
circle loss,batch_train_loss,42.3024787902832,2010,1751224771837
circle loss,batch_train_loss,51.920684814453125,2011,1751224773439
circle loss,batch_train_loss,40.02811813354492,2012,1751224775028
circle loss,batch_train_loss,59.044857025146484,2013,1751224776674
circle loss,batch_train_loss,67.05413818359375,2014,1751224778387
circle loss,batch_train_loss,105.70558166503906,2015,1751224780323
circle loss,batch_train_loss,52.42338562011719,2016,1751224781994
circle loss,batch_train_loss,61.587562561035156,2017,1751224783632
circle loss,batch_train_loss,59.00967788696289,2018,1751224785317
circle loss,batch_train_loss,88.66807556152344,2019,1751224786995
circle loss,batch_train_loss,49.198463439941406,2020,1751224788642
circle loss,batch_train_loss,42.88117980957031,2021,1751224790246
circle loss,batch_train_loss,42.70240020751953,2022,1751224791971
circle loss,batch_train_loss,43.60371017456055,2023,1751224793127
circle loss,batch_train_loss,55.37272644042969,2024,1751224812386
circle loss,batch_train_loss,62.455162048339844,2025,1751224814025
circle loss,batch_train_loss,71.59790802001953,2026,1751224815609
circle loss,batch_train_loss,45.29427719116211,2027,1751224817203
circle loss,batch_train_loss,83.0252685546875,2028,1751224818788
circle loss,batch_train_loss,36.48725891113281,2029,1751224820372
circle loss,batch_train_loss,54.12244415283203,2030,1751224821975
circle loss,batch_train_loss,37.58329391479492,2031,1751224823558
circle loss,batch_train_loss,63.479248046875,2032,1751224825142
circle loss,batch_train_loss,59.9676399230957,2033,1751224826723
circle loss,batch_train_loss,47.13871765136719,2034,1751224828430
circle loss,batch_train_loss,71.31856536865234,2035,1751224830022
circle loss,batch_train_loss,62.90683364868164,2036,1751224831626
circle loss,batch_train_loss,82.41216278076172,2037,1751224833246
circle loss,batch_train_loss,94.24482727050781,2038,1751224834855
circle loss,batch_train_loss,54.45024871826172,2039,1751224836455
circle loss,batch_train_loss,55.32730484008789,2040,1751224838079
circle loss,batch_train_loss,68.08402252197266,2041,1751224839678
circle loss,batch_train_loss,38.8563117980957,2042,1751224841279
circle loss,batch_train_loss,88.82789611816406,2043,1751224842897
circle loss,batch_train_loss,65.31180572509766,2044,1751224844502
circle loss,batch_train_loss,44.984683990478516,2045,1751224846205
circle loss,batch_train_loss,43.93024826049805,2046,1751224847912
circle loss,batch_train_loss,68.3759765625,2047,1751224849536
circle loss,batch_train_loss,62.13484191894531,2048,1751224851168
circle loss,batch_train_loss,66.60787963867188,2049,1751224852845
circle loss,batch_train_loss,61.90522003173828,2050,1751224854494
circle loss,batch_train_loss,59.38215637207031,2051,1751224856143
circle loss,batch_train_loss,59.251800537109375,2052,1751224857794
circle loss,batch_train_loss,68.32176208496094,2053,1751224859429
circle loss,batch_train_loss,39.2767219543457,2054,1751224861074
circle loss,batch_train_loss,53.29178237915039,2055,1751224862726
circle loss,batch_train_loss,77.43829345703125,2056,1751224864606
circle loss,batch_train_loss,53.61334228515625,2057,1751224866238
circle loss,batch_train_loss,44.272544860839844,2058,1751224867892
circle loss,batch_train_loss,53.060306549072266,2059,1751224869510
circle loss,batch_train_loss,57.61586380004883,2060,1751224871150
circle loss,batch_train_loss,35.32722091674805,2061,1751224872844
circle loss,batch_train_loss,69.2317886352539,2062,1751224874520
circle loss,batch_train_loss,43.818946838378906,2063,1751224876178
circle loss,batch_train_loss,50.806190490722656,2064,1751224877803
circle loss,batch_train_loss,68.96363830566406,2065,1751224879431
circle loss,batch_train_loss,54.212371826171875,2066,1751224881044
circle loss,batch_train_loss,80.07166290283203,2067,1751224882879
circle loss,batch_train_loss,29.32293701171875,2068,1751224884527
circle loss,batch_train_loss,51.45216751098633,2069,1751224886199
circle loss,batch_train_loss,62.83195114135742,2070,1751224887892
circle loss,batch_train_loss,72.92689514160156,2071,1751224889607
circle loss,batch_train_loss,42.7778205871582,2072,1751224891288
circle loss,batch_train_loss,56.00471115112305,2073,1751224892983
circle loss,batch_train_loss,38.17695617675781,2074,1751224894618
circle loss,batch_train_loss,58.0615234375,2075,1751224896267
circle loss,batch_train_loss,72.63330078125,2076,1751224897909
circle loss,batch_train_loss,44.51966094970703,2077,1751224899584
circle loss,batch_train_loss,35.71467208862305,2078,1751224901469
circle loss,batch_train_loss,62.30323028564453,2079,1751224903118
circle loss,batch_train_loss,40.914424896240234,2080,1751224904795
circle loss,batch_train_loss,48.234031677246094,2081,1751224906449
circle loss,batch_train_loss,44.283653259277344,2082,1751224908072
circle loss,batch_train_loss,65.43711853027344,2083,1751224909700
circle loss,batch_train_loss,47.38336181640625,2084,1751224911312
circle loss,batch_train_loss,63.01697540283203,2085,1751224913208
circle loss,batch_train_loss,85.83991241455078,2086,1751224915167
circle loss,batch_train_loss,54.979736328125,2087,1751224916893
circle loss,batch_train_loss,35.70708084106445,2088,1751224918860
circle loss,batch_train_loss,33.99631118774414,2089,1751224920599
circle loss,batch_train_loss,40.5370979309082,2090,1751224922375
circle loss,batch_train_loss,50.385162353515625,2091,1751224924115
circle loss,batch_train_loss,59.037296295166016,2092,1751224925961
circle loss,batch_train_loss,58.672607421875,2093,1751224927910
circle loss,batch_train_loss,53.05326461791992,2094,1751224929967
circle loss,batch_train_loss,72.02472686767578,2095,1751224931921
circle loss,batch_train_loss,44.74538040161133,2096,1751224934114
circle loss,batch_train_loss,28.396455764770508,2097,1751224936242
circle loss,batch_train_loss,52.2605094909668,2098,1751224938084
circle loss,batch_train_loss,72.87775421142578,2099,1751224940201
circle loss,batch_train_loss,41.278045654296875,2100,1751224942355
circle loss,batch_train_loss,48.244197845458984,2101,1751224944669
circle loss,batch_train_loss,53.67148208618164,2102,1751224946726
circle loss,batch_train_loss,51.57643508911133,2103,1751224948605
circle loss,batch_train_loss,43.30162811279297,2104,1751224950362
circle loss,batch_train_loss,65.91758728027344,2105,1751224952110
circle loss,batch_train_loss,54.135765075683594,2106,1751224954065
circle loss,batch_train_loss,64.6342544555664,2107,1751224957206
circle loss,batch_train_loss,55.170475006103516,2108,1751224960877
circle loss,batch_train_loss,59.69329833984375,2109,1751224964350
circle loss,batch_train_loss,44.729736328125,2110,1751224967643
circle loss,batch_train_loss,64.5489501953125,2111,1751224969814
circle loss,batch_train_loss,64.35575866699219,2112,1751225001343
circle loss,batch_train_loss,36.35029602050781,2113,1751225003349
circle loss,batch_train_loss,57.13275909423828,2114,1751225005396
circle loss,batch_train_loss,47.99385070800781,2115,1751225007540
circle loss,batch_train_loss,39.919227600097656,2116,1751225009655
circle loss,batch_train_loss,88.1690444946289,2117,1751225011679
circle loss,batch_train_loss,64.73617553710938,2118,1751225013712
circle loss,batch_train_loss,32.777122497558594,2119,1751225015856
circle loss,batch_train_loss,43.948394775390625,2120,1751225017952
circle loss,batch_train_loss,34.5400505065918,2121,1751225020007
circle loss,batch_train_loss,62.662315368652344,2122,1751225022084
circle loss,batch_train_loss,76.36055755615234,2123,1751225024241
circle loss,batch_train_loss,38.90643310546875,2124,1751225026306
circle loss,batch_train_loss,53.26044464111328,2125,1751225028397
circle loss,batch_train_loss,44.93172836303711,2126,1751225030413
circle loss,batch_train_loss,42.59942626953125,2127,1751225032504
circle loss,batch_train_loss,45.46989059448242,2128,1751225034478
circle loss,batch_train_loss,51.91767501831055,2129,1751225036478
circle loss,batch_train_loss,32.54494857788086,2130,1751225038442
circle loss,batch_train_loss,46.87154006958008,2131,1751225040458
circle loss,batch_train_loss,47.42508316040039,2132,1751225042457
circle loss,batch_train_loss,49.79302215576172,2133,1751225044461
circle loss,batch_train_loss,51.36341857910156,2134,1751225046604
circle loss,batch_train_loss,41.31581497192383,2135,1751225048888
circle loss,batch_train_loss,34.830543518066406,2136,1751225051244
circle loss,batch_train_loss,38.67055892944336,2137,1751225053997
circle loss,batch_train_loss,55.845542907714844,2138,1751225056593
circle loss,batch_train_loss,43.83646011352539,2139,1751225058955
circle loss,batch_train_loss,39.73346710205078,2140,1751225061137
circle loss,batch_train_loss,41.73911666870117,2141,1751225063325
circle loss,batch_train_loss,58.565555572509766,2142,1751225065691
circle loss,batch_train_loss,46.46051788330078,2143,1751225067988
circle loss,batch_train_loss,51.48696517944336,2144,1751225070256
circle loss,batch_train_loss,63.43198013305664,2145,1751225072486
circle loss,batch_train_loss,47.97312545776367,2146,1751225074791
circle loss,batch_train_loss,44.45759201049805,2147,1751225076936
circle loss,batch_train_loss,36.54700469970703,2148,1751225079000
circle loss,batch_train_loss,52.0892219543457,2149,1751225081083
circle loss,batch_train_loss,36.57049560546875,2150,1751225083079
circle loss,batch_train_loss,45.07650375366211,2151,1751225085058
circle loss,batch_train_loss,58.95004653930664,2152,1751225087043
circle loss,batch_train_loss,61.187294006347656,2153,1751225089089
circle loss,batch_train_loss,51.525108337402344,2154,1751225091080
circle loss,batch_train_loss,57.83386993408203,2155,1751225093100
circle loss,batch_train_loss,50.698707580566406,2156,1751225095070
circle loss,batch_train_loss,57.5012321472168,2157,1751225097051
circle loss,batch_train_loss,62.71799850463867,2158,1751225098998
circle loss,batch_train_loss,56.6287727355957,2159,1751225100726
circle loss,batch_train_loss,53.66805648803711,2160,1751225102096
circle loss,batch_train_loss,38.890037536621094,2161,1751225103425
circle loss,batch_train_loss,45.03620147705078,2162,1751225104845
circle loss,batch_train_loss,59.076820373535156,2163,1751225106137
circle loss,batch_train_loss,48.54030990600586,2164,1751225107423
circle loss,batch_train_loss,61.06062316894531,2165,1751225108711
circle loss,batch_train_loss,38.13436508178711,2166,1751225109988
circle loss,batch_train_loss,58.41876983642578,2167,1751225111263
circle loss,batch_train_loss,36.07232666015625,2168,1751225112536
circle loss,batch_train_loss,45.59051513671875,2169,1751225113850
circle loss,batch_train_loss,41.46723556518555,2170,1751225115118
circle loss,batch_train_loss,54.575897216796875,2171,1751225116381
circle loss,batch_train_loss,39.78120040893555,2172,1751225117648
circle loss,batch_train_loss,53.04573440551758,2173,1751225118913
circle loss,batch_train_loss,55.10513687133789,2174,1751225120248
circle loss,batch_train_loss,51.74210739135742,2175,1751225121495
circle loss,batch_train_loss,42.42530059814453,2176,1751225122738
circle loss,batch_train_loss,56.365379333496094,2177,1751225123981
circle loss,batch_train_loss,44.29450225830078,2178,1751225125214
circle loss,batch_train_loss,51.167808532714844,2179,1751225126442
circle loss,batch_train_loss,73.50450134277344,2180,1751225127669
circle loss,batch_train_loss,52.60320281982422,2181,1751225128890
circle loss,batch_train_loss,43.71674346923828,2182,1751225130104
circle loss,batch_train_loss,46.163787841796875,2183,1751225131315
circle loss,batch_train_loss,55.334774017333984,2184,1751225132523
circle loss,batch_train_loss,61.91104507446289,2185,1751225133733
circle loss,batch_train_loss,64.62723541259766,2186,1751225135013
circle loss,batch_train_loss,31.41338539123535,2187,1751225136219
circle loss,batch_train_loss,35.08879852294922,2188,1751225137421
circle loss,batch_train_loss,41.16812515258789,2189,1751225138619
circle loss,batch_train_loss,21.929384231567383,2190,1751225139814
circle loss,batch_train_loss,49.37839889526367,2191,1751225141018
circle loss,batch_train_loss,44.74164581298828,2192,1751225142220
circle loss,batch_train_loss,46.119720458984375,2193,1751225143451
circle loss,batch_train_loss,35.29084396362305,2194,1751225144650
circle loss,batch_train_loss,70.1438217163086,2195,1751225145863
circle loss,batch_train_loss,66.94816589355469,2196,1751225147066
circle loss,batch_train_loss,72.4802017211914,2197,1751225148296
circle loss,batch_train_loss,47.7215576171875,2198,1751225149578
circle loss,batch_train_loss,29.59211540222168,2199,1751225150384
circle loss,batch_train_loss,34.98961639404297,2200,1751225164402
circle loss,batch_train_loss,35.50310134887695,2201,1751225165724
circle loss,batch_train_loss,40.569580078125,2202,1751225167026
circle loss,batch_train_loss,55.796295166015625,2203,1751225168380
circle loss,batch_train_loss,30.235164642333984,2204,1751225169631
circle loss,batch_train_loss,71.73912811279297,2205,1751225170837
circle loss,batch_train_loss,34.507728576660156,2206,1751225172050
circle loss,batch_train_loss,39.33359909057617,2207,1751225173252
circle loss,batch_train_loss,40.21963119506836,2208,1751225174449
circle loss,batch_train_loss,48.45451354980469,2209,1751225175646
circle loss,batch_train_loss,74.85645294189453,2210,1751225176839
circle loss,batch_train_loss,42.82650375366211,2211,1751225178036
circle loss,batch_train_loss,68.90036010742188,2212,1751225179288
circle loss,batch_train_loss,51.9017219543457,2213,1751225180484
circle loss,batch_train_loss,63.6452751159668,2214,1751225181679
circle loss,batch_train_loss,44.77478790283203,2215,1751225183013
circle loss,batch_train_loss,42.84406661987305,2216,1751225184336
circle loss,batch_train_loss,50.90404510498047,2217,1751225185553
circle loss,batch_train_loss,38.35032653808594,2218,1751225186784
circle loss,batch_train_loss,47.83114242553711,2219,1751225188064
circle loss,batch_train_loss,33.798194885253906,2220,1751225189500
circle loss,batch_train_loss,32.225215911865234,2221,1751225190768
circle loss,batch_train_loss,40.17656707763672,2222,1751225192044
circle loss,batch_train_loss,27.085508346557617,2223,1751225193348
circle loss,batch_train_loss,41.54386520385742,2224,1751225194625
circle loss,batch_train_loss,43.30478286743164,2225,1751225195899
circle loss,batch_train_loss,48.93052673339844,2226,1751225197168
circle loss,batch_train_loss,35.02952575683594,2227,1751225198477
circle loss,batch_train_loss,25.71402931213379,2228,1751225199749
circle loss,batch_train_loss,75.45038604736328,2229,1751225201033
circle loss,batch_train_loss,73.09639739990234,2230,1751225202312
circle loss,batch_train_loss,64.61315155029297,2231,1751225203621
circle loss,batch_train_loss,48.210540771484375,2232,1751225204867
circle loss,batch_train_loss,58.94520950317383,2233,1751225206108
circle loss,batch_train_loss,41.13166046142578,2234,1751225207344
circle loss,batch_train_loss,59.53587341308594,2235,1751225208608
circle loss,batch_train_loss,44.87089157104492,2236,1751225209847
circle loss,batch_train_loss,51.91547393798828,2237,1751225211069
circle loss,batch_train_loss,73.47148132324219,2238,1751225212315
circle loss,batch_train_loss,37.121124267578125,2239,1751225213582
circle loss,batch_train_loss,57.63967514038086,2240,1751225214836
circle loss,batch_train_loss,89.64298248291016,2241,1751225216062
circle loss,batch_train_loss,51.120384216308594,2242,1751225217367
circle loss,batch_train_loss,48.64665603637695,2243,1751225218644
circle loss,batch_train_loss,56.85146713256836,2244,1751225219904
circle loss,batch_train_loss,50.385498046875,2245,1751225221153
circle loss,batch_train_loss,43.336997985839844,2246,1751225222405
circle loss,batch_train_loss,55.68508529663086,2247,1751225223682
circle loss,batch_train_loss,30.084026336669922,2248,1751225224922
circle loss,batch_train_loss,55.60837173461914,2249,1751225226148
circle loss,batch_train_loss,33.16141891479492,2250,1751225227385
circle loss,batch_train_loss,41.030574798583984,2251,1751225228732
circle loss,batch_train_loss,54.284423828125,2252,1751225229954
circle loss,batch_train_loss,46.8278694152832,2253,1751225231173
circle loss,batch_train_loss,66.31192779541016,2254,1751225232401
circle loss,batch_train_loss,36.729122161865234,2255,1751225233644
circle loss,batch_train_loss,56.48027038574219,2256,1751225234839
circle loss,batch_train_loss,62.23154067993164,2257,1751225236030
circle loss,batch_train_loss,62.34217834472656,2258,1751225237209
circle loss,batch_train_loss,25.31707000732422,2259,1751225238410
circle loss,batch_train_loss,72.69878387451172,2260,1751225239598
circle loss,batch_train_loss,36.458251953125,2261,1751225240785
circle loss,batch_train_loss,41.48360061645508,2262,1751225242030
circle loss,batch_train_loss,57.77827453613281,2263,1751225243228
circle loss,batch_train_loss,41.56694030761719,2264,1751225244409
circle loss,batch_train_loss,39.41517639160156,2265,1751225245601
circle loss,batch_train_loss,59.097900390625,2266,1751225246791
circle loss,batch_train_loss,47.40952682495117,2267,1751225248013
circle loss,batch_train_loss,47.13644790649414,2268,1751225249214
circle loss,batch_train_loss,53.68631362915039,2269,1751225250414
circle loss,batch_train_loss,46.361995697021484,2270,1751225251624
circle loss,batch_train_loss,35.328826904296875,2271,1751225252831
circle loss,batch_train_loss,47.62041091918945,2272,1751225254143
circle loss,batch_train_loss,42.083045959472656,2273,1751225255464
circle loss,batch_train_loss,49.00979232788086,2274,1751225256669
circle loss,batch_train_loss,51.75341796875,2275,1751225257859
circle loss,batch_train_loss,47.2407341003418,2276,1751225259057
circle loss,batch_train_loss,45.320220947265625,2277,1751225260247
circle loss,batch_train_loss,59.35280990600586,2278,1751225261439
circle loss,batch_train_loss,51.682743072509766,2279,1751225262629
circle loss,batch_train_loss,37.8687858581543,2280,1751225263850
circle loss,batch_train_loss,65.4110336303711,2281,1751225265058
circle loss,batch_train_loss,39.224708557128906,2282,1751225266245
circle loss,batch_train_loss,77.7551498413086,2283,1751225267439
circle loss,batch_train_loss,56.89509582519531,2284,1751225268724
circle loss,batch_train_loss,54.61668395996094,2285,1751225269910
circle loss,batch_train_loss,35.554744720458984,2286,1751225271093
circle loss,batch_train_loss,41.52217102050781,2287,1751225271878
circle loss,batch_train_loss,55.15118408203125,2288,1751225285372
circle loss,batch_train_loss,51.90747833251953,2289,1751225286570
circle loss,batch_train_loss,37.335182189941406,2290,1751225287748
circle loss,batch_train_loss,35.506591796875,2291,1751225288925
circle loss,batch_train_loss,46.92124557495117,2292,1751225290100
circle loss,batch_train_loss,44.067989349365234,2293,1751225291309
circle loss,batch_train_loss,43.576194763183594,2294,1751225292486
circle loss,batch_train_loss,30.794727325439453,2295,1751225293658
circle loss,batch_train_loss,41.141571044921875,2296,1751225294829
circle loss,batch_train_loss,68.26571655273438,2297,1751225296021
circle loss,batch_train_loss,39.20004653930664,2298,1751225297264
circle loss,batch_train_loss,26.2148494720459,2299,1751225298439
circle loss,batch_train_loss,51.77259063720703,2300,1751225299612
circle loss,batch_train_loss,29.86408805847168,2301,1751225300800
circle loss,batch_train_loss,47.29023361206055,2302,1751225301989
circle loss,batch_train_loss,53.74123764038086,2303,1751225303160
circle loss,batch_train_loss,45.65750503540039,2304,1751225304354
circle loss,batch_train_loss,29.02632713317871,2305,1751225305537
circle loss,batch_train_loss,21.746082305908203,2306,1751225306723
circle loss,batch_train_loss,44.11076354980469,2307,1751225307898
circle loss,batch_train_loss,38.788307189941406,2308,1751225309073
circle loss,batch_train_loss,50.72800827026367,2309,1751225310305
circle loss,batch_train_loss,47.889774322509766,2310,1751225311500
circle loss,batch_train_loss,36.76230239868164,2311,1751225312676
circle loss,batch_train_loss,52.842098236083984,2312,1751225313846
circle loss,batch_train_loss,36.5001106262207,2313,1751225315014
circle loss,batch_train_loss,35.77027130126953,2314,1751225316199
circle loss,batch_train_loss,52.74388885498047,2315,1751225317394
circle loss,batch_train_loss,52.10453796386719,2316,1751225318637
circle loss,batch_train_loss,34.575679779052734,2317,1751225319936
circle loss,batch_train_loss,52.997344970703125,2318,1751225321313
circle loss,batch_train_loss,33.44316101074219,2319,1751225322554
circle loss,batch_train_loss,45.492759704589844,2320,1751225323793
circle loss,batch_train_loss,31.91249656677246,2321,1751225325082
circle loss,batch_train_loss,44.24580764770508,2322,1751225326374
circle loss,batch_train_loss,42.74619674682617,2323,1751225327611
circle loss,batch_train_loss,54.53022766113281,2324,1751225328871
circle loss,batch_train_loss,58.71809768676758,2325,1751225330227
circle loss,batch_train_loss,60.3354377746582,2326,1751225331532
circle loss,batch_train_loss,43.70981979370117,2327,1751225332786
circle loss,batch_train_loss,42.784854888916016,2328,1751225334084
circle loss,batch_train_loss,32.087947845458984,2329,1751225335358
circle loss,batch_train_loss,48.239681243896484,2330,1751225336762
circle loss,batch_train_loss,44.8661994934082,2331,1751225338027
circle loss,batch_train_loss,55.25446319580078,2332,1751225339315
circle loss,batch_train_loss,29.1278018951416,2333,1751225340566
circle loss,batch_train_loss,39.196022033691406,2334,1751225341821
circle loss,batch_train_loss,58.70364761352539,2335,1751225343043
circle loss,batch_train_loss,45.089176177978516,2336,1751225344380
circle loss,batch_train_loss,66.00128936767578,2337,1751225345700
circle loss,batch_train_loss,59.494747161865234,2338,1751225347033
circle loss,batch_train_loss,44.980140686035156,2339,1751225348306
circle loss,batch_train_loss,58.60267639160156,2340,1751225349556
circle loss,batch_train_loss,54.36628723144531,2341,1751225350824
circle loss,batch_train_loss,49.219173431396484,2342,1751225352067
circle loss,batch_train_loss,42.37837219238281,2343,1751225353272
circle loss,batch_train_loss,55.57711410522461,2344,1751225354475
circle loss,batch_train_loss,58.52991485595703,2345,1751225355670
circle loss,batch_train_loss,68.70582580566406,2346,1751225356888
circle loss,batch_train_loss,58.32660675048828,2347,1751225358087
circle loss,batch_train_loss,40.81760025024414,2348,1751225359277
circle loss,batch_train_loss,60.80345153808594,2349,1751225360463
circle loss,batch_train_loss,40.63850784301758,2350,1751225361669
circle loss,batch_train_loss,52.02288818359375,2351,1751225362864
circle loss,batch_train_loss,33.449134826660156,2352,1751225364072
circle loss,batch_train_loss,41.027042388916016,2353,1751225365286
circle loss,batch_train_loss,38.443538665771484,2354,1751225366575
circle loss,batch_train_loss,49.47970199584961,2355,1751225367813
circle loss,batch_train_loss,57.71687316894531,2356,1751225369159
circle loss,batch_train_loss,48.46558380126953,2357,1751225370430
circle loss,batch_train_loss,43.063316345214844,2358,1751225371652
circle loss,batch_train_loss,56.26385498046875,2359,1751225372853
circle loss,batch_train_loss,48.92598342895508,2360,1751225374053
circle loss,batch_train_loss,57.91510009765625,2361,1751225375247
circle loss,batch_train_loss,62.34004592895508,2362,1751225376452
circle loss,batch_train_loss,25.777576446533203,2363,1751225377651
circle loss,batch_train_loss,44.44758224487305,2364,1751225378842
circle loss,batch_train_loss,57.0731086730957,2365,1751225380091
circle loss,batch_train_loss,45.186214447021484,2366,1751225381302
circle loss,batch_train_loss,41.535118103027344,2367,1751225382505
circle loss,batch_train_loss,32.34273910522461,2368,1751225383694
circle loss,batch_train_loss,38.28298568725586,2369,1751225384879
circle loss,batch_train_loss,48.475624084472656,2370,1751225386065
circle loss,batch_train_loss,40.74033737182617,2371,1751225387287
circle loss,batch_train_loss,69.93601989746094,2372,1751225388476
circle loss,batch_train_loss,36.719520568847656,2373,1751225389653
circle loss,batch_train_loss,50.831417083740234,2374,1751225390836
circle loss,batch_train_loss,42.464866638183594,2375,1751225391633
circle loss,batch_train_loss,42.17416763305664,2376,1751225405028
circle loss,batch_train_loss,45.779808044433594,2377,1751225406207
circle loss,batch_train_loss,29.915882110595703,2378,1751225407367
circle loss,batch_train_loss,41.38113784790039,2379,1751225408582
circle loss,batch_train_loss,27.41918182373047,2380,1751225409742
circle loss,batch_train_loss,51.75998306274414,2381,1751225410925
circle loss,batch_train_loss,88.58816528320312,2382,1751225412099
circle loss,batch_train_loss,34.74787521362305,2383,1751225413267
circle loss,batch_train_loss,53.73019790649414,2384,1751225414430
circle loss,batch_train_loss,57.846946716308594,2385,1751225415603
circle loss,batch_train_loss,49.31027603149414,2386,1751225416769
circle loss,batch_train_loss,39.7972526550293,2387,1751225417929
circle loss,batch_train_loss,49.118717193603516,2388,1751225419087
circle loss,batch_train_loss,28.073854446411133,2389,1751225420255
circle loss,batch_train_loss,51.61689376831055,2390,1751225421483
circle loss,batch_train_loss,43.08115005493164,2391,1751225422644
circle loss,batch_train_loss,39.92918395996094,2392,1751225423806
circle loss,batch_train_loss,34.80670928955078,2393,1751225424964
circle loss,batch_train_loss,33.62796401977539,2394,1751225426161
circle loss,batch_train_loss,45.22947692871094,2395,1751225427322
circle loss,batch_train_loss,42.078033447265625,2396,1751225428486
circle loss,batch_train_loss,29.855913162231445,2397,1751225429668
circle loss,batch_train_loss,61.395660400390625,2398,1751225430926
circle loss,batch_train_loss,58.01997375488281,2399,1751225432273
circle loss,batch_train_loss,50.70131301879883,2400,1751225433603
circle loss,batch_train_loss,60.76295471191406,2401,1751225434887
circle loss,batch_train_loss,32.51015853881836,2402,1751225436153
circle loss,batch_train_loss,70.56376647949219,2403,1751225437429
circle loss,batch_train_loss,63.20439147949219,2404,1751225438733
circle loss,batch_train_loss,43.107444763183594,2405,1751225440013
circle loss,batch_train_loss,41.71001434326172,2406,1751225441230
circle loss,batch_train_loss,49.507144927978516,2407,1751225442434
circle loss,batch_train_loss,51.00518035888672,2408,1751225443658
circle loss,batch_train_loss,35.11505126953125,2409,1751225444879
circle loss,batch_train_loss,27.74351692199707,2410,1751225446123
circle loss,batch_train_loss,60.3818359375,2411,1751225447413
circle loss,batch_train_loss,30.813066482543945,2412,1751225448708
circle loss,batch_train_loss,42.77156448364258,2413,1751225450007
circle loss,batch_train_loss,44.50364303588867,2414,1751225451344
circle loss,batch_train_loss,46.65837097167969,2415,1751225452605
circle loss,batch_train_loss,36.81153869628906,2416,1751225453888
circle loss,batch_train_loss,24.449886322021484,2417,1751225455145
circle loss,batch_train_loss,40.18235397338867,2418,1751225456522
circle loss,batch_train_loss,52.20911407470703,2419,1751225457806
circle loss,batch_train_loss,37.0161247253418,2420,1751225459043
circle loss,batch_train_loss,29.969738006591797,2421,1751225460243
circle loss,batch_train_loss,64.40052032470703,2422,1751225461475
circle loss,batch_train_loss,57.046669006347656,2423,1751225462806
circle loss,batch_train_loss,36.206031799316406,2424,1751225464063
circle loss,batch_train_loss,26.05733299255371,2425,1751225465284
circle loss,batch_train_loss,72.76937103271484,2426,1751225466542
circle loss,batch_train_loss,43.459835052490234,2427,1751225467760
circle loss,batch_train_loss,60.301944732666016,2428,1751225468994
circle loss,batch_train_loss,30.34624481201172,2429,1751225470211
circle loss,batch_train_loss,45.703948974609375,2430,1751225471425
circle loss,batch_train_loss,58.66114044189453,2431,1751225472630
circle loss,batch_train_loss,35.21311569213867,2432,1751225473947
circle loss,batch_train_loss,52.01505661010742,2433,1751225475218
circle loss,batch_train_loss,53.213802337646484,2434,1751225476478
circle loss,batch_train_loss,25.286619186401367,2435,1751225477712
circle loss,batch_train_loss,54.61869812011719,2436,1751225478957
circle loss,batch_train_loss,39.06467819213867,2437,1751225480204
circle loss,batch_train_loss,40.4993896484375,2438,1751225481468
circle loss,batch_train_loss,36.232208251953125,2439,1751225482726
circle loss,batch_train_loss,44.86753845214844,2440,1751225483997
circle loss,batch_train_loss,48.94989776611328,2441,1751225485266
circle loss,batch_train_loss,57.593482971191406,2442,1751225486568
circle loss,batch_train_loss,35.349822998046875,2443,1751225487800
circle loss,batch_train_loss,49.42536544799805,2444,1751225489051
circle loss,batch_train_loss,46.65422439575195,2445,1751225490353
circle loss,batch_train_loss,52.59513473510742,2446,1751225491620
circle loss,batch_train_loss,49.21118927001953,2447,1751225492868
circle loss,batch_train_loss,42.52010726928711,2448,1751225494102
circle loss,batch_train_loss,32.16815948486328,2449,1751225495322
circle loss,batch_train_loss,73.05162048339844,2450,1751225496645
circle loss,batch_train_loss,53.862823486328125,2451,1751225497866
circle loss,batch_train_loss,42.68389129638672,2452,1751225499139
circle loss,batch_train_loss,56.75960922241211,2453,1751225500388
circle loss,batch_train_loss,48.91592025756836,2454,1751225501692
circle loss,batch_train_loss,40.48297119140625,2455,1751225503192
circle loss,batch_train_loss,45.418548583984375,2456,1751225504577
circle loss,batch_train_loss,30.449317932128906,2457,1751225505886
circle loss,batch_train_loss,48.02108383178711,2458,1751225507416
circle loss,batch_train_loss,56.58222961425781,2459,1751225509349
circle loss,batch_train_loss,60.26839065551758,2460,1751225511198
circle loss,batch_train_loss,39.459537506103516,2461,1751225512874
circle loss,batch_train_loss,43.65739440917969,2462,1751225515078
circle loss,batch_train_loss,39.75088119506836,2463,1751225516573
circle loss,batch_train_loss,43.36486053466797,2464,1751225533203
circle loss,batch_train_loss,30.37491226196289,2465,1751225534513
circle loss,batch_train_loss,58.32421875,2466,1751225535802
circle loss,batch_train_loss,56.58930969238281,2467,1751225537091
circle loss,batch_train_loss,44.65451431274414,2468,1751225538492
circle loss,batch_train_loss,29.266860961914062,2469,1751225539881
circle loss,batch_train_loss,47.09709167480469,2470,1751225541189
circle loss,batch_train_loss,53.73396682739258,2471,1751225542511
circle loss,batch_train_loss,44.850730895996094,2472,1751225543910
circle loss,batch_train_loss,40.2599983215332,2473,1751225545245
circle loss,batch_train_loss,56.271507263183594,2474,1751225546559
circle loss,batch_train_loss,39.413841247558594,2475,1751225547922
circle loss,batch_train_loss,52.32548904418945,2476,1751225549278
circle loss,batch_train_loss,39.35162353515625,2477,1751225550582
circle loss,batch_train_loss,31.353910446166992,2478,1751225551884
circle loss,batch_train_loss,44.0667610168457,2479,1751225553296
circle loss,batch_train_loss,38.043148040771484,2480,1751225554595
circle loss,batch_train_loss,29.081071853637695,2481,1751225555932
circle loss,batch_train_loss,46.60547637939453,2482,1751225557251
circle loss,batch_train_loss,51.780521392822266,2483,1751225558568
circle loss,batch_train_loss,60.31997299194336,2484,1751225559908
circle loss,batch_train_loss,51.89509582519531,2485,1751225561296
circle loss,batch_train_loss,36.8804931640625,2486,1751225562715
circle loss,batch_train_loss,39.5114860534668,2487,1751225564134
circle loss,batch_train_loss,50.541751861572266,2488,1751225565529
circle loss,batch_train_loss,36.886016845703125,2489,1751225566949
circle loss,batch_train_loss,50.14604949951172,2490,1751225568314
circle loss,batch_train_loss,43.99112319946289,2491,1751225569684
circle loss,batch_train_loss,26.050622940063477,2492,1751225571008
circle loss,batch_train_loss,40.36275100708008,2493,1751225572252
circle loss,batch_train_loss,38.29806137084961,2494,1751225573591
circle loss,batch_train_loss,31.396512985229492,2495,1751225574888
circle loss,batch_train_loss,45.911312103271484,2496,1751225576170
circle loss,batch_train_loss,33.081398010253906,2497,1751225577413
circle loss,batch_train_loss,58.524322509765625,2498,1751225578684
circle loss,batch_train_loss,58.376529693603516,2499,1751225580088
circle loss,batch_train_loss,39.260223388671875,2500,1751225581405
circle loss,batch_train_loss,59.073448181152344,2501,1751225582730
circle loss,batch_train_loss,35.73384475708008,2502,1751225584029
circle loss,batch_train_loss,43.126041412353516,2503,1751225585411
circle loss,batch_train_loss,62.21214294433594,2504,1751225586711
circle loss,batch_train_loss,45.462181091308594,2505,1751225587998
circle loss,batch_train_loss,33.236366271972656,2506,1751225589334
circle loss,batch_train_loss,38.37403869628906,2507,1751225590647
circle loss,batch_train_loss,47.146888732910156,2508,1751225592029
circle loss,batch_train_loss,35.89393615722656,2509,1751225593330
circle loss,batch_train_loss,41.534061431884766,2510,1751225594634
circle loss,batch_train_loss,35.051002502441406,2511,1751225595881
circle loss,batch_train_loss,45.9566535949707,2512,1751225597139
circle loss,batch_train_loss,42.50485610961914,2513,1751225598414
circle loss,batch_train_loss,38.90055465698242,2514,1751225599768
circle loss,batch_train_loss,63.660545349121094,2515,1751225601006
circle loss,batch_train_loss,54.771732330322266,2516,1751225602248
circle loss,batch_train_loss,42.55602264404297,2517,1751225603473
circle loss,batch_train_loss,43.499603271484375,2518,1751225604736
circle loss,batch_train_loss,52.44496154785156,2519,1751225605965
circle loss,batch_train_loss,44.136009216308594,2520,1751225607250
circle loss,batch_train_loss,23.898466110229492,2521,1751225608525
circle loss,batch_train_loss,57.69759750366211,2522,1751225609900
circle loss,batch_train_loss,29.916250228881836,2523,1751225611153
circle loss,batch_train_loss,61.66819763183594,2524,1751225612438
circle loss,batch_train_loss,28.471921920776367,2525,1751225613694
circle loss,batch_train_loss,51.932701110839844,2526,1751225615041
circle loss,batch_train_loss,53.67032241821289,2527,1751225616310
circle loss,batch_train_loss,39.3568000793457,2528,1751225617597
circle loss,batch_train_loss,39.96507263183594,2529,1751225618868
circle loss,batch_train_loss,45.64177703857422,2530,1751225620114
circle loss,batch_train_loss,29.57177734375,2531,1751225621361
circle loss,batch_train_loss,50.78367233276367,2532,1751225622636
circle loss,batch_train_loss,37.79277420043945,2533,1751225623937
circle loss,batch_train_loss,47.67394256591797,2534,1751225625256
circle loss,batch_train_loss,47.03753662109375,2535,1751225626548
circle loss,batch_train_loss,41.9059944152832,2536,1751225627834
circle loss,batch_train_loss,51.63494873046875,2537,1751225629217
circle loss,batch_train_loss,46.9471321105957,2538,1751225630508
circle loss,batch_train_loss,49.17924499511719,2539,1751225631800
circle loss,batch_train_loss,42.66727066040039,2540,1751225633061
circle loss,batch_train_loss,31.427942276000977,2541,1751225634434
circle loss,batch_train_loss,48.61924362182617,2542,1751225635741
circle loss,batch_train_loss,34.00591278076172,2543,1751225637022
circle loss,batch_train_loss,35.746700286865234,2544,1751225638355
circle loss,batch_train_loss,48.9505729675293,2545,1751225639628
circle loss,batch_train_loss,32.20998764038086,2546,1751225641006
circle loss,batch_train_loss,33.34077835083008,2547,1751225642281
circle loss,batch_train_loss,51.639190673828125,2548,1751225643523
circle loss,batch_train_loss,30.080928802490234,2549,1751225644841
circle loss,batch_train_loss,58.91740036010742,2550,1751225646126
circle loss,batch_train_loss,30.238525390625,2551,1751225647026
circle loss,batch_train_loss,48.93585205078125,2552,1751225661972
circle loss,batch_train_loss,61.97468566894531,2553,1751225663199
circle loss,batch_train_loss,34.64169692993164,2554,1751225664431
circle loss,batch_train_loss,20.758472442626953,2555,1751225665766
circle loss,batch_train_loss,37.45567321777344,2556,1751225667062
circle loss,batch_train_loss,28.164052963256836,2557,1751225668411
circle loss,batch_train_loss,48.4283447265625,2558,1751225669675
circle loss,batch_train_loss,40.772674560546875,2559,1751225670900
circle loss,batch_train_loss,50.58760452270508,2560,1751225672172
circle loss,batch_train_loss,22.061710357666016,2561,1751225673404
circle loss,batch_train_loss,33.65507888793945,2562,1751225674641
circle loss,batch_train_loss,41.784324645996094,2563,1751225675959
circle loss,batch_train_loss,47.23146438598633,2564,1751225677311
circle loss,batch_train_loss,33.89434814453125,2565,1751225678548
circle loss,batch_train_loss,49.484588623046875,2566,1751225679819
circle loss,batch_train_loss,24.646240234375,2567,1751225681113
circle loss,batch_train_loss,33.337738037109375,2568,1751225682424
circle loss,batch_train_loss,23.036794662475586,2569,1751225683824
circle loss,batch_train_loss,30.6726016998291,2570,1751225685099
circle loss,batch_train_loss,42.69552993774414,2571,1751225686326
circle loss,batch_train_loss,31.131053924560547,2572,1751225687653
circle loss,batch_train_loss,41.463443756103516,2573,1751225688976
circle loss,batch_train_loss,29.64582633972168,2574,1751225690282
circle loss,batch_train_loss,33.136138916015625,2575,1751225691516
circle loss,batch_train_loss,54.42194366455078,2576,1751225693403
circle loss,batch_train_loss,32.117496490478516,2577,1751225695308
circle loss,batch_train_loss,41.74466323852539,2578,1751225697120
circle loss,batch_train_loss,43.5682258605957,2579,1751225699237
circle loss,batch_train_loss,36.531349182128906,2580,1751225701101
circle loss,batch_train_loss,55.28951644897461,2581,1751225702964
circle loss,batch_train_loss,49.392208099365234,2582,1751225704292
circle loss,batch_train_loss,37.560768127441406,2583,1751225705544
circle loss,batch_train_loss,51.61061096191406,2584,1751225706794
circle loss,batch_train_loss,41.50616455078125,2585,1751225708119
circle loss,batch_train_loss,25.286649703979492,2586,1751225709377
circle loss,batch_train_loss,40.59027862548828,2587,1751225710619
circle loss,batch_train_loss,28.529260635375977,2588,1751225711866
circle loss,batch_train_loss,55.807640075683594,2589,1751225713144
circle loss,batch_train_loss,25.92564582824707,2590,1751225714404
circle loss,batch_train_loss,42.957191467285156,2591,1751225715668
circle loss,batch_train_loss,35.14665222167969,2592,1751225716894
circle loss,batch_train_loss,20.825122833251953,2593,1751225718147
circle loss,batch_train_loss,36.389347076416016,2594,1751225719390
circle loss,batch_train_loss,54.08493423461914,2595,1751225720632
circle loss,batch_train_loss,51.55915451049805,2596,1751225721858
circle loss,batch_train_loss,31.646087646484375,2597,1751225723084
circle loss,batch_train_loss,31.70368194580078,2598,1751225724374
circle loss,batch_train_loss,30.689815521240234,2599,1751225725722
circle loss,batch_train_loss,28.8748836517334,2600,1751225727592
circle loss,batch_train_loss,32.074337005615234,2601,1751225729505
circle loss,batch_train_loss,30.548629760742188,2602,1751225731105
circle loss,batch_train_loss,48.147605895996094,2603,1751225732458
circle loss,batch_train_loss,37.82044982910156,2604,1751225733723
circle loss,batch_train_loss,30.736656188964844,2605,1751225734955
circle loss,batch_train_loss,38.921268463134766,2606,1751225736203
circle loss,batch_train_loss,43.248172760009766,2607,1751225737440
circle loss,batch_train_loss,35.571739196777344,2608,1751225738699
circle loss,batch_train_loss,39.28427505493164,2609,1751225739921
circle loss,batch_train_loss,29.613313674926758,2610,1751225741154
circle loss,batch_train_loss,34.63135528564453,2611,1751225742399
circle loss,batch_train_loss,58.77116012573242,2612,1751225743654
circle loss,batch_train_loss,50.870540618896484,2613,1751225744886
circle loss,batch_train_loss,53.25527572631836,2614,1751225746129
circle loss,batch_train_loss,37.67194747924805,2615,1751225747371
circle loss,batch_train_loss,42.5291862487793,2616,1751225748752
circle loss,batch_train_loss,50.7953987121582,2617,1751225750523
circle loss,batch_train_loss,25.712318420410156,2618,1751225752385
circle loss,batch_train_loss,32.19658279418945,2619,1751225754155
circle loss,batch_train_loss,32.75794219970703,2620,1751225755513
circle loss,batch_train_loss,55.196414947509766,2621,1751225756764
circle loss,batch_train_loss,43.2730712890625,2622,1751225758003
circle loss,batch_train_loss,20.666282653808594,2623,1751225759265
circle loss,batch_train_loss,23.513063430786133,2624,1751225760518
circle loss,batch_train_loss,35.83367919921875,2625,1751225761771
circle loss,batch_train_loss,34.68351364135742,2626,1751225763015
circle loss,batch_train_loss,47.04362106323242,2627,1751225764298
circle loss,batch_train_loss,27.848108291625977,2628,1751225765527
circle loss,batch_train_loss,28.701393127441406,2629,1751225766757
circle loss,batch_train_loss,35.464656829833984,2630,1751225767984
circle loss,batch_train_loss,35.79887390136719,2631,1751225769226
circle loss,batch_train_loss,37.08237838745117,2632,1751225770520
circle loss,batch_train_loss,33.57780075073242,2633,1751225771777
circle loss,batch_train_loss,34.963436126708984,2634,1751225772988
circle loss,batch_train_loss,53.51573944091797,2635,1751225774232
circle loss,batch_train_loss,52.994815826416016,2636,1751225775444
circle loss,batch_train_loss,59.86800003051758,2637,1751225776689
circle loss,batch_train_loss,35.241363525390625,2638,1751225777930
circle loss,batch_train_loss,46.65190505981445,2639,1751225778771
circle loss,batch_train_loss,43.63011932373047,2640,1751225794671
circle loss,batch_train_loss,22.77651596069336,2641,1751225795961
circle loss,batch_train_loss,42.216835021972656,2642,1751225797203
circle loss,batch_train_loss,35.7426872253418,2643,1751225798406
circle loss,batch_train_loss,40.89271545410156,2644,1751225799635
circle loss,batch_train_loss,35.484825134277344,2645,1751225800860
circle loss,batch_train_loss,37.313289642333984,2646,1751225802070
circle loss,batch_train_loss,48.368247985839844,2647,1751225803272
circle loss,batch_train_loss,35.736122131347656,2648,1751225804472
circle loss,batch_train_loss,27.111988067626953,2649,1751225805697
circle loss,batch_train_loss,59.60664749145508,2650,1751225806899
circle loss,batch_train_loss,42.08428192138672,2651,1751225808102
circle loss,batch_train_loss,54.327613830566406,2652,1751225809308
circle loss,batch_train_loss,50.176551818847656,2653,1751225810606
circle loss,batch_train_loss,40.17266845703125,2654,1751225811858
circle loss,batch_train_loss,54.222373962402344,2655,1751225813087
circle loss,batch_train_loss,26.501140594482422,2656,1751225814325
circle loss,batch_train_loss,21.844669342041016,2657,1751225815620
circle loss,batch_train_loss,42.02286911010742,2658,1751225816834
circle loss,batch_train_loss,42.869956970214844,2659,1751225818454
circle loss,batch_train_loss,38.78050231933594,2660,1751225820301
circle loss,batch_train_loss,32.918190002441406,2661,1751225822082
circle loss,batch_train_loss,39.827796936035156,2662,1751225823578
circle loss,batch_train_loss,33.783817291259766,2663,1751225824822
circle loss,batch_train_loss,47.968448638916016,2664,1751225826122
circle loss,batch_train_loss,47.44466018676758,2665,1751225827366
circle loss,batch_train_loss,41.95454788208008,2666,1751225828627
circle loss,batch_train_loss,36.692840576171875,2667,1751225829885
circle loss,batch_train_loss,45.56138610839844,2668,1751225831120
circle loss,batch_train_loss,38.826011657714844,2669,1751225832325
circle loss,batch_train_loss,35.03904724121094,2670,1751225833533
circle loss,batch_train_loss,37.07450866699219,2671,1751225834738
circle loss,batch_train_loss,34.983177185058594,2672,1751225835964
circle loss,batch_train_loss,25.73258399963379,2673,1751225837217
circle loss,batch_train_loss,41.83736038208008,2674,1751225838419
circle loss,batch_train_loss,41.15360641479492,2675,1751225839629
circle loss,batch_train_loss,43.40426254272461,2676,1751225840885
circle loss,batch_train_loss,38.66291046142578,2677,1751225842106
circle loss,batch_train_loss,59.284149169921875,2678,1751225843319
circle loss,batch_train_loss,29.023515701293945,2679,1751225844549
circle loss,batch_train_loss,52.6478157043457,2680,1751225845813
circle loss,batch_train_loss,34.209224700927734,2681,1751225847051
circle loss,batch_train_loss,40.64759063720703,2682,1751225848279
circle loss,batch_train_loss,34.10819625854492,2683,1751225849505
circle loss,batch_train_loss,30.259963989257812,2684,1751225850740
circle loss,batch_train_loss,31.77785301208496,2685,1751225852005
circle loss,batch_train_loss,32.23670959472656,2686,1751225853284
circle loss,batch_train_loss,34.37080383300781,2687,1751225854499
circle loss,batch_train_loss,52.385955810546875,2688,1751225855727
circle loss,batch_train_loss,34.10832977294922,2689,1751225856972
circle loss,batch_train_loss,32.78593063354492,2690,1751225858205
circle loss,batch_train_loss,20.548980712890625,2691,1751225859444
circle loss,batch_train_loss,50.64418411254883,2692,1751225860734
circle loss,batch_train_loss,46.34125518798828,2693,1751225862287
circle loss,batch_train_loss,38.99679183959961,2694,1751225863676
circle loss,batch_train_loss,25.188129425048828,2695,1751225864956
circle loss,batch_train_loss,28.480213165283203,2696,1751225866284
circle loss,batch_train_loss,35.627044677734375,2697,1751225867552
circle loss,batch_train_loss,52.84876251220703,2698,1751225868859
circle loss,batch_train_loss,28.166622161865234,2699,1751225870122
circle loss,batch_train_loss,39.089656829833984,2700,1751225871398
circle loss,batch_train_loss,25.951770782470703,2701,1751225872676
circle loss,batch_train_loss,38.84120559692383,2702,1751225873955
circle loss,batch_train_loss,40.59439468383789,2703,1751225875787
circle loss,batch_train_loss,34.724727630615234,2704,1751225877849
circle loss,batch_train_loss,39.29119110107422,2705,1751225879725
circle loss,batch_train_loss,35.169715881347656,2706,1751225881766
circle loss,batch_train_loss,37.091617584228516,2707,1751225883517
circle loss,batch_train_loss,34.310150146484375,2708,1751225885218
circle loss,batch_train_loss,62.18803787231445,2709,1751225886560
circle loss,batch_train_loss,30.073518753051758,2710,1751225887918
circle loss,batch_train_loss,32.08697509765625,2711,1751225889179
circle loss,batch_train_loss,32.47224807739258,2712,1751225890495
circle loss,batch_train_loss,45.57688903808594,2713,1751225891938
circle loss,batch_train_loss,48.232032775878906,2714,1751225893315
circle loss,batch_train_loss,21.29690170288086,2715,1751225894621
circle loss,batch_train_loss,28.818023681640625,2716,1751225895990
circle loss,batch_train_loss,28.75084114074707,2717,1751225897293
circle loss,batch_train_loss,33.14888000488281,2718,1751225898593
circle loss,batch_train_loss,30.17552947998047,2719,1751225899888
circle loss,batch_train_loss,15.0933256149292,2720,1751225901212
circle loss,batch_train_loss,30.032133102416992,2721,1751225902505
circle loss,batch_train_loss,35.113582611083984,2722,1751225903801
circle loss,batch_train_loss,50.2833366394043,2723,1751225905573
circle loss,batch_train_loss,32.238224029541016,2724,1751225906926
circle loss,batch_train_loss,40.40373229980469,2725,1751225908267
circle loss,batch_train_loss,44.43452072143555,2726,1751225909535
circle loss,batch_train_loss,17.03140640258789,2727,1751225910421
circle loss,batch_train_loss,39.99041748046875,2728,1751225927026
circle loss,batch_train_loss,25.74089241027832,2729,1751225928438
circle loss,batch_train_loss,49.010719299316406,2730,1751225930087
circle loss,batch_train_loss,32.77816390991211,2731,1751225931581
circle loss,batch_train_loss,14.305312156677246,2732,1751225932898
circle loss,batch_train_loss,39.830711364746094,2733,1751225934201
circle loss,batch_train_loss,41.08839797973633,2734,1751225935487
circle loss,batch_train_loss,49.9081916809082,2735,1751225936751
circle loss,batch_train_loss,25.68756675720215,2736,1751225938071
circle loss,batch_train_loss,29.688961029052734,2737,1751225939359
circle loss,batch_train_loss,30.908361434936523,2738,1751225940695
circle loss,batch_train_loss,27.592212677001953,2739,1751225941976
circle loss,batch_train_loss,62.97854232788086,2740,1751225943268
circle loss,batch_train_loss,46.96859359741211,2741,1751225944734
circle loss,batch_train_loss,20.97425079345703,2742,1751225946163
circle loss,batch_train_loss,32.9038200378418,2743,1751225947511
circle loss,batch_train_loss,29.01190948486328,2744,1751225948791
circle loss,batch_train_loss,19.504850387573242,2745,1751225950117
circle loss,batch_train_loss,35.38066864013672,2746,1751225951424
circle loss,batch_train_loss,50.898460388183594,2747,1751225952714
circle loss,batch_train_loss,39.39583206176758,2748,1751225954009
circle loss,batch_train_loss,48.130767822265625,2749,1751225955307
circle loss,batch_train_loss,36.83549499511719,2750,1751225956625
circle loss,batch_train_loss,25.594146728515625,2751,1751225958074
circle loss,batch_train_loss,26.93174171447754,2752,1751225959377
circle loss,batch_train_loss,41.34852981567383,2753,1751225960780
circle loss,batch_train_loss,26.09602928161621,2754,1751225962142
circle loss,batch_train_loss,35.123130798339844,2755,1751225963423
circle loss,batch_train_loss,29.10674476623535,2756,1751225964700
circle loss,batch_train_loss,38.47584915161133,2757,1751225965942
circle loss,batch_train_loss,49.95317077636719,2758,1751225967319
circle loss,batch_train_loss,40.67680358886719,2759,1751225968748
circle loss,batch_train_loss,40.8282470703125,2760,1751225970061
circle loss,batch_train_loss,39.6254768371582,2761,1751225971399
circle loss,batch_train_loss,49.73321533203125,2762,1751225972792
circle loss,batch_train_loss,55.68743896484375,2763,1751225974083
circle loss,batch_train_loss,39.03877639770508,2764,1751225975299
circle loss,batch_train_loss,40.31846237182617,2765,1751225976548
circle loss,batch_train_loss,25.249574661254883,2766,1751225977849
circle loss,batch_train_loss,28.2008056640625,2767,1751225979090
circle loss,batch_train_loss,31.796289443969727,2768,1751225980364
circle loss,batch_train_loss,21.345748901367188,2769,1751225981600
circle loss,batch_train_loss,30.30556869506836,2770,1751225982900
circle loss,batch_train_loss,45.44807052612305,2771,1751225984219
circle loss,batch_train_loss,33.91850662231445,2772,1751225985481
circle loss,batch_train_loss,37.60957336425781,2773,1751225986717
circle loss,batch_train_loss,32.254783630371094,2774,1751225987980
circle loss,batch_train_loss,28.500839233398438,2775,1751225989260
circle loss,batch_train_loss,28.14345932006836,2776,1751225990544
circle loss,batch_train_loss,32.060672760009766,2777,1751225991853
circle loss,batch_train_loss,35.24047088623047,2778,1751225993136
circle loss,batch_train_loss,48.33647537231445,2779,1751225994423
circle loss,batch_train_loss,28.884347915649414,2780,1751225995836
circle loss,batch_train_loss,29.55776023864746,2781,1751225997109
circle loss,batch_train_loss,29.568883895874023,2782,1751225998575
circle loss,batch_train_loss,36.802284240722656,2783,1751225999841
circle loss,batch_train_loss,28.234743118286133,2784,1751226001405
circle loss,batch_train_loss,23.015676498413086,2785,1751226003409
circle loss,batch_train_loss,33.04499435424805,2786,1751226005269
circle loss,batch_train_loss,50.01599884033203,2787,1751226006812
circle loss,batch_train_loss,32.8812141418457,2788,1751226008232
circle loss,batch_train_loss,39.68404006958008,2789,1751226009608
circle loss,batch_train_loss,47.8465461730957,2790,1751226011057
circle loss,batch_train_loss,34.22689437866211,2791,1751226013006
circle loss,batch_train_loss,29.17002296447754,2792,1751226014365
circle loss,batch_train_loss,28.05093002319336,2793,1751226015663
circle loss,batch_train_loss,53.60661315917969,2794,1751226016931
circle loss,batch_train_loss,14.765490531921387,2795,1751226018188
circle loss,batch_train_loss,37.10292434692383,2796,1751226019490
circle loss,batch_train_loss,20.710891723632812,2797,1751226020746
circle loss,batch_train_loss,39.93082809448242,2798,1751226022008
circle loss,batch_train_loss,34.300743103027344,2799,1751226023263
circle loss,batch_train_loss,43.53876495361328,2800,1751226024563
circle loss,batch_train_loss,40.031898498535156,2801,1751226025885
circle loss,batch_train_loss,42.04573059082031,2802,1751226027302
circle loss,batch_train_loss,46.31589126586914,2803,1751226029077
circle loss,batch_train_loss,16.98244857788086,2804,1751226030530
circle loss,batch_train_loss,29.641630172729492,2805,1751226031754
circle loss,batch_train_loss,34.74886703491211,2806,1751226033064
circle loss,batch_train_loss,37.18996047973633,2807,1751226034437
circle loss,batch_train_loss,29.560672760009766,2808,1751226035708
circle loss,batch_train_loss,26.40108871459961,2809,1751226036965
circle loss,batch_train_loss,57.53680419921875,2810,1751226038245
circle loss,batch_train_loss,41.61176300048828,2811,1751226039581
circle loss,batch_train_loss,34.13628005981445,2812,1751226040988
circle loss,batch_train_loss,32.42914962768555,2813,1751226042960
circle loss,batch_train_loss,35.667545318603516,2814,1751226044484
circle loss,batch_train_loss,40.92332077026367,2815,1751226045463
circle loss,batch_train_loss,24.276161193847656,2816,1751226061075
circle loss,batch_train_loss,43.215187072753906,2817,1751226062410
circle loss,batch_train_loss,22.88652992248535,2818,1751226063687
circle loss,batch_train_loss,45.06183624267578,2819,1751226065057
circle loss,batch_train_loss,24.227766036987305,2820,1751226066423
circle loss,batch_train_loss,33.65473556518555,2821,1751226068037
circle loss,batch_train_loss,45.97566223144531,2822,1751226069733
circle loss,batch_train_loss,43.19855880737305,2823,1751226071019
circle loss,batch_train_loss,27.821279525756836,2824,1751226072307
circle loss,batch_train_loss,23.911693572998047,2825,1751226073613
circle loss,batch_train_loss,31.524930953979492,2826,1751226074993
circle loss,batch_train_loss,27.363689422607422,2827,1751226076290
circle loss,batch_train_loss,44.9870719909668,2828,1751226077558
circle loss,batch_train_loss,36.00739669799805,2829,1751226078817
circle loss,batch_train_loss,26.55852508544922,2830,1751226080096
circle loss,batch_train_loss,33.29297637939453,2831,1751226081664
circle loss,batch_train_loss,31.84199333190918,2832,1751226083582
circle loss,batch_train_loss,18.83115005493164,2833,1751226085066
circle loss,batch_train_loss,31.77850914001465,2834,1751226086367
circle loss,batch_train_loss,49.873130798339844,2835,1751226087714
circle loss,batch_train_loss,33.95069122314453,2836,1751226089391
circle loss,batch_train_loss,31.004812240600586,2837,1751226091349
circle loss,batch_train_loss,24.620882034301758,2838,1751226093262
circle loss,batch_train_loss,17.65161895751953,2839,1751226094793
circle loss,batch_train_loss,30.854019165039062,2840,1751226096106
circle loss,batch_train_loss,20.878292083740234,2841,1751226097393
circle loss,batch_train_loss,39.61616516113281,2842,1751226098678
circle loss,batch_train_loss,24.75531005859375,2843,1751226099947
circle loss,batch_train_loss,28.81707191467285,2844,1751226101183
circle loss,batch_train_loss,44.800392150878906,2845,1751226102407
circle loss,batch_train_loss,41.917659759521484,2846,1751226103641
circle loss,batch_train_loss,41.170379638671875,2847,1751226104946
circle loss,batch_train_loss,22.971450805664062,2848,1751226106171
circle loss,batch_train_loss,39.26924133300781,2849,1751226107385
circle loss,batch_train_loss,37.06822967529297,2850,1751226108617
circle loss,batch_train_loss,27.798870086669922,2851,1751226109839
circle loss,batch_train_loss,34.706485748291016,2852,1751226111059
circle loss,batch_train_loss,18.404600143432617,2853,1751226112274
circle loss,batch_train_loss,34.07443618774414,2854,1751226113500
circle loss,batch_train_loss,23.59705924987793,2855,1751226114728
circle loss,batch_train_loss,26.545827865600586,2856,1751226115947
circle loss,batch_train_loss,40.37287521362305,2857,1751226117159
circle loss,batch_train_loss,35.381980895996094,2858,1751226118387
circle loss,batch_train_loss,33.68754577636719,2859,1751226119679
circle loss,batch_train_loss,28.065271377563477,2860,1751226120904
circle loss,batch_train_loss,29.325923919677734,2861,1751226122117
circle loss,batch_train_loss,34.00968933105469,2862,1751226123330
circle loss,batch_train_loss,12.191651344299316,2863,1751226124542
circle loss,batch_train_loss,33.50731658935547,2864,1751226125741
circle loss,batch_train_loss,36.43111038208008,2865,1751226126933
circle loss,batch_train_loss,24.57400131225586,2866,1751226128138
circle loss,batch_train_loss,32.02214431762695,2867,1751226129367
circle loss,batch_train_loss,54.08374786376953,2868,1751226130583
circle loss,batch_train_loss,31.884510040283203,2869,1751226131790
circle loss,batch_train_loss,18.82639503479004,2870,1751226132987
circle loss,batch_train_loss,39.98443603515625,2871,1751226134208
circle loss,batch_train_loss,25.865711212158203,2872,1751226135466
circle loss,batch_train_loss,23.433645248413086,2873,1751226136669
circle loss,batch_train_loss,32.61703872680664,2874,1751226137864
circle loss,batch_train_loss,22.87310791015625,2875,1751226139083
circle loss,batch_train_loss,34.79850387573242,2876,1751226140278
circle loss,batch_train_loss,27.636018753051758,2877,1751226141486
circle loss,batch_train_loss,51.94059371948242,2878,1751226142737
circle loss,batch_train_loss,21.08541488647461,2879,1751226144007
circle loss,batch_train_loss,29.870229721069336,2880,1751226145244
circle loss,batch_train_loss,32.702598571777344,2881,1751226146743
circle loss,batch_train_loss,25.176971435546875,2882,1751226148053
circle loss,batch_train_loss,25.475988388061523,2883,1751226149369
circle loss,batch_train_loss,27.942867279052734,2884,1751226150915
circle loss,batch_train_loss,25.757495880126953,2885,1751226152216
circle loss,batch_train_loss,22.548553466796875,2886,1751226153518
circle loss,batch_train_loss,33.12957763671875,2887,1751226154836
circle loss,batch_train_loss,30.27642822265625,2888,1751226156115
circle loss,batch_train_loss,35.16632843017578,2889,1751226157431
circle loss,batch_train_loss,32.545745849609375,2890,1751226158704
circle loss,batch_train_loss,27.6387882232666,2891,1751226159972
circle loss,batch_train_loss,46.481475830078125,2892,1751226161245
circle loss,batch_train_loss,49.76953125,2893,1751226162476
circle loss,batch_train_loss,16.08845329284668,2894,1751226163727
circle loss,batch_train_loss,49.2562370300293,2895,1751226164999
circle loss,batch_train_loss,24.481897354125977,2896,1751226166557
circle loss,batch_train_loss,50.956939697265625,2897,1751226167836
circle loss,batch_train_loss,43.79818344116211,2898,1751226169228
circle loss,batch_train_loss,20.43133544921875,2899,1751226170493
circle loss,batch_train_loss,28.962223052978516,2900,1751226171745
circle loss,batch_train_loss,51.59733581542969,2901,1751226172990
circle loss,batch_train_loss,38.33405303955078,2902,1751226174255
circle loss,batch_train_loss,37.96400451660156,2903,1751226175078
circle loss,batch_train_loss,34.394920349121094,2904,1751226188694
circle loss,batch_train_loss,45.115745544433594,2905,1751226189938
circle loss,batch_train_loss,35.476078033447266,2906,1751226191132
circle loss,batch_train_loss,18.94837188720703,2907,1751226192310
circle loss,batch_train_loss,34.348182678222656,2908,1751226193501
circle loss,batch_train_loss,29.955446243286133,2909,1751226194730
circle loss,batch_train_loss,26.377466201782227,2910,1751226195941
circle loss,batch_train_loss,34.95075225830078,2911,1751226197120
circle loss,batch_train_loss,32.96906661987305,2912,1751226198316
circle loss,batch_train_loss,38.53534698486328,2913,1751226199561
circle loss,batch_train_loss,29.19258689880371,2914,1751226200784
circle loss,batch_train_loss,27.74459457397461,2915,1751226201996
circle loss,batch_train_loss,21.119901657104492,2916,1751226203208
circle loss,batch_train_loss,33.143333435058594,2917,1751226204450
circle loss,batch_train_loss,33.06219482421875,2918,1751226205649
circle loss,batch_train_loss,20.8409481048584,2919,1751226206865
circle loss,batch_train_loss,34.011844635009766,2920,1751226208069
circle loss,batch_train_loss,30.46666717529297,2921,1751226209269
circle loss,batch_train_loss,39.25372314453125,2922,1751226210454
circle loss,batch_train_loss,21.204727172851562,2923,1751226211638
circle loss,batch_train_loss,26.552282333374023,2924,1751226212821
circle loss,batch_train_loss,40.48482894897461,2925,1751226214055
circle loss,batch_train_loss,44.69405746459961,2926,1751226215273
circle loss,batch_train_loss,23.644044876098633,2927,1751226216538
circle loss,batch_train_loss,40.11347579956055,2928,1751226217757
circle loss,batch_train_loss,31.352266311645508,2929,1751226218985
circle loss,batch_train_loss,42.87299728393555,2930,1751226220206
circle loss,batch_train_loss,21.981319427490234,2931,1751226221423
circle loss,batch_train_loss,25.15104103088379,2932,1751226222647
circle loss,batch_train_loss,53.47310256958008,2933,1751226223858
circle loss,batch_train_loss,33.415348052978516,2934,1751226225089
circle loss,batch_train_loss,38.71718978881836,2935,1751226226327
circle loss,batch_train_loss,23.567058563232422,2936,1751226227543
circle loss,batch_train_loss,25.997480392456055,2937,1751226228770
circle loss,batch_train_loss,15.045076370239258,2938,1751226230006
circle loss,batch_train_loss,32.66143798828125,2939,1751226231250
circle loss,batch_train_loss,28.910676956176758,2940,1751226232441
circle loss,batch_train_loss,21.659774780273438,2941,1751226233634
circle loss,batch_train_loss,34.17019271850586,2942,1751226234903
circle loss,batch_train_loss,30.864486694335938,2943,1751226236123
circle loss,batch_train_loss,32.293941497802734,2944,1751226237372
circle loss,batch_train_loss,21.012998580932617,2945,1751226238608
circle loss,batch_train_loss,34.20954895019531,2946,1751226239869
circle loss,batch_train_loss,41.773834228515625,2947,1751226241075
circle loss,batch_train_loss,31.040626525878906,2948,1751226242290
circle loss,batch_train_loss,20.936016082763672,2949,1751226243483
circle loss,batch_train_loss,39.51955032348633,2950,1751226245094
circle loss,batch_train_loss,41.4543571472168,2951,1751226246805
circle loss,batch_train_loss,27.763395309448242,2952,1751226248324
circle loss,batch_train_loss,20.352561950683594,2953,1751226249730
circle loss,batch_train_loss,27.19919776916504,2954,1751226251030
circle loss,batch_train_loss,32.57865524291992,2955,1751226252273
circle loss,batch_train_loss,31.10064697265625,2956,1751226253531
circle loss,batch_train_loss,23.193655014038086,2957,1751226254906
circle loss,batch_train_loss,35.61709213256836,2958,1751226256132
circle loss,batch_train_loss,31.803071975708008,2959,1751226257366
circle loss,batch_train_loss,12.653926849365234,2960,1751226258578
circle loss,batch_train_loss,34.28768539428711,2961,1751226259797
circle loss,batch_train_loss,34.662899017333984,2962,1751226261015
circle loss,batch_train_loss,16.50060272216797,2963,1751226262221
circle loss,batch_train_loss,36.17173385620117,2964,1751226263424
circle loss,batch_train_loss,23.51824188232422,2965,1751226264671
circle loss,batch_train_loss,51.40534210205078,2966,1751226265915
circle loss,batch_train_loss,30.711244583129883,2967,1751226267262
circle loss,batch_train_loss,25.135009765625,2968,1751226268477
circle loss,batch_train_loss,21.157318115234375,2969,1751226269720
circle loss,batch_train_loss,52.17817306518555,2970,1751226270938
circle loss,batch_train_loss,23.89806365966797,2971,1751226272135
circle loss,batch_train_loss,27.644990921020508,2972,1751226273340
circle loss,batch_train_loss,43.64998245239258,2973,1751226274664
circle loss,batch_train_loss,20.815248489379883,2974,1751226275860
circle loss,batch_train_loss,32.464595794677734,2975,1751226277084
circle loss,batch_train_loss,21.633039474487305,2976,1751226278287
circle loss,batch_train_loss,25.700759887695312,2977,1751226279478
circle loss,batch_train_loss,35.39906692504883,2978,1751226280673
circle loss,batch_train_loss,29.915584564208984,2979,1751226281878
circle loss,batch_train_loss,26.959192276000977,2980,1751226283079
circle loss,batch_train_loss,36.8526496887207,2981,1751226284274
circle loss,batch_train_loss,19.813121795654297,2982,1751226285466
circle loss,batch_train_loss,28.1127872467041,2983,1751226286657
circle loss,batch_train_loss,21.4527645111084,2984,1751226287868
circle loss,batch_train_loss,24.459346771240234,2985,1751226289057
circle loss,batch_train_loss,39.05715560913086,2986,1751226290247
circle loss,batch_train_loss,34.25958251953125,2987,1751226291438
circle loss,batch_train_loss,21.474422454833984,2988,1751226292647
circle loss,batch_train_loss,37.20426559448242,2989,1751226293836
circle loss,batch_train_loss,20.75197410583496,2990,1751226295024
circle loss,batch_train_loss,5.814539432525635,2991,1751226295807
circle loss,batch_train_loss,42.204986572265625,2992,1751226309225
circle loss,batch_train_loss,16.573469161987305,2993,1751226310434
circle loss,batch_train_loss,30.58984375,2994,1751226311601
circle loss,batch_train_loss,16.599365234375,2995,1751226312761
circle loss,batch_train_loss,28.363615036010742,2996,1751226313928
circle loss,batch_train_loss,31.51222038269043,2997,1751226315114
circle loss,batch_train_loss,33.68770217895508,2998,1751226316279
circle loss,batch_train_loss,19.630130767822266,2999,1751226317448
circle loss,batch_train_loss,20.197927474975586,3000,1751226318610
circle loss,batch_train_loss,24.216890335083008,3001,1751226319790
circle loss,batch_train_loss,31.738262176513672,3002,1751226320969
circle loss,batch_train_loss,23.5100154876709,3003,1751226322139
circle loss,batch_train_loss,35.10072326660156,3004,1751226323308
circle loss,batch_train_loss,27.866178512573242,3005,1751226324490
circle loss,batch_train_loss,30.39424705505371,3006,1751226325677
circle loss,batch_train_loss,34.93600845336914,3007,1751226326849
circle loss,batch_train_loss,28.85991668701172,3008,1751226328027
circle loss,batch_train_loss,18.60970687866211,3009,1751226329204
circle loss,batch_train_loss,31.53839874267578,3010,1751226330407
circle loss,batch_train_loss,23.6275634765625,3011,1751226331649
circle loss,batch_train_loss,35.08414077758789,3012,1751226332829
circle loss,batch_train_loss,23.254568099975586,3013,1751226334003
circle loss,batch_train_loss,40.77587127685547,3014,1751226335192
circle loss,batch_train_loss,24.996959686279297,3015,1751226336365
circle loss,batch_train_loss,27.743045806884766,3016,1751226337534
circle loss,batch_train_loss,26.456480026245117,3017,1751226338709
circle loss,batch_train_loss,44.0728645324707,3018,1751226339899
circle loss,batch_train_loss,37.204833984375,3019,1751226341083
circle loss,batch_train_loss,21.858108520507812,3020,1751226342252
circle loss,batch_train_loss,27.118703842163086,3021,1751226343417
circle loss,batch_train_loss,23.230571746826172,3022,1751226344593
circle loss,batch_train_loss,29.385778427124023,3023,1751226345773
circle loss,batch_train_loss,31.29732894897461,3024,1751226346941
circle loss,batch_train_loss,25.325931549072266,3025,1751226348107
circle loss,batch_train_loss,35.702606201171875,3026,1751226349275
circle loss,batch_train_loss,28.9996337890625,3027,1751226350457
circle loss,batch_train_loss,32.857337951660156,3028,1751226351624
circle loss,batch_train_loss,28.065021514892578,3029,1751226352787
circle loss,batch_train_loss,17.607419967651367,3030,1751226353945
circle loss,batch_train_loss,37.25579071044922,3031,1751226355121
circle loss,batch_train_loss,31.484973907470703,3032,1751226356286
circle loss,batch_train_loss,21.66563606262207,3033,1751226357445
circle loss,batch_train_loss,12.398170471191406,3034,1751226358605
circle loss,batch_train_loss,39.18370819091797,3035,1751226359832
circle loss,batch_train_loss,45.47838592529297,3036,1751226361006
circle loss,batch_train_loss,15.965267181396484,3037,1751226362164
circle loss,batch_train_loss,19.571741104125977,3038,1751226363320
circle loss,batch_train_loss,23.267681121826172,3039,1751226364478
circle loss,batch_train_loss,32.989418029785156,3040,1751226365664
circle loss,batch_train_loss,26.208507537841797,3041,1751226366821
circle loss,batch_train_loss,27.6076602935791,3042,1751226367978
circle loss,batch_train_loss,40.5763053894043,3043,1751226369138
circle loss,batch_train_loss,36.38701248168945,3044,1751226370314
circle loss,batch_train_loss,35.66455841064453,3045,1751226371491
circle loss,batch_train_loss,21.362173080444336,3046,1751226372658
circle loss,batch_train_loss,42.58978271484375,3047,1751226373819
circle loss,batch_train_loss,36.90873336791992,3048,1751226374983
circle loss,batch_train_loss,16.045848846435547,3049,1751226376155
circle loss,batch_train_loss,19.62803840637207,3050,1751226377312
circle loss,batch_train_loss,28.562959671020508,3051,1751226378472
circle loss,batch_train_loss,32.616966247558594,3052,1751226379631
circle loss,batch_train_loss,25.143653869628906,3053,1751226380813
circle loss,batch_train_loss,31.654428482055664,3054,1751226381976
circle loss,batch_train_loss,21.769287109375,3055,1751226383142
circle loss,batch_train_loss,33.85960006713867,3056,1751226384309
circle loss,batch_train_loss,20.423118591308594,3057,1751226385488
circle loss,batch_train_loss,24.44451332092285,3058,1751226386713
circle loss,batch_train_loss,38.48823547363281,3059,1751226387879
circle loss,batch_train_loss,35.85166931152344,3060,1751226389044
circle loss,batch_train_loss,31.713294982910156,3061,1751226390219
circle loss,batch_train_loss,23.860965728759766,3062,1751226391387
circle loss,batch_train_loss,15.923138618469238,3063,1751226392548
circle loss,batch_train_loss,22.73347282409668,3064,1751226393708
circle loss,batch_train_loss,27.554702758789062,3065,1751226394892
circle loss,batch_train_loss,35.908695220947266,3066,1751226396139
circle loss,batch_train_loss,29.274763107299805,3067,1751226397306
circle loss,batch_train_loss,21.95107650756836,3068,1751226398473
circle loss,batch_train_loss,37.47581481933594,3069,1751226399653
circle loss,batch_train_loss,33.38156509399414,3070,1751226400833
circle loss,batch_train_loss,20.740402221679688,3071,1751226401990
circle loss,batch_train_loss,23.158578872680664,3072,1751226403147
circle loss,batch_train_loss,26.168230056762695,3073,1751226404302
circle loss,batch_train_loss,37.80569839477539,3074,1751226405473
circle loss,batch_train_loss,24.28786849975586,3075,1751226406640
circle loss,batch_train_loss,24.21576690673828,3076,1751226407806
circle loss,batch_train_loss,26.982458114624023,3077,1751226408969
circle loss,batch_train_loss,36.79738235473633,3078,1751226410134
circle loss,batch_train_loss,27.03234100341797,3079,1751226410912
circle loss,batch_train_loss,39.13550567626953,3080,1751226424058
circle loss,batch_train_loss,33.58698272705078,3081,1751226425246
circle loss,batch_train_loss,17.901613235473633,3082,1751226426401
circle loss,batch_train_loss,20.304975509643555,3083,1751226427552
circle loss,batch_train_loss,21.951683044433594,3084,1751226428702
circle loss,batch_train_loss,17.892961502075195,3085,1751226429872
circle loss,batch_train_loss,24.14793586730957,3086,1751226431029
circle loss,batch_train_loss,26.0074520111084,3087,1751226432178
circle loss,batch_train_loss,25.599557876586914,3088,1751226433328
circle loss,batch_train_loss,36.46946334838867,3089,1751226434489
circle loss,batch_train_loss,28.833152770996094,3090,1751226435649
circle loss,batch_train_loss,25.914661407470703,3091,1751226436799
circle loss,batch_train_loss,26.70035171508789,3092,1751226437948
circle loss,batch_train_loss,29.334043502807617,3093,1751226439098
circle loss,batch_train_loss,11.207902908325195,3094,1751226440270
circle loss,batch_train_loss,28.802021026611328,3095,1751226441474
circle loss,batch_train_loss,20.329050064086914,3096,1751226442632
circle loss,batch_train_loss,27.61488914489746,3097,1751226443784
circle loss,batch_train_loss,31.490713119506836,3098,1751226444988
circle loss,batch_train_loss,14.757848739624023,3099,1751226446145
circle loss,batch_train_loss,53.36722183227539,3100,1751226447304
circle loss,batch_train_loss,25.69759750366211,3101,1751226448459
circle loss,batch_train_loss,30.02075958251953,3102,1751226449626
circle loss,batch_train_loss,23.374025344848633,3103,1751226450788
circle loss,batch_train_loss,47.37839126586914,3104,1751226451943
circle loss,batch_train_loss,14.651305198669434,3105,1751226453096
circle loss,batch_train_loss,19.272674560546875,3106,1751226454249
circle loss,batch_train_loss,25.156503677368164,3107,1751226455425
circle loss,batch_train_loss,24.612323760986328,3108,1751226456576
circle loss,batch_train_loss,19.36176109313965,3109,1751226457739
circle loss,batch_train_loss,22.6407470703125,3110,1751226458896
circle loss,batch_train_loss,44.17856979370117,3111,1751226460088
circle loss,batch_train_loss,26.70699119567871,3112,1751226461256
circle loss,batch_train_loss,16.19060516357422,3113,1751226462414
circle loss,batch_train_loss,32.659793853759766,3114,1751226463575
circle loss,batch_train_loss,19.153764724731445,3115,1751226464740
circle loss,batch_train_loss,30.363004684448242,3116,1751226465912
circle loss,batch_train_loss,26.526899337768555,3117,1751226467068
circle loss,batch_train_loss,26.25753402709961,3118,1751226468275
circle loss,batch_train_loss,27.378442764282227,3119,1751226469427
circle loss,batch_train_loss,25.597705841064453,3120,1751226470608
circle loss,batch_train_loss,26.914941787719727,3121,1751226471764
circle loss,batch_train_loss,19.144485473632812,3122,1751226472914
circle loss,batch_train_loss,16.530025482177734,3123,1751226474066
circle loss,batch_train_loss,28.6395263671875,3124,1751226475225
circle loss,batch_train_loss,25.67237663269043,3125,1751226476381
circle loss,batch_train_loss,21.184770584106445,3126,1751226477538
circle loss,batch_train_loss,34.58371353149414,3127,1751226478687
circle loss,batch_train_loss,33.87940216064453,3128,1751226479843
circle loss,batch_train_loss,30.160009384155273,3129,1751226481006
circle loss,batch_train_loss,37.10279846191406,3130,1751226482155
circle loss,batch_train_loss,29.17841339111328,3131,1751226483304
circle loss,batch_train_loss,21.691978454589844,3132,1751226484448
circle loss,batch_train_loss,21.734426498413086,3133,1751226485623
circle loss,batch_train_loss,21.05773162841797,3134,1751226486769
circle loss,batch_train_loss,30.050769805908203,3135,1751226487914
circle loss,batch_train_loss,15.311372756958008,3136,1751226489058
circle loss,batch_train_loss,40.28331756591797,3137,1751226490216
circle loss,batch_train_loss,30.818899154663086,3138,1751226491366
circle loss,batch_train_loss,18.39361000061035,3139,1751226492513
circle loss,batch_train_loss,40.446739196777344,3140,1751226493660
circle loss,batch_train_loss,32.523231506347656,3141,1751226494808
circle loss,batch_train_loss,21.378726959228516,3142,1751226496027
circle loss,batch_train_loss,22.057653427124023,3143,1751226497174
circle loss,batch_train_loss,29.51185417175293,3144,1751226498323
circle loss,batch_train_loss,15.402080535888672,3145,1751226499474
circle loss,batch_train_loss,33.7830924987793,3146,1751226500714
circle loss,batch_train_loss,28.818056106567383,3147,1751226501864
circle loss,batch_train_loss,24.912118911743164,3148,1751226503015
circle loss,batch_train_loss,11.274055480957031,3149,1751226504165
circle loss,batch_train_loss,34.76211929321289,3150,1751226505326
circle loss,batch_train_loss,15.176025390625,3151,1751226506490
circle loss,batch_train_loss,22.14284896850586,3152,1751226507647
circle loss,batch_train_loss,35.58964538574219,3153,1751226508812
circle loss,batch_train_loss,40.583824157714844,3154,1751226509978
circle loss,batch_train_loss,44.07773208618164,3155,1751226511151
circle loss,batch_train_loss,29.70889663696289,3156,1751226512306
circle loss,batch_train_loss,16.27326202392578,3157,1751226513468
circle loss,batch_train_loss,26.082664489746094,3158,1751226514624
circle loss,batch_train_loss,35.24613571166992,3159,1751226515807
circle loss,batch_train_loss,23.938798904418945,3160,1751226516969
circle loss,batch_train_loss,14.434186935424805,3161,1751226518123
circle loss,batch_train_loss,46.223419189453125,3162,1751226519274
circle loss,batch_train_loss,23.041017532348633,3163,1751226520431
circle loss,batch_train_loss,28.696086883544922,3164,1751226521592
circle loss,batch_train_loss,22.80999755859375,3165,1751226522746
circle loss,batch_train_loss,20.99934959411621,3166,1751226523947
circle loss,batch_train_loss,20.438316345214844,3167,1751226524705
circle loss,batch_train_loss,26.4259090423584,3168,1751226537792
circle loss,batch_train_loss,24.010469436645508,3169,1751226538991
circle loss,batch_train_loss,11.315195083618164,3170,1751226540163
circle loss,batch_train_loss,22.948104858398438,3171,1751226541333
circle loss,batch_train_loss,23.43149185180664,3172,1751226542500
circle loss,batch_train_loss,19.038837432861328,3173,1751226543698
circle loss,batch_train_loss,22.6944580078125,3174,1751226544869
circle loss,batch_train_loss,34.10050964355469,3175,1751226546092
circle loss,batch_train_loss,23.852752685546875,3176,1751226547326
circle loss,batch_train_loss,22.752742767333984,3177,1751226548528
circle loss,batch_train_loss,18.521652221679688,3178,1751226549706
circle loss,batch_train_loss,29.62774658203125,3179,1751226550896
circle loss,batch_train_loss,19.967769622802734,3180,1751226552181
circle loss,batch_train_loss,13.446581840515137,3181,1751226553385
circle loss,batch_train_loss,39.697505950927734,3182,1751226554576
circle loss,batch_train_loss,52.78377914428711,3183,1751226555761
circle loss,batch_train_loss,25.88028335571289,3184,1751226556947
circle loss,batch_train_loss,27.90703010559082,3185,1751226558159
circle loss,batch_train_loss,13.234214782714844,3186,1751226559418
circle loss,batch_train_loss,35.77071762084961,3187,1751226560604
circle loss,batch_train_loss,38.96235656738281,3188,1751226561791
circle loss,batch_train_loss,35.85908889770508,3189,1751226562981
circle loss,batch_train_loss,33.02516555786133,3190,1751226564197
circle loss,batch_train_loss,24.35210418701172,3191,1751226565381
circle loss,batch_train_loss,17.48149299621582,3192,1751226566568
circle loss,batch_train_loss,34.398929595947266,3193,1751226567750
circle loss,batch_train_loss,23.717967987060547,3194,1751226568967
circle loss,batch_train_loss,24.465576171875,3195,1751226570151
circle loss,batch_train_loss,25.665897369384766,3196,1751226571338
circle loss,batch_train_loss,38.698577880859375,3197,1751226572520
circle loss,batch_train_loss,26.113243103027344,3198,1751226573725
circle loss,batch_train_loss,23.5373477935791,3199,1751226574909
circle loss,batch_train_loss,35.97475051879883,3200,1751226576093
circle loss,batch_train_loss,42.105552673339844,3201,1751226577275
circle loss,batch_train_loss,25.66672134399414,3202,1751226578475
circle loss,batch_train_loss,26.629573822021484,3203,1751226579817
circle loss,batch_train_loss,30.047056198120117,3204,1751226581006
circle loss,batch_train_loss,18.494319915771484,3205,1751226582189
circle loss,batch_train_loss,34.232154846191406,3206,1751226583381
circle loss,batch_train_loss,18.670801162719727,3207,1751226584571
circle loss,batch_train_loss,42.55706787109375,3208,1751226585756
circle loss,batch_train_loss,20.036975860595703,3209,1751226586937
circle loss,batch_train_loss,21.130830764770508,3210,1751226588108
circle loss,batch_train_loss,26.690786361694336,3211,1751226589311
circle loss,batch_train_loss,24.83890724182129,3212,1751226590494
circle loss,batch_train_loss,23.27934455871582,3213,1751226591666
circle loss,batch_train_loss,23.53501319885254,3214,1751226592837
circle loss,batch_train_loss,17.72989273071289,3215,1751226594027
circle loss,batch_train_loss,21.719409942626953,3216,1751226595199
circle loss,batch_train_loss,20.12848472595215,3217,1751226596371
circle loss,batch_train_loss,30.773473739624023,3218,1751226597539
circle loss,batch_train_loss,14.14763069152832,3219,1751226598721
circle loss,batch_train_loss,23.926246643066406,3220,1751226599897
circle loss,batch_train_loss,37.072418212890625,3221,1751226601075
circle loss,batch_train_loss,20.706403732299805,3222,1751226602241
circle loss,batch_train_loss,28.230579376220703,3223,1751226603409
circle loss,batch_train_loss,22.976882934570312,3224,1751226604599
circle loss,batch_train_loss,19.278278350830078,3225,1751226605764
circle loss,batch_train_loss,30.276796340942383,3226,1751226606933
circle loss,batch_train_loss,21.693754196166992,3227,1751226608190
circle loss,batch_train_loss,24.141254425048828,3228,1751226609422
circle loss,batch_train_loss,22.14813995361328,3229,1751226610612
circle loss,batch_train_loss,23.476194381713867,3230,1751226611788
circle loss,batch_train_loss,18.014467239379883,3231,1751226612959
circle loss,batch_train_loss,20.427827835083008,3232,1751226614148
circle loss,batch_train_loss,11.767197608947754,3233,1751226615322
circle loss,batch_train_loss,26.680810928344727,3234,1751226616493
circle loss,batch_train_loss,25.130239486694336,3235,1751226617660
circle loss,batch_train_loss,33.34138870239258,3236,1751226618835
circle loss,batch_train_loss,38.99800491333008,3237,1751226620011
circle loss,batch_train_loss,15.587438583374023,3238,1751226621171
circle loss,batch_train_loss,21.018465042114258,3239,1751226622335
circle loss,batch_train_loss,20.96099090576172,3240,1751226623497
circle loss,batch_train_loss,42.72309494018555,3241,1751226624683
circle loss,batch_train_loss,21.82431983947754,3242,1751226625841
circle loss,batch_train_loss,26.506168365478516,3243,1751226626999
circle loss,batch_train_loss,23.52899932861328,3244,1751226628155
circle loss,batch_train_loss,21.37200164794922,3245,1751226629323
circle loss,batch_train_loss,17.78916358947754,3246,1751226630480
circle loss,batch_train_loss,26.591934204101562,3247,1751226631630
circle loss,batch_train_loss,25.870302200317383,3248,1751226632777
circle loss,batch_train_loss,17.602449417114258,3249,1751226633927
circle loss,batch_train_loss,11.868488311767578,3250,1751226635175
circle loss,batch_train_loss,26.610368728637695,3251,1751226636325
circle loss,batch_train_loss,22.495746612548828,3252,1751226637472
circle loss,batch_train_loss,24.484615325927734,3253,1751226638623
circle loss,batch_train_loss,37.8631477355957,3254,1751226639982
circle loss,batch_train_loss,32.203060150146484,3255,1751226640876
circle loss,batch_train_loss,22.94124984741211,3256,1751226654758
circle loss,batch_train_loss,29.933862686157227,3257,1751226655945
circle loss,batch_train_loss,28.22829818725586,3258,1751226657112
circle loss,batch_train_loss,38.32136154174805,3259,1751226658285
circle loss,batch_train_loss,28.278207778930664,3260,1751226659474
circle loss,batch_train_loss,23.900876998901367,3261,1751226660680
circle loss,batch_train_loss,25.25204849243164,3262,1751226661875
circle loss,batch_train_loss,16.673433303833008,3263,1751226663052
circle loss,batch_train_loss,27.76683807373047,3264,1751226664357
circle loss,batch_train_loss,27.771177291870117,3265,1751226665558
circle loss,batch_train_loss,26.621559143066406,3266,1751226666738
circle loss,batch_train_loss,20.838542938232422,3267,1751226667916
circle loss,batch_train_loss,28.198286056518555,3268,1751226669106
circle loss,batch_train_loss,37.9588623046875,3269,1751226670298
circle loss,batch_train_loss,15.6839599609375,3270,1751226671485
circle loss,batch_train_loss,33.675025939941406,3271,1751226672666
circle loss,batch_train_loss,26.746091842651367,3272,1751226673841
circle loss,batch_train_loss,10.668954849243164,3273,1751226675031
circle loss,batch_train_loss,14.942452430725098,3274,1751226676228
circle loss,batch_train_loss,19.145713806152344,3275,1751226677406
circle loss,batch_train_loss,12.989701271057129,3276,1751226678584
circle loss,batch_train_loss,28.08725357055664,3277,1751226679763
circle loss,batch_train_loss,30.101423263549805,3278,1751226680965
circle loss,batch_train_loss,24.15519142150879,3279,1751226682140
circle loss,batch_train_loss,22.146240234375,3280,1751226683312
circle loss,batch_train_loss,18.918865203857422,3281,1751226684485
circle loss,batch_train_loss,35.07642364501953,3282,1751226685677
circle loss,batch_train_loss,35.24122619628906,3283,1751226686851
circle loss,batch_train_loss,26.249345779418945,3284,1751226688023
circle loss,batch_train_loss,14.078493118286133,3285,1751226689197
circle loss,batch_train_loss,34.579505920410156,3286,1751226690379
circle loss,batch_train_loss,34.40925598144531,3287,1751226691614
circle loss,batch_train_loss,17.433311462402344,3288,1751226692785
circle loss,batch_train_loss,35.92000961303711,3289,1751226693953
circle loss,batch_train_loss,23.85808563232422,3290,1751226695126
circle loss,batch_train_loss,20.768280029296875,3291,1751226696303
circle loss,batch_train_loss,25.279197692871094,3292,1751226697468
circle loss,batch_train_loss,15.369027137756348,3293,1751226698660
circle loss,batch_train_loss,11.272468566894531,3294,1751226699821
circle loss,batch_train_loss,13.336930274963379,3295,1751226701013
circle loss,batch_train_loss,21.641735076904297,3296,1751226702194
circle loss,batch_train_loss,28.521255493164062,3297,1751226703358
circle loss,batch_train_loss,25.30105209350586,3298,1751226704519
circle loss,batch_train_loss,33.285125732421875,3299,1751226705693
circle loss,batch_train_loss,31.145221710205078,3300,1751226706865
circle loss,batch_train_loss,45.44465255737305,3301,1751226708034
circle loss,batch_train_loss,22.14506721496582,3302,1751226709211
circle loss,batch_train_loss,26.03691864013672,3303,1751226710381
circle loss,batch_train_loss,25.922061920166016,3304,1751226711560
circle loss,batch_train_loss,22.877038955688477,3305,1751226712722
circle loss,batch_train_loss,33.82490539550781,3306,1751226713886
circle loss,batch_train_loss,38.7813835144043,3307,1751226715046
circle loss,batch_train_loss,15.519686698913574,3308,1751226716235
circle loss,batch_train_loss,19.004161834716797,3309,1751226717392
circle loss,batch_train_loss,28.70419692993164,3310,1751226718612
circle loss,batch_train_loss,14.395424842834473,3311,1751226719772
circle loss,batch_train_loss,26.076650619506836,3312,1751226720981
circle loss,batch_train_loss,16.682287216186523,3313,1751226722147
circle loss,batch_train_loss,26.8038330078125,3314,1751226723306
circle loss,batch_train_loss,23.993242263793945,3315,1751226724471
circle loss,batch_train_loss,20.854827880859375,3316,1751226725633
circle loss,batch_train_loss,29.701242446899414,3317,1751226726812
circle loss,batch_train_loss,17.097881317138672,3318,1751226727973
circle loss,batch_train_loss,32.572227478027344,3319,1751226729134
circle loss,batch_train_loss,42.15224075317383,3320,1751226730299
circle loss,batch_train_loss,20.188941955566406,3321,1751226731506
circle loss,batch_train_loss,22.04998207092285,3322,1751226732677
circle loss,batch_train_loss,23.240909576416016,3323,1751226733838
circle loss,batch_train_loss,16.23906135559082,3324,1751226734996
circle loss,batch_train_loss,19.335447311401367,3325,1751226736175
circle loss,batch_train_loss,27.967073440551758,3326,1751226737343
circle loss,batch_train_loss,17.66486167907715,3327,1751226738501
circle loss,batch_train_loss,47.389984130859375,3328,1751226739656
circle loss,batch_train_loss,13.685404777526855,3329,1751226740820
circle loss,batch_train_loss,32.02082061767578,3330,1751226741991
circle loss,batch_train_loss,20.461191177368164,3331,1751226743155
circle loss,batch_train_loss,17.219289779663086,3332,1751226744311
circle loss,batch_train_loss,22.016870498657227,3333,1751226745469
circle loss,batch_train_loss,27.823177337646484,3334,1751226746696
circle loss,batch_train_loss,19.0898494720459,3335,1751226747853
circle loss,batch_train_loss,17.777320861816406,3336,1751226749009
circle loss,batch_train_loss,13.733388900756836,3337,1751226750158
circle loss,batch_train_loss,31.680082321166992,3338,1751226751325
circle loss,batch_train_loss,16.179689407348633,3339,1751226752479
circle loss,batch_train_loss,35.802433013916016,3340,1751226753626
circle loss,batch_train_loss,25.921676635742188,3341,1751226754774
circle loss,batch_train_loss,20.87361717224121,3342,1751226755928
circle loss,batch_train_loss,25.4630126953125,3343,1751226756693
circle loss,batch_train_loss,18.005704879760742,3344,1751226769713
circle loss,batch_train_loss,24.44400978088379,3345,1751226770916
circle loss,batch_train_loss,25.4136905670166,3346,1751226772068
circle loss,batch_train_loss,11.402467727661133,3347,1751226773221
circle loss,batch_train_loss,16.48938751220703,3348,1751226774435
circle loss,batch_train_loss,30.542333602905273,3349,1751226775619
circle loss,batch_train_loss,28.420141220092773,3350,1751226776772
circle loss,batch_train_loss,21.15091896057129,3351,1751226777925
circle loss,batch_train_loss,14.92735767364502,3352,1751226779077
circle loss,batch_train_loss,14.725288391113281,3353,1751226780241
circle loss,batch_train_loss,29.28596305847168,3354,1751226781400
circle loss,batch_train_loss,30.46878433227539,3355,1751226782551
circle loss,batch_train_loss,32.21860885620117,3356,1751226783700
circle loss,batch_train_loss,18.4117431640625,3357,1751226784861
circle loss,batch_train_loss,20.58317756652832,3358,1751226786022
circle loss,batch_train_loss,16.633228302001953,3359,1751226787175
circle loss,batch_train_loss,28.103796005249023,3360,1751226788322
circle loss,batch_train_loss,17.83570098876953,3361,1751226789471
circle loss,batch_train_loss,35.9365348815918,3362,1751226790652
circle loss,batch_train_loss,21.716161727905273,3363,1751226791808
circle loss,batch_train_loss,25.302566528320312,3364,1751226792962
circle loss,batch_train_loss,19.961870193481445,3365,1751226794112
circle loss,batch_train_loss,18.211673736572266,3366,1751226795273
circle loss,batch_train_loss,28.193092346191406,3367,1751226796433
circle loss,batch_train_loss,30.64028549194336,3368,1751226797585
circle loss,batch_train_loss,17.354963302612305,3369,1751226798739
circle loss,batch_train_loss,20.027393341064453,3370,1751226799893
circle loss,batch_train_loss,23.547883987426758,3371,1751226801129
circle loss,batch_train_loss,29.891817092895508,3372,1751226802282
circle loss,batch_train_loss,17.53837776184082,3373,1751226803436
circle loss,batch_train_loss,27.303218841552734,3374,1751226804605
circle loss,batch_train_loss,19.963586807250977,3375,1751226805786
circle loss,batch_train_loss,11.36097526550293,3376,1751226806936
circle loss,batch_train_loss,27.372543334960938,3377,1751226808103
circle loss,batch_train_loss,27.24830436706543,3378,1751226809259
circle loss,batch_train_loss,23.119497299194336,3379,1751226810425
circle loss,batch_train_loss,37.07783126831055,3380,1751226811585
circle loss,batch_train_loss,26.796152114868164,3381,1751226812739
circle loss,batch_train_loss,31.1567440032959,3382,1751226813892
circle loss,batch_train_loss,19.05242347717285,3383,1751226815044
circle loss,batch_train_loss,22.771167755126953,3384,1751226816216
circle loss,batch_train_loss,14.508194923400879,3385,1751226817369
circle loss,batch_train_loss,17.990535736083984,3386,1751226818519
circle loss,batch_train_loss,25.370023727416992,3387,1751226819673
circle loss,batch_train_loss,19.29951286315918,3388,1751226820852
circle loss,batch_train_loss,26.664710998535156,3389,1751226822019
circle loss,batch_train_loss,22.840240478515625,3390,1751226823174
circle loss,batch_train_loss,17.306854248046875,3391,1751226824330
circle loss,batch_train_loss,24.745346069335938,3392,1751226825482
circle loss,batch_train_loss,24.45279884338379,3393,1751226826655
circle loss,batch_train_loss,13.691487312316895,3394,1751226827858
circle loss,batch_train_loss,16.184682846069336,3395,1751226829010
circle loss,batch_train_loss,19.538244247436523,3396,1751226830162
circle loss,batch_train_loss,26.59134292602539,3397,1751226831326
circle loss,batch_train_loss,10.939903259277344,3398,1751226832479
circle loss,batch_train_loss,15.987265586853027,3399,1751226833630
circle loss,batch_train_loss,19.3286075592041,3400,1751226834777
circle loss,batch_train_loss,25.25532341003418,3401,1751226835927
circle loss,batch_train_loss,18.853153228759766,3402,1751226837099
circle loss,batch_train_loss,18.33959197998047,3403,1751226838254
circle loss,batch_train_loss,32.41520690917969,3404,1751226839403
circle loss,batch_train_loss,17.25875473022461,3405,1751226840559
circle loss,batch_train_loss,11.0470609664917,3406,1751226841742
circle loss,batch_train_loss,20.873077392578125,3407,1751226842896
circle loss,batch_train_loss,32.612525939941406,3408,1751226844043
circle loss,batch_train_loss,30.329439163208008,3409,1751226845189
circle loss,batch_train_loss,12.879505157470703,3410,1751226846353
circle loss,batch_train_loss,19.121519088745117,3411,1751226847510
circle loss,batch_train_loss,9.751274108886719,3412,1751226848658
circle loss,batch_train_loss,11.521089553833008,3413,1751226849812
circle loss,batch_train_loss,19.913314819335938,3414,1751226850966
circle loss,batch_train_loss,21.695491790771484,3415,1751226852137
circle loss,batch_train_loss,28.641807556152344,3416,1751226853288
circle loss,batch_train_loss,23.692747116088867,3417,1751226854495
circle loss,batch_train_loss,20.883161544799805,3418,1751226855647
circle loss,batch_train_loss,21.760679244995117,3419,1751226856815
circle loss,batch_train_loss,27.22690200805664,3420,1751226857963
circle loss,batch_train_loss,28.17283058166504,3421,1751226859146
circle loss,batch_train_loss,18.982772827148438,3422,1751226860324
circle loss,batch_train_loss,22.73298454284668,3423,1751226861542
circle loss,batch_train_loss,24.735204696655273,3424,1751226862722
circle loss,batch_train_loss,26.297588348388672,3425,1751226863880
circle loss,batch_train_loss,20.79511833190918,3426,1751226865038
circle loss,batch_train_loss,17.064830780029297,3427,1751226866199
circle loss,batch_train_loss,15.539437294006348,3428,1751226867379
circle loss,batch_train_loss,22.877994537353516,3429,1751226868547
circle loss,batch_train_loss,23.11244773864746,3430,1751226869704
circle loss,batch_train_loss,20.41541290283203,3431,1751226870466
circle loss,batch_train_loss,15.3473539352417,3432,1751226883703
circle loss,batch_train_loss,20.162025451660156,3433,1751226884897
circle loss,batch_train_loss,30.615835189819336,3434,1751226886054
circle loss,batch_train_loss,11.621122360229492,3435,1751226887211
circle loss,batch_train_loss,25.474609375,3436,1751226888370
circle loss,batch_train_loss,15.887744903564453,3437,1751226889560
circle loss,batch_train_loss,21.705820083618164,3438,1751226890721
circle loss,batch_train_loss,19.938688278198242,3439,1751226891878
circle loss,batch_train_loss,20.031421661376953,3440,1751226893035
circle loss,batch_train_loss,21.689266204833984,3441,1751226894213
circle loss,batch_train_loss,13.243624687194824,3442,1751226895371
circle loss,batch_train_loss,13.754024505615234,3443,1751226896526
circle loss,batch_train_loss,23.235958099365234,3444,1751226897692
circle loss,batch_train_loss,14.113126754760742,3445,1751226898864
circle loss,batch_train_loss,12.607719421386719,3446,1751226900058
circle loss,batch_train_loss,18.116710662841797,3447,1751226901236
circle loss,batch_train_loss,5.291356086730957,3448,1751226902429
circle loss,batch_train_loss,18.110595703125,3449,1751226903593
circle loss,batch_train_loss,16.822193145751953,3450,1751226904782
circle loss,batch_train_loss,36.91236877441406,3451,1751226905943
circle loss,batch_train_loss,17.801570892333984,3452,1751226907103
circle loss,batch_train_loss,28.83936882019043,3453,1751226908266
circle loss,batch_train_loss,16.450763702392578,3454,1751226909448
circle loss,batch_train_loss,18.249401092529297,3455,1751226910692
circle loss,batch_train_loss,10.531006813049316,3456,1751226911857
circle loss,batch_train_loss,19.65614128112793,3457,1751226913022
circle loss,batch_train_loss,17.25271224975586,3458,1751226914199
circle loss,batch_train_loss,17.713214874267578,3459,1751226915373
circle loss,batch_train_loss,14.546696662902832,3460,1751226916534
circle loss,batch_train_loss,26.00617218017578,3461,1751226917696
circle loss,batch_train_loss,21.91950798034668,3462,1751226918853
circle loss,batch_train_loss,12.112905502319336,3463,1751226920032
circle loss,batch_train_loss,29.317455291748047,3464,1751226921202
circle loss,batch_train_loss,25.804073333740234,3465,1751226922362
circle loss,batch_train_loss,14.79422378540039,3466,1751226923519
circle loss,batch_train_loss,23.97584342956543,3467,1751226924703
circle loss,batch_train_loss,16.354549407958984,3468,1751226925858
circle loss,batch_train_loss,21.88892364501953,3469,1751226927012
circle loss,batch_train_loss,27.321645736694336,3470,1751226928167
circle loss,batch_train_loss,29.474515914916992,3471,1751226929335
circle loss,batch_train_loss,7.163360118865967,3472,1751226930495
circle loss,batch_train_loss,14.103422164916992,3473,1751226931668
circle loss,batch_train_loss,20.013668060302734,3474,1751226932821
circle loss,batch_train_loss,10.647253036499023,3475,1751226933974
circle loss,batch_train_loss,17.34111213684082,3476,1751226935155
circle loss,batch_train_loss,24.807905197143555,3477,1751226936328
circle loss,batch_train_loss,13.893630981445312,3478,1751226937486
circle loss,batch_train_loss,27.57025146484375,3479,1751226938689
circle loss,batch_train_loss,16.19443130493164,3480,1751226939860
circle loss,batch_train_loss,14.065393447875977,3481,1751226941048
circle loss,batch_train_loss,28.729049682617188,3482,1751226942208
circle loss,batch_train_loss,29.479007720947266,3483,1751226943360
circle loss,batch_train_loss,33.48057174682617,3484,1751226944527
circle loss,batch_train_loss,17.381254196166992,3485,1751226945688
circle loss,batch_train_loss,45.73139190673828,3486,1751226946843
circle loss,batch_train_loss,26.45800018310547,3487,1751226948015
circle loss,batch_train_loss,20.067522048950195,3488,1751226949209
circle loss,batch_train_loss,26.153701782226562,3489,1751226950388
circle loss,batch_train_loss,17.604076385498047,3490,1751226951549
circle loss,batch_train_loss,14.606332778930664,3491,1751226952719
circle loss,batch_train_loss,23.3216552734375,3492,1751226953915
circle loss,batch_train_loss,11.520513534545898,3493,1751226955102
circle loss,batch_train_loss,14.241390228271484,3494,1751226956270
circle loss,batch_train_loss,19.0406494140625,3495,1751226957429
circle loss,batch_train_loss,37.39674377441406,3496,1751226958608
circle loss,batch_train_loss,25.06473731994629,3497,1751226959793
circle loss,batch_train_loss,31.58012580871582,3498,1751226961033
circle loss,batch_train_loss,16.953996658325195,3499,1751226962244
circle loss,batch_train_loss,20.605302810668945,3500,1751226963459
circle loss,batch_train_loss,27.440263748168945,3501,1751226964634
circle loss,batch_train_loss,23.16067886352539,3502,1751226965909
circle loss,batch_train_loss,18.29790687561035,3503,1751226967074
circle loss,batch_train_loss,23.355287551879883,3504,1751226968249
circle loss,batch_train_loss,26.223283767700195,3505,1751226969417
circle loss,batch_train_loss,22.432193756103516,3506,1751226970595
circle loss,batch_train_loss,21.507366180419922,3507,1751226971758
circle loss,batch_train_loss,22.320507049560547,3508,1751226972932
circle loss,batch_train_loss,19.906522750854492,3509,1751226974102
circle loss,batch_train_loss,35.88862991333008,3510,1751226975304
circle loss,batch_train_loss,25.356903076171875,3511,1751226976464
circle loss,batch_train_loss,20.822649002075195,3512,1751226977621
circle loss,batch_train_loss,9.98247241973877,3513,1751226978779
circle loss,batch_train_loss,10.028464317321777,3514,1751226979944
circle loss,batch_train_loss,18.413671493530273,3515,1751226981111
circle loss,batch_train_loss,16.33158302307129,3516,1751226982269
circle loss,batch_train_loss,23.583086013793945,3517,1751226983422
circle loss,batch_train_loss,17.76383399963379,3518,1751226984594
circle loss,batch_train_loss,27.791217803955078,3519,1751226985463
circle loss,batch_train_loss,12.110519409179688,3520,1751226998733
circle loss,batch_train_loss,14.29166030883789,3521,1751226999964
circle loss,batch_train_loss,24.4608097076416,3522,1751227001140
circle loss,batch_train_loss,25.808034896850586,3523,1751227002336
circle loss,batch_train_loss,19.752578735351562,3524,1751227003517
circle loss,batch_train_loss,31.312175750732422,3525,1751227004712
circle loss,batch_train_loss,29.34415626525879,3526,1751227005878
circle loss,batch_train_loss,15.63097095489502,3527,1751227007045
circle loss,batch_train_loss,31.257387161254883,3528,1751227008225
circle loss,batch_train_loss,21.556608200073242,3529,1751227009413
circle loss,batch_train_loss,20.63450050354004,3530,1751227010585
circle loss,batch_train_loss,18.833345413208008,3531,1751227011755
circle loss,batch_train_loss,24.80484962463379,3532,1751227012919
circle loss,batch_train_loss,10.046676635742188,3533,1751227014104
circle loss,batch_train_loss,15.421058654785156,3534,1751227015290
circle loss,batch_train_loss,28.085538864135742,3535,1751227016470
circle loss,batch_train_loss,29.953866958618164,3536,1751227017651
circle loss,batch_train_loss,16.84890365600586,3537,1751227018839
circle loss,batch_train_loss,20.4100399017334,3538,1751227020033
circle loss,batch_train_loss,20.494373321533203,3539,1751227021211
circle loss,batch_train_loss,26.169282913208008,3540,1751227022388
circle loss,batch_train_loss,22.50689125061035,3541,1751227023638
circle loss,batch_train_loss,18.054176330566406,3542,1751227024840
circle loss,batch_train_loss,13.579279899597168,3543,1751227026025
circle loss,batch_train_loss,30.566612243652344,3544,1751227027190
circle loss,batch_train_loss,16.732337951660156,3545,1751227028356
circle loss,batch_train_loss,15.872840881347656,3546,1751227029538
circle loss,batch_train_loss,11.775986671447754,3547,1751227030709
circle loss,batch_train_loss,24.32007598876953,3548,1751227031882
circle loss,batch_train_loss,23.198755264282227,3549,1751227033042
circle loss,batch_train_loss,19.426483154296875,3550,1751227034214
circle loss,batch_train_loss,23.964656829833984,3551,1751227035382
circle loss,batch_train_loss,17.701011657714844,3552,1751227036547
circle loss,batch_train_loss,8.59301471710205,3553,1751227037707
circle loss,batch_train_loss,16.151220321655273,3554,1751227038866
circle loss,batch_train_loss,21.046981811523438,3555,1751227040061
circle loss,batch_train_loss,24.496559143066406,3556,1751227041279
circle loss,batch_train_loss,35.37202072143555,3557,1751227042491
circle loss,batch_train_loss,17.553022384643555,3558,1751227043662
circle loss,batch_train_loss,10.51630687713623,3559,1751227044861
circle loss,batch_train_loss,28.821483612060547,3560,1751227046036
circle loss,batch_train_loss,20.700674057006836,3561,1751227047228
circle loss,batch_train_loss,16.771350860595703,3562,1751227048403
circle loss,batch_train_loss,15.89763355255127,3563,1751227049594
circle loss,batch_train_loss,16.557924270629883,3564,1751227050864
circle loss,batch_train_loss,15.509222984313965,3565,1751227052044
circle loss,batch_train_loss,16.202512741088867,3566,1751227053219
circle loss,batch_train_loss,22.57444190979004,3567,1751227054415
circle loss,batch_train_loss,20.017257690429688,3568,1751227055593
circle loss,batch_train_loss,23.349008560180664,3569,1751227056759
circle loss,batch_train_loss,19.400218963623047,3570,1751227057924
circle loss,batch_train_loss,19.658008575439453,3571,1751227059132
circle loss,batch_train_loss,17.49728775024414,3572,1751227060342
circle loss,batch_train_loss,17.28619956970215,3573,1751227061507
circle loss,batch_train_loss,8.54370403289795,3574,1751227062673
circle loss,batch_train_loss,19.479877471923828,3575,1751227063833
circle loss,batch_train_loss,13.117679595947266,3576,1751227065021
circle loss,batch_train_loss,13.200152397155762,3577,1751227066184
circle loss,batch_train_loss,19.176536560058594,3578,1751227067347
circle loss,batch_train_loss,11.23021125793457,3579,1751227068510
circle loss,batch_train_loss,30.3732852935791,3580,1751227069678
circle loss,batch_train_loss,17.3240966796875,3581,1751227070844
circle loss,batch_train_loss,21.990041732788086,3582,1751227072004
circle loss,batch_train_loss,23.70932388305664,3583,1751227073157
circle loss,batch_train_loss,14.77813720703125,3584,1751227074321
circle loss,batch_train_loss,14.230870246887207,3585,1751227075496
circle loss,batch_train_loss,26.998401641845703,3586,1751227076656
circle loss,batch_train_loss,25.384775161743164,3587,1751227077813
circle loss,batch_train_loss,18.760623931884766,3588,1751227079025
circle loss,batch_train_loss,21.238489151000977,3589,1751227080205
circle loss,batch_train_loss,19.712926864624023,3590,1751227081363
circle loss,batch_train_loss,20.865753173828125,3591,1751227082525
circle loss,batch_train_loss,16.740995407104492,3592,1751227083685
circle loss,batch_train_loss,26.934547424316406,3593,1751227084854
circle loss,batch_train_loss,18.921567916870117,3594,1751227086017
circle loss,batch_train_loss,25.794294357299805,3595,1751227087179
circle loss,batch_train_loss,9.864139556884766,3596,1751227088333
circle loss,batch_train_loss,15.13084602355957,3597,1751227089495
circle loss,batch_train_loss,39.855201721191406,3598,1751227090683
circle loss,batch_train_loss,17.718135833740234,3599,1751227091850
circle loss,batch_train_loss,26.89985466003418,3600,1751227093011
circle loss,batch_train_loss,25.468368530273438,3601,1751227094173
circle loss,batch_train_loss,28.754375457763672,3602,1751227095357
circle loss,batch_train_loss,14.853885650634766,3603,1751227096518
circle loss,batch_train_loss,14.630001068115234,3604,1751227097682
circle loss,batch_train_loss,20.260364532470703,3605,1751227098840
circle loss,batch_train_loss,17.571941375732422,3606,1751227100012
circle loss,batch_train_loss,6.462025165557861,3607,1751227100787
circle loss,batch_train_loss,17.86240005493164,3608,1751227114093
circle loss,batch_train_loss,12.949407577514648,3609,1751227115273
circle loss,batch_train_loss,28.50971221923828,3610,1751227116434
circle loss,batch_train_loss,27.32946014404297,3611,1751227117593
circle loss,batch_train_loss,15.496872901916504,3612,1751227118755
circle loss,batch_train_loss,11.616086959838867,3613,1751227119937
circle loss,batch_train_loss,22.845125198364258,3614,1751227121102
circle loss,batch_train_loss,20.198211669921875,3615,1751227122270
circle loss,batch_train_loss,20.616601943969727,3616,1751227123445
circle loss,batch_train_loss,15.617305755615234,3617,1751227124642
circle loss,batch_train_loss,15.422958374023438,3618,1751227125820
circle loss,batch_train_loss,34.33753967285156,3619,1751227126997
circle loss,batch_train_loss,19.55750274658203,3620,1751227128182
circle loss,batch_train_loss,28.846513748168945,3621,1751227129378
circle loss,batch_train_loss,17.588457107543945,3622,1751227130562
circle loss,batch_train_loss,13.388018608093262,3623,1751227131750
circle loss,batch_train_loss,14.98153018951416,3624,1751227132934
circle loss,batch_train_loss,17.18010711669922,3625,1751227134135
circle loss,batch_train_loss,12.451689720153809,3626,1751227135352
circle loss,batch_train_loss,13.597101211547852,3627,1751227136548
circle loss,batch_train_loss,17.62644386291504,3628,1751227137735
circle loss,batch_train_loss,8.804546356201172,3629,1751227138984
circle loss,batch_train_loss,18.960098266601562,3630,1751227140206
circle loss,batch_train_loss,16.60327911376953,3631,1751227141394
circle loss,batch_train_loss,25.312698364257812,3632,1751227142587
circle loss,batch_train_loss,25.068069458007812,3633,1751227143774
circle loss,batch_train_loss,12.343255996704102,3634,1751227145005
circle loss,batch_train_loss,27.255826950073242,3635,1751227146193
circle loss,batch_train_loss,18.936410903930664,3636,1751227147381
circle loss,batch_train_loss,7.104344844818115,3637,1751227148570
circle loss,batch_train_loss,25.100210189819336,3638,1751227149773
circle loss,batch_train_loss,14.56216049194336,3639,1751227150964
circle loss,batch_train_loss,4.577449798583984,3640,1751227152150
circle loss,batch_train_loss,16.215351104736328,3641,1751227153341
circle loss,batch_train_loss,10.759771347045898,3642,1751227154549
circle loss,batch_train_loss,20.09396743774414,3643,1751227155745
circle loss,batch_train_loss,11.652761459350586,3644,1751227156938
circle loss,batch_train_loss,8.23847770690918,3645,1751227158130
circle loss,batch_train_loss,14.042656898498535,3646,1751227159324
circle loss,batch_train_loss,19.530803680419922,3647,1751227160545
circle loss,batch_train_loss,24.63880157470703,3648,1751227161746
circle loss,batch_train_loss,24.725263595581055,3649,1751227162947
circle loss,batch_train_loss,17.346343994140625,3650,1751227164143
circle loss,batch_train_loss,16.236692428588867,3651,1751227165374
circle loss,batch_train_loss,17.523569107055664,3652,1751227166642
circle loss,batch_train_loss,10.391718864440918,3653,1751227167839
circle loss,batch_train_loss,8.203649520874023,3654,1751227169036
circle loss,batch_train_loss,17.533355712890625,3655,1751227170262
circle loss,batch_train_loss,25.277345657348633,3656,1751227171453
circle loss,batch_train_loss,18.02006721496582,3657,1751227172646
circle loss,batch_train_loss,18.547935485839844,3658,1751227173834
circle loss,batch_train_loss,19.045665740966797,3659,1751227175041
circle loss,batch_train_loss,13.933894157409668,3660,1751227176237
circle loss,batch_train_loss,37.014747619628906,3661,1751227177427
circle loss,batch_train_loss,15.570321083068848,3662,1751227178616
circle loss,batch_train_loss,27.059476852416992,3663,1751227179815
circle loss,batch_train_loss,17.38224220275879,3664,1751227181018
circle loss,batch_train_loss,14.349853515625,3665,1751227182212
circle loss,batch_train_loss,24.237401962280273,3666,1751227183412
circle loss,batch_train_loss,17.142534255981445,3667,1751227184625
circle loss,batch_train_loss,22.080724716186523,3668,1751227185836
circle loss,batch_train_loss,27.144193649291992,3669,1751227187028
circle loss,batch_train_loss,35.62812042236328,3670,1751227188216
circle loss,batch_train_loss,9.709396362304688,3671,1751227189415
circle loss,batch_train_loss,8.721540451049805,3672,1751227190631
circle loss,batch_train_loss,21.584379196166992,3673,1751227191819
circle loss,batch_train_loss,20.25151824951172,3674,1751227193001
circle loss,batch_train_loss,20.7327823638916,3675,1751227194242
circle loss,batch_train_loss,27.470308303833008,3676,1751227195445
circle loss,batch_train_loss,16.003170013427734,3677,1751227196630
circle loss,batch_train_loss,24.462392807006836,3678,1751227197813
circle loss,batch_train_loss,13.203388214111328,3679,1751227199005
circle loss,batch_train_loss,10.919612884521484,3680,1751227200216
circle loss,batch_train_loss,14.700770378112793,3681,1751227201408
circle loss,batch_train_loss,16.582988739013672,3682,1751227202602
circle loss,batch_train_loss,29.45111656188965,3683,1751227203790
circle loss,batch_train_loss,10.559793472290039,3684,1751227204987
circle loss,batch_train_loss,5.76112699508667,3685,1751227206182
circle loss,batch_train_loss,12.739225387573242,3686,1751227207361
circle loss,batch_train_loss,20.310606002807617,3687,1751227208538
circle loss,batch_train_loss,30.793779373168945,3688,1751227209715
circle loss,batch_train_loss,20.457626342773438,3689,1751227210917
circle loss,batch_train_loss,10.645450592041016,3690,1751227212090
circle loss,batch_train_loss,18.302635192871094,3691,1751227213262
circle loss,batch_train_loss,17.98382568359375,3692,1751227214428
circle loss,batch_train_loss,7.970626354217529,3693,1751227215618
circle loss,batch_train_loss,16.20476531982422,3694,1751227216791
circle loss,batch_train_loss,12.14429759979248,3695,1751227217562
circle loss,batch_train_loss,22.9102725982666,3696,1751227230809
circle loss,batch_train_loss,19.507946014404297,3697,1751227232025
circle loss,batch_train_loss,11.995661735534668,3698,1751227233186
circle loss,batch_train_loss,13.372419357299805,3699,1751227234345
circle loss,batch_train_loss,16.344919204711914,3700,1751227235509
circle loss,batch_train_loss,18.034360885620117,3701,1751227236696
circle loss,batch_train_loss,22.116519927978516,3702,1751227237864
circle loss,batch_train_loss,19.56810188293457,3703,1751227239032
circle loss,batch_train_loss,11.535452842712402,3704,1751227240201
circle loss,batch_train_loss,5.508674621582031,3705,1751227241373
circle loss,batch_train_loss,15.420426368713379,3706,1751227242534
circle loss,batch_train_loss,14.935474395751953,3707,1751227243694
circle loss,batch_train_loss,10.817248344421387,3708,1751227244852
circle loss,batch_train_loss,19.819238662719727,3709,1751227246011
circle loss,batch_train_loss,20.372495651245117,3710,1751227247186
circle loss,batch_train_loss,18.599321365356445,3711,1751227248370
circle loss,batch_train_loss,17.051042556762695,3712,1751227249540
circle loss,batch_train_loss,19.994726181030273,3713,1751227250712
circle loss,batch_train_loss,5.248299598693848,3714,1751227251910
circle loss,batch_train_loss,55.2781867980957,3715,1751227253152
circle loss,batch_train_loss,12.89795207977295,3716,1751227254330
circle loss,batch_train_loss,11.75320053100586,3717,1751227255503
circle loss,batch_train_loss,21.98719024658203,3718,1751227256699
circle loss,batch_train_loss,13.384675979614258,3719,1751227257877
circle loss,batch_train_loss,19.707382202148438,3720,1751227259054
circle loss,batch_train_loss,25.07515525817871,3721,1751227260233
circle loss,batch_train_loss,19.833675384521484,3722,1751227261429
circle loss,batch_train_loss,21.07305145263672,3723,1751227262614
circle loss,batch_train_loss,13.323237419128418,3724,1751227263800
circle loss,batch_train_loss,19.33446502685547,3725,1751227264990
circle loss,batch_train_loss,6.5101165771484375,3726,1751227266179
circle loss,batch_train_loss,13.823381423950195,3727,1751227267377
circle loss,batch_train_loss,12.489778518676758,3728,1751227268555
circle loss,batch_train_loss,24.75246810913086,3729,1751227269740
circle loss,batch_train_loss,19.184223175048828,3730,1751227270918
circle loss,batch_train_loss,28.858318328857422,3731,1751227272127
circle loss,batch_train_loss,14.616720199584961,3732,1751227273304
circle loss,batch_train_loss,16.914669036865234,3733,1751227274481
circle loss,batch_train_loss,15.161894798278809,3734,1751227275660
circle loss,batch_train_loss,14.350421905517578,3735,1751227276853
circle loss,batch_train_loss,21.35361099243164,3736,1751227278026
circle loss,batch_train_loss,28.835323333740234,3737,1751227279197
circle loss,batch_train_loss,18.827064514160156,3738,1751227280373
circle loss,batch_train_loss,16.826038360595703,3739,1751227281638
circle loss,batch_train_loss,4.667000770568848,3740,1751227282817
circle loss,batch_train_loss,10.59195327758789,3741,1751227283981
circle loss,batch_train_loss,14.0857572555542,3742,1751227285146
circle loss,batch_train_loss,8.839642524719238,3743,1751227286318
circle loss,batch_train_loss,15.874373435974121,3744,1751227287496
circle loss,batch_train_loss,17.67325210571289,3745,1751227288665
circle loss,batch_train_loss,19.255081176757812,3746,1751227289833
circle loss,batch_train_loss,14.88354206085205,3747,1751227291004
circle loss,batch_train_loss,13.420406341552734,3748,1751227292191
circle loss,batch_train_loss,17.417003631591797,3749,1751227293356
circle loss,batch_train_loss,14.55614948272705,3750,1751227294519
circle loss,batch_train_loss,14.38313102722168,3751,1751227295681
circle loss,batch_train_loss,9.35065746307373,3752,1751227296856
circle loss,batch_train_loss,17.07317352294922,3753,1751227298057
circle loss,batch_train_loss,14.535740852355957,3754,1751227299220
circle loss,batch_train_loss,20.71415138244629,3755,1751227300384
circle loss,batch_train_loss,25.282033920288086,3756,1751227301554
circle loss,batch_train_loss,18.072769165039062,3757,1751227302726
circle loss,batch_train_loss,9.613998413085938,3758,1751227303894
circle loss,batch_train_loss,37.64278793334961,3759,1751227305071
circle loss,batch_train_loss,20.462675094604492,3760,1751227306235
circle loss,batch_train_loss,4.875033855438232,3761,1751227307493
circle loss,batch_train_loss,22.39226722717285,3762,1751227308668
circle loss,batch_train_loss,23.212352752685547,3763,1751227309829
circle loss,batch_train_loss,13.293540000915527,3764,1751227310997
circle loss,batch_train_loss,21.312091827392578,3765,1751227312180
circle loss,batch_train_loss,8.902807235717773,3766,1751227313347
circle loss,batch_train_loss,17.330856323242188,3767,1751227314518
circle loss,batch_train_loss,12.419071197509766,3768,1751227315691
circle loss,batch_train_loss,12.02556324005127,3769,1751227316879
circle loss,batch_train_loss,9.759571075439453,3770,1751227318081
circle loss,batch_train_loss,23.251766204833984,3771,1751227319258
circle loss,batch_train_loss,22.505821228027344,3772,1751227320435
circle loss,batch_train_loss,20.001007080078125,3773,1751227321614
circle loss,batch_train_loss,16.7125301361084,3774,1751227322821
circle loss,batch_train_loss,17.979745864868164,3775,1751227323998
circle loss,batch_train_loss,14.931225776672363,3776,1751227325172
circle loss,batch_train_loss,36.01176834106445,3777,1751227326349
circle loss,batch_train_loss,15.309638977050781,3778,1751227327545
circle loss,batch_train_loss,20.84592628479004,3779,1751227328716
circle loss,batch_train_loss,22.639442443847656,3780,1751227329884
circle loss,batch_train_loss,11.311264038085938,3781,1751227331056
circle loss,batch_train_loss,9.409891128540039,3782,1751227332237
circle loss,batch_train_loss,10.213007926940918,3783,1751227333014
circle loss,batch_train_loss,17.037071228027344,3784,1751227346390
circle loss,batch_train_loss,21.696081161499023,3785,1751227347603
circle loss,batch_train_loss,15.82359790802002,3786,1751227348784
circle loss,batch_train_loss,8.925470352172852,3787,1751227349948
circle loss,batch_train_loss,7.75119161605835,3788,1751227351110
circle loss,batch_train_loss,13.064237594604492,3789,1751227352304
circle loss,batch_train_loss,22.11545753479004,3790,1751227353463
circle loss,batch_train_loss,16.611177444458008,3791,1751227354623
circle loss,batch_train_loss,20.640308380126953,3792,1751227355784
circle loss,batch_train_loss,31.388534545898438,3793,1751227356955
circle loss,batch_train_loss,12.323638916015625,3794,1751227358117
circle loss,batch_train_loss,6.040719985961914,3795,1751227359271
circle loss,batch_train_loss,14.962294578552246,3796,1751227360427
circle loss,batch_train_loss,12.54753303527832,3797,1751227361620
circle loss,batch_train_loss,25.78877067565918,3798,1751227362890
circle loss,batch_train_loss,29.084829330444336,3799,1751227364086
circle loss,batch_train_loss,7.840417385101318,3800,1751227365269
circle loss,batch_train_loss,21.426786422729492,3801,1751227366434
circle loss,batch_train_loss,29.850934982299805,3802,1751227367636
circle loss,batch_train_loss,1.7838612794876099,3803,1751227368813
circle loss,batch_train_loss,16.43821144104004,3804,1751227369982
circle loss,batch_train_loss,25.30221176147461,3805,1751227371149
circle loss,batch_train_loss,15.684477806091309,3806,1751227372323
circle loss,batch_train_loss,30.87285041809082,3807,1751227373506
circle loss,batch_train_loss,30.29212760925293,3808,1751227374674
circle loss,batch_train_loss,13.270277976989746,3809,1751227375831
circle loss,batch_train_loss,22.020788192749023,3810,1751227376992
circle loss,batch_train_loss,14.895987510681152,3811,1751227378174
circle loss,batch_train_loss,15.408902168273926,3812,1751227379333
circle loss,batch_train_loss,19.807361602783203,3813,1751227380492
circle loss,batch_train_loss,18.370990753173828,3814,1751227381650
circle loss,batch_train_loss,25.92205810546875,3815,1751227382812
circle loss,batch_train_loss,17.440732955932617,3816,1751227383981
circle loss,batch_train_loss,17.337562561035156,3817,1751227385151
circle loss,batch_train_loss,6.571317195892334,3818,1751227386317
circle loss,batch_train_loss,12.601052284240723,3819,1751227387486
circle loss,batch_train_loss,14.79185676574707,3820,1751227388666
circle loss,batch_train_loss,14.5754976272583,3821,1751227389906
circle loss,batch_train_loss,19.626089096069336,3822,1751227391107
circle loss,batch_train_loss,16.868804931640625,3823,1751227392290
circle loss,batch_train_loss,11.007816314697266,3824,1751227393487
circle loss,batch_train_loss,18.454856872558594,3825,1751227394648
circle loss,batch_train_loss,21.469341278076172,3826,1751227395821
circle loss,batch_train_loss,26.318952560424805,3827,1751227396992
circle loss,batch_train_loss,12.713560104370117,3828,1751227398161
circle loss,batch_train_loss,10.519073486328125,3829,1751227399320
circle loss,batch_train_loss,16.216848373413086,3830,1751227400472
circle loss,batch_train_loss,5.239396572113037,3831,1751227401626
circle loss,batch_train_loss,24.74136734008789,3832,1751227402784
circle loss,batch_train_loss,11.777457237243652,3833,1751227403951
circle loss,batch_train_loss,13.455013275146484,3834,1751227405101
circle loss,batch_train_loss,15.002114295959473,3835,1751227406257
circle loss,batch_train_loss,13.89296817779541,3836,1751227407424
circle loss,batch_train_loss,11.781400680541992,3837,1751227408622
circle loss,batch_train_loss,11.36932373046875,3838,1751227409796
circle loss,batch_train_loss,16.04092788696289,3839,1751227410957
circle loss,batch_train_loss,12.681819915771484,3840,1751227412123
circle loss,batch_train_loss,7.529671669006348,3841,1751227413303
circle loss,batch_train_loss,20.721370697021484,3842,1751227414464
circle loss,batch_train_loss,21.73922348022461,3843,1751227415627
circle loss,batch_train_loss,16.090347290039062,3844,1751227416803
circle loss,batch_train_loss,14.431647300720215,3845,1751227418109
circle loss,batch_train_loss,17.21840476989746,3846,1751227419302
circle loss,batch_train_loss,15.501615524291992,3847,1751227420475
circle loss,batch_train_loss,14.172365188598633,3848,1751227421857
circle loss,batch_train_loss,22.278310775756836,3849,1751227423618
circle loss,batch_train_loss,11.497492790222168,3850,1751227425354
circle loss,batch_train_loss,6.661581039428711,3851,1751227426610
circle loss,batch_train_loss,9.941719055175781,3852,1751227428402
circle loss,batch_train_loss,18.65506935119629,3853,1751227429899
circle loss,batch_train_loss,24.84968376159668,3854,1751227431127
circle loss,batch_train_loss,19.19916534423828,3855,1751227432507
circle loss,batch_train_loss,23.66595458984375,3856,1751227433704
circle loss,batch_train_loss,10.3584566116333,3857,1751227434900
circle loss,batch_train_loss,16.4080867767334,3858,1751227436094
circle loss,batch_train_loss,34.12294006347656,3859,1751227437291
circle loss,batch_train_loss,14.612994194030762,3860,1751227438484
circle loss,batch_train_loss,15.019234657287598,3861,1751227439691
circle loss,batch_train_loss,20.327014923095703,3862,1751227440954
circle loss,batch_train_loss,27.930017471313477,3863,1751227442351
circle loss,batch_train_loss,21.551517486572266,3864,1751227443693
circle loss,batch_train_loss,6.151572227478027,3865,1751227445117
circle loss,batch_train_loss,32.906944274902344,3866,1751227446479
circle loss,batch_train_loss,13.378747940063477,3867,1751227447777
circle loss,batch_train_loss,18.82649803161621,3868,1751227449153
circle loss,batch_train_loss,17.799463272094727,3869,1751227450486
circle loss,batch_train_loss,9.172038078308105,3870,1751227452014
circle loss,batch_train_loss,8.307167053222656,3871,1751227452891
circle loss,batch_train_loss,13.786996841430664,3872,1751227467824
circle loss,batch_train_loss,5.613333702087402,3873,1751227469194
circle loss,batch_train_loss,13.72565746307373,3874,1751227470495
circle loss,batch_train_loss,7.726253032684326,3875,1751227471811
circle loss,batch_train_loss,17.184223175048828,3876,1751227473065
circle loss,batch_train_loss,13.091414451599121,3877,1751227474321
circle loss,batch_train_loss,12.966020584106445,3878,1751227475633
circle loss,batch_train_loss,13.478743553161621,3879,1751227476866
circle loss,batch_train_loss,17.17342758178711,3880,1751227478094
circle loss,batch_train_loss,14.889982223510742,3881,1751227479320
circle loss,batch_train_loss,14.805301666259766,3882,1751227480544
circle loss,batch_train_loss,18.1754150390625,3883,1751227481763
circle loss,batch_train_loss,9.029385566711426,3884,1751227482981
circle loss,batch_train_loss,7.861006736755371,3885,1751227484437
circle loss,batch_train_loss,9.425180435180664,3886,1751227485667
circle loss,batch_train_loss,25.778839111328125,3887,1751227486891
circle loss,batch_train_loss,10.698172569274902,3888,1751227488108
circle loss,batch_train_loss,6.573899269104004,3889,1751227489324
circle loss,batch_train_loss,24.306835174560547,3890,1751227490540
circle loss,batch_train_loss,8.933343887329102,3891,1751227491751
circle loss,batch_train_loss,13.435287475585938,3892,1751227492962
circle loss,batch_train_loss,27.0814266204834,3893,1751227494163
circle loss,batch_train_loss,28.138004302978516,3894,1751227495375
circle loss,batch_train_loss,24.704389572143555,3895,1751227496581
circle loss,batch_train_loss,35.094444274902344,3896,1751227497778
circle loss,batch_train_loss,16.438709259033203,3897,1751227498974
circle loss,batch_train_loss,18.54633140563965,3898,1751227500166
circle loss,batch_train_loss,16.73177719116211,3899,1751227501363
circle loss,batch_train_loss,17.54840660095215,3900,1751227502581
circle loss,batch_train_loss,21.31663703918457,3901,1751227503824
circle loss,batch_train_loss,14.548371315002441,3902,1751227505035
circle loss,batch_train_loss,15.507522583007812,3903,1751227506224
circle loss,batch_train_loss,8.758245468139648,3904,1751227507413
circle loss,batch_train_loss,12.681808471679688,3905,1751227508605
circle loss,batch_train_loss,19.441234588623047,3906,1751227509798
circle loss,batch_train_loss,19.47995376586914,3907,1751227510984
circle loss,batch_train_loss,13.272860527038574,3908,1751227512162
circle loss,batch_train_loss,22.990676879882812,3909,1751227513345
circle loss,batch_train_loss,12.832892417907715,3910,1751227514520
circle loss,batch_train_loss,18.106212615966797,3911,1751227515699
circle loss,batch_train_loss,24.766891479492188,3912,1751227517055
circle loss,batch_train_loss,21.91048812866211,3913,1751227518238
circle loss,batch_train_loss,14.414290428161621,3914,1751227519411
circle loss,batch_train_loss,8.690253257751465,3915,1751227520588
circle loss,batch_train_loss,22.403066635131836,3916,1751227521763
circle loss,batch_train_loss,12.476839065551758,3917,1751227522933
circle loss,batch_train_loss,27.83467674255371,3918,1751227524102
circle loss,batch_train_loss,12.989110946655273,3919,1751227525280
circle loss,batch_train_loss,6.649171352386475,3920,1751227526447
circle loss,batch_train_loss,23.368240356445312,3921,1751227527610
circle loss,batch_train_loss,11.319911003112793,3922,1751227528776
circle loss,batch_train_loss,16.877689361572266,3923,1751227529934
circle loss,batch_train_loss,19.360065460205078,3924,1751227531099
circle loss,batch_train_loss,14.610686302185059,3925,1751227532273
circle loss,batch_train_loss,13.09075927734375,3926,1751227533437
circle loss,batch_train_loss,16.890535354614258,3927,1751227534599
circle loss,batch_train_loss,20.44916343688965,3928,1751227535755
circle loss,batch_train_loss,17.002763748168945,3929,1751227536908
circle loss,batch_train_loss,16.82761001586914,3930,1751227538060
circle loss,batch_train_loss,23.714229583740234,3931,1751227539212
circle loss,batch_train_loss,16.737775802612305,3932,1751227540362
circle loss,batch_train_loss,15.201495170593262,3933,1751227541511
circle loss,batch_train_loss,19.784812927246094,3934,1751227542661
circle loss,batch_train_loss,9.585227012634277,3935,1751227543811
circle loss,batch_train_loss,14.082118034362793,3936,1751227544955
circle loss,batch_train_loss,14.216654777526855,3937,1751227546098
circle loss,batch_train_loss,29.125329971313477,3938,1751227547237
circle loss,batch_train_loss,26.4188232421875,3939,1751227548538
circle loss,batch_train_loss,19.150928497314453,3940,1751227549691
circle loss,batch_train_loss,6.958807945251465,3941,1751227550839
circle loss,batch_train_loss,12.579497337341309,3942,1751227551984
circle loss,batch_train_loss,8.288959503173828,3943,1751227553122
circle loss,batch_train_loss,13.786355972290039,3944,1751227554258
circle loss,batch_train_loss,19.335786819458008,3945,1751227555394
circle loss,batch_train_loss,11.970172882080078,3946,1751227556528
circle loss,batch_train_loss,5.254051685333252,3947,1751227557666
circle loss,batch_train_loss,11.101436614990234,3948,1751227558799
circle loss,batch_train_loss,7.078215599060059,3949,1751227559933
circle loss,batch_train_loss,17.844491958618164,3950,1751227561067
circle loss,batch_train_loss,18.024471282958984,3951,1751227562196
circle loss,batch_train_loss,10.51583480834961,3952,1751227563329
circle loss,batch_train_loss,8.560587882995605,3953,1751227564461
circle loss,batch_train_loss,22.3221435546875,3954,1751227565592
circle loss,batch_train_loss,7.394596576690674,3955,1751227566720
circle loss,batch_train_loss,23.75547218322754,3956,1751227567847
circle loss,batch_train_loss,18.112106323242188,3957,1751227568982
circle loss,batch_train_loss,16.702287673950195,3958,1751227570113
circle loss,batch_train_loss,17.180070877075195,3959,1751227570865
circle loss,batch_train_loss,11.600948333740234,3960,1751227583732
circle loss,batch_train_loss,3.230121374130249,3961,1751227584925
circle loss,batch_train_loss,27.81063461303711,3962,1751227586051
circle loss,batch_train_loss,16.95742416381836,3963,1751227587219
circle loss,batch_train_loss,15.32586669921875,3964,1751227588346
circle loss,batch_train_loss,14.51293659210205,3965,1751227589471
circle loss,batch_train_loss,4.903225421905518,3966,1751227590599
circle loss,batch_train_loss,13.917739868164062,3967,1751227591727
circle loss,batch_train_loss,27.75813102722168,3968,1751227592861
circle loss,batch_train_loss,24.431726455688477,3969,1751227593994
circle loss,batch_train_loss,16.03107452392578,3970,1751227595124
circle loss,batch_train_loss,12.197556495666504,3971,1751227596253
circle loss,batch_train_loss,7.7276740074157715,3972,1751227597381
circle loss,batch_train_loss,25.65711212158203,3973,1751227598511
circle loss,batch_train_loss,14.44438362121582,3974,1751227599638
circle loss,batch_train_loss,17.14565086364746,3975,1751227600767
circle loss,batch_train_loss,25.042490005493164,3976,1751227601892
circle loss,batch_train_loss,16.249652862548828,3977,1751227603019
circle loss,batch_train_loss,15.304588317871094,3978,1751227604147
circle loss,batch_train_loss,21.70219612121582,3979,1751227605271
circle loss,batch_train_loss,14.361296653747559,3980,1751227606394
circle loss,batch_train_loss,12.455989837646484,3981,1751227607517
circle loss,batch_train_loss,7.022036075592041,3982,1751227608645
circle loss,batch_train_loss,30.995656967163086,3983,1751227609771
circle loss,batch_train_loss,24.805967330932617,3984,1751227611060
circle loss,batch_train_loss,13.018583297729492,3985,1751227612194
circle loss,batch_train_loss,14.494766235351562,3986,1751227613327
circle loss,batch_train_loss,17.858856201171875,3987,1751227614456
circle loss,batch_train_loss,15.016735076904297,3988,1751227615588
circle loss,batch_train_loss,14.389559745788574,3989,1751227616718
circle loss,batch_train_loss,14.881614685058594,3990,1751227617843
circle loss,batch_train_loss,21.854446411132812,3991,1751227618967
circle loss,batch_train_loss,21.23961639404297,3992,1751227620100
circle loss,batch_train_loss,13.029983520507812,3993,1751227621234
circle loss,batch_train_loss,12.405547142028809,3994,1751227622361
circle loss,batch_train_loss,13.238516807556152,3995,1751227623488
circle loss,batch_train_loss,10.187334060668945,3996,1751227624618
circle loss,batch_train_loss,8.52065658569336,3997,1751227625743
circle loss,batch_train_loss,10.981650352478027,3998,1751227626882
circle loss,batch_train_loss,16.02314567565918,3999,1751227628013
circle loss,batch_train_loss,4.037380218505859,4000,1751227629147
circle loss,batch_train_loss,32.90163803100586,4001,1751227630286
circle loss,batch_train_loss,18.389421463012695,4002,1751227631420
circle loss,batch_train_loss,7.297235488891602,4003,1751227632551
circle loss,batch_train_loss,10.732569694519043,4004,1751227633681
circle loss,batch_train_loss,20.71259117126465,4005,1751227634815
circle loss,batch_train_loss,13.691587448120117,4006,1751227635946
circle loss,batch_train_loss,9.901078224182129,4007,1751227637081
circle loss,batch_train_loss,13.650052070617676,4008,1751227638213
circle loss,batch_train_loss,21.76354217529297,4009,1751227639343
circle loss,batch_train_loss,14.240402221679688,4010,1751227640476
circle loss,batch_train_loss,10.725788116455078,4011,1751227641782
circle loss,batch_train_loss,16.629240036010742,4012,1751227642925
circle loss,batch_train_loss,14.166318893432617,4013,1751227644066
circle loss,batch_train_loss,15.8012113571167,4014,1751227645202
circle loss,batch_train_loss,15.309268951416016,4015,1751227646335
circle loss,batch_train_loss,14.495694160461426,4016,1751227647468
circle loss,batch_train_loss,10.37733268737793,4017,1751227648603
circle loss,batch_train_loss,11.643357276916504,4018,1751227649735
circle loss,batch_train_loss,15.623016357421875,4019,1751227650875
circle loss,batch_train_loss,17.07760238647461,4020,1751227652017
circle loss,batch_train_loss,15.85529613494873,4021,1751227653150
circle loss,batch_train_loss,14.678081512451172,4022,1751227654281
circle loss,batch_train_loss,10.890563011169434,4023,1751227655411
circle loss,batch_train_loss,6.145644664764404,4024,1751227656543
circle loss,batch_train_loss,13.623190879821777,4025,1751227657672
circle loss,batch_train_loss,16.96098518371582,4026,1751227658813
circle loss,batch_train_loss,8.54084300994873,4027,1751227659950
circle loss,batch_train_loss,12.65079116821289,4028,1751227661112
circle loss,batch_train_loss,15.693131446838379,4029,1751227662253
circle loss,batch_train_loss,20.717405319213867,4030,1751227663383
circle loss,batch_train_loss,6.570192337036133,4031,1751227664532
circle loss,batch_train_loss,5.9387078285217285,4032,1751227665683
circle loss,batch_train_loss,6.3780317306518555,4033,1751227666822
circle loss,batch_train_loss,12.405852317810059,4034,1751227667958
circle loss,batch_train_loss,17.725099563598633,4035,1751227669097
circle loss,batch_train_loss,9.190391540527344,4036,1751227670232
circle loss,batch_train_loss,13.462285041809082,4037,1751227671602
circle loss,batch_train_loss,20.831510543823242,4038,1751227672758
circle loss,batch_train_loss,6.722139835357666,4039,1751227673899
circle loss,batch_train_loss,6.199821472167969,4040,1751227675042
circle loss,batch_train_loss,20.026037216186523,4041,1751227676198
circle loss,batch_train_loss,6.228382587432861,4042,1751227677405
circle loss,batch_train_loss,19.687740325927734,4043,1751227678627
circle loss,batch_train_loss,7.054896831512451,4044,1751227679783
circle loss,batch_train_loss,21.293439865112305,4045,1751227680948
circle loss,batch_train_loss,7.233724117279053,4046,1751227682131
circle loss,batch_train_loss,11.149642944335938,4047,1751227682900
circle loss,batch_train_loss,21.818544387817383,4048,1751227695879
circle loss,batch_train_loss,12.911442756652832,4049,1751227697224
circle loss,batch_train_loss,14.353330612182617,4050,1751227698378
circle loss,batch_train_loss,7.299477577209473,4051,1751227699529
circle loss,batch_train_loss,15.30087661743164,4052,1751227700679
circle loss,batch_train_loss,13.80844783782959,4053,1751227701825
circle loss,batch_train_loss,14.282011032104492,4054,1751227702974
circle loss,batch_train_loss,15.205595016479492,4055,1751227704119
circle loss,batch_train_loss,20.46509552001953,4056,1751227705269
circle loss,batch_train_loss,7.682654857635498,4057,1751227706437
circle loss,batch_train_loss,10.84531307220459,4058,1751227707583
circle loss,batch_train_loss,14.070514678955078,4059,1751227708732
circle loss,batch_train_loss,10.76469898223877,4060,1751227709879
circle loss,batch_train_loss,18.73076629638672,4061,1751227711034
circle loss,batch_train_loss,10.677547454833984,4062,1751227712206
circle loss,batch_train_loss,19.338062286376953,4063,1751227713365
circle loss,batch_train_loss,16.70163345336914,4064,1751227714522
circle loss,batch_train_loss,14.72169017791748,4065,1751227715678
circle loss,batch_train_loss,17.842731475830078,4066,1751227716834
circle loss,batch_train_loss,15.093527793884277,4067,1751227717986
circle loss,batch_train_loss,11.887043952941895,4068,1751227719140
circle loss,batch_train_loss,11.142099380493164,4069,1751227720295
circle loss,batch_train_loss,15.723793029785156,4070,1751227721447
circle loss,batch_train_loss,12.94164752960205,4071,1751227722598
circle loss,batch_train_loss,13.723124504089355,4072,1751227723751
circle loss,batch_train_loss,6.208225250244141,4073,1751227724901
circle loss,batch_train_loss,13.430484771728516,4074,1751227726052
circle loss,batch_train_loss,12.384225845336914,4075,1751227727202
circle loss,batch_train_loss,15.77767562866211,4076,1751227728581
circle loss,batch_train_loss,13.673699378967285,4077,1751227729741
circle loss,batch_train_loss,13.140810012817383,4078,1751227730894
circle loss,batch_train_loss,23.403047561645508,4079,1751227732051
circle loss,batch_train_loss,18.86341094970703,4080,1751227733198
circle loss,batch_train_loss,18.705677032470703,4081,1751227734342
circle loss,batch_train_loss,11.018902778625488,4082,1751227735487
circle loss,batch_train_loss,8.426219940185547,4083,1751227736631
circle loss,batch_train_loss,11.488621711730957,4084,1751227737785
circle loss,batch_train_loss,8.044842720031738,4085,1751227738936
circle loss,batch_train_loss,12.034087181091309,4086,1751227740083
circle loss,batch_train_loss,12.486485481262207,4087,1751227741233
circle loss,batch_train_loss,18.19341468811035,4088,1751227742375
circle loss,batch_train_loss,7.78124475479126,4089,1751227743522
circle loss,batch_train_loss,17.758586883544922,4090,1751227744665
circle loss,batch_train_loss,14.966219902038574,4091,1751227745806
circle loss,batch_train_loss,19.698196411132812,4092,1751227746947
circle loss,batch_train_loss,11.743246078491211,4093,1751227748090
circle loss,batch_train_loss,23.714841842651367,4094,1751227749233
circle loss,batch_train_loss,9.334606170654297,4095,1751227750390
circle loss,batch_train_loss,14.796804428100586,4096,1751227751554
circle loss,batch_train_loss,10.057514190673828,4097,1751227752698
circle loss,batch_train_loss,8.90924072265625,4098,1751227753842
circle loss,batch_train_loss,17.30994987487793,4099,1751227754988
circle loss,batch_train_loss,11.187070846557617,4100,1751227756129
circle loss,batch_train_loss,14.315808296203613,4101,1751227757277
circle loss,batch_train_loss,9.202608108520508,4102,1751227758624
circle loss,batch_train_loss,10.959229469299316,4103,1751227759784
circle loss,batch_train_loss,16.23987579345703,4104,1751227760940
circle loss,batch_train_loss,22.43231964111328,4105,1751227762091
circle loss,batch_train_loss,23.72100257873535,4106,1751227763242
circle loss,batch_train_loss,8.003829002380371,4107,1751227764424
circle loss,batch_train_loss,17.674518585205078,4108,1751227765573
circle loss,batch_train_loss,8.987754821777344,4109,1751227766719
circle loss,batch_train_loss,14.440459251403809,4110,1751227767879
circle loss,batch_train_loss,13.609142303466797,4111,1751227769022
circle loss,batch_train_loss,11.064266204833984,4112,1751227770171
circle loss,batch_train_loss,11.780232429504395,4113,1751227771318
circle loss,batch_train_loss,6.098062515258789,4114,1751227772468
circle loss,batch_train_loss,18.537076950073242,4115,1751227773609
circle loss,batch_train_loss,10.42737865447998,4116,1751227774752
circle loss,batch_train_loss,14.50015926361084,4117,1751227775898
circle loss,batch_train_loss,14.221664428710938,4118,1751227777041
circle loss,batch_train_loss,20.98754119873047,4119,1751227778181
circle loss,batch_train_loss,8.07480239868164,4120,1751227779329
circle loss,batch_train_loss,14.911171913146973,4121,1751227780473
circle loss,batch_train_loss,16.077211380004883,4122,1751227781616
circle loss,batch_train_loss,11.002055168151855,4123,1751227782759
circle loss,batch_train_loss,13.466452598571777,4124,1751227783903
circle loss,batch_train_loss,8.374378204345703,4125,1751227785041
circle loss,batch_train_loss,10.757782936096191,4126,1751227786189
circle loss,batch_train_loss,15.921141624450684,4127,1751227787330
circle loss,batch_train_loss,13.092888832092285,4128,1751227788654
circle loss,batch_train_loss,13.741541862487793,4129,1751227789809
circle loss,batch_train_loss,16.866674423217773,4130,1751227790954
circle loss,batch_train_loss,9.237987518310547,4131,1751227792093
circle loss,batch_train_loss,12.250517845153809,4132,1751227793240
circle loss,batch_train_loss,20.408546447753906,4133,1751227794382
circle loss,batch_train_loss,14.40790843963623,4134,1751227795524
circle loss,batch_train_loss,12.307896614074707,4135,1751227796287
circle loss,batch_train_loss,14.004671096801758,4136,1751227809012
circle loss,batch_train_loss,20.578311920166016,4137,1751227810178
circle loss,batch_train_loss,11.172325134277344,4138,1751227811312
circle loss,batch_train_loss,3.7312252521514893,4139,1751227812504
circle loss,batch_train_loss,13.931320190429688,4140,1751227813812
circle loss,batch_train_loss,21.111753463745117,4141,1751227815736
circle loss,batch_train_loss,22.512435913085938,4142,1751227816956
circle loss,batch_train_loss,10.80117130279541,4143,1751227818112
circle loss,batch_train_loss,12.229640007019043,4144,1751227819258
circle loss,batch_train_loss,6.348401069641113,4145,1751227820400
circle loss,batch_train_loss,17.939390182495117,4146,1751227821557
circle loss,batch_train_loss,14.278564453125,4147,1751227822700
circle loss,batch_train_loss,9.614396095275879,4148,1751227823839
circle loss,batch_train_loss,10.371793746948242,4149,1751227824976
circle loss,batch_train_loss,0.7074164152145386,4150,1751227826113
circle loss,batch_train_loss,7.029366493225098,4151,1751227827248
circle loss,batch_train_loss,16.20613670349121,4152,1751227828388
circle loss,batch_train_loss,18.798559188842773,4153,1751227829529
circle loss,batch_train_loss,18.61353302001953,4154,1751227830666
circle loss,batch_train_loss,13.509943008422852,4155,1751227831822
circle loss,batch_train_loss,11.92832088470459,4156,1751227832960
circle loss,batch_train_loss,12.852378845214844,4157,1751227834099
circle loss,batch_train_loss,25.462587356567383,4158,1751227835241
circle loss,batch_train_loss,15.84033489227295,4159,1751227836382
circle loss,batch_train_loss,18.025781631469727,4160,1751227837521
circle loss,batch_train_loss,10.607950210571289,4161,1751227838665
circle loss,batch_train_loss,10.86491584777832,4162,1751227839807
circle loss,batch_train_loss,5.670165538787842,4163,1751227840949
circle loss,batch_train_loss,11.07698917388916,4164,1751227842092
circle loss,batch_train_loss,10.324959754943848,4165,1751227843235
circle loss,batch_train_loss,15.442022323608398,4166,1751227844382
circle loss,batch_train_loss,7.684896469116211,4167,1751227845635
circle loss,batch_train_loss,14.38380241394043,4168,1751227846784
circle loss,batch_train_loss,6.730154514312744,4169,1751227847931
circle loss,batch_train_loss,9.03837776184082,4170,1751227849075
circle loss,batch_train_loss,11.88923454284668,4171,1751227850217
circle loss,batch_train_loss,14.276021003723145,4172,1751227851361
circle loss,batch_train_loss,22.087141036987305,4173,1751227852502
circle loss,batch_train_loss,6.457366943359375,4174,1751227853645
circle loss,batch_train_loss,12.422292709350586,4175,1751227854784
circle loss,batch_train_loss,5.586724281311035,4176,1751227855926
circle loss,batch_train_loss,10.377708435058594,4177,1751227857071
circle loss,batch_train_loss,11.039749145507812,4178,1751227858214
circle loss,batch_train_loss,21.9553279876709,4179,1751227859356
circle loss,batch_train_loss,16.714553833007812,4180,1751227860497
circle loss,batch_train_loss,15.074564933776855,4181,1751227861638
circle loss,batch_train_loss,10.468860626220703,4182,1751227862777
circle loss,batch_train_loss,14.211601257324219,4183,1751227863918
circle loss,batch_train_loss,6.246921539306641,4184,1751227865060
circle loss,batch_train_loss,14.797307014465332,4185,1751227866213
circle loss,batch_train_loss,10.523128509521484,4186,1751227867354
circle loss,batch_train_loss,19.27462387084961,4187,1751227868496
circle loss,batch_train_loss,15.126959800720215,4188,1751227869635
circle loss,batch_train_loss,12.849706649780273,4189,1751227870780
circle loss,batch_train_loss,9.401263236999512,4190,1751227871920
circle loss,batch_train_loss,19.74372100830078,4191,1751227873060
circle loss,batch_train_loss,9.704888343811035,4192,1751227874204
circle loss,batch_train_loss,6.558444499969482,4193,1751227875346
circle loss,batch_train_loss,7.294765472412109,4194,1751227876532
circle loss,batch_train_loss,15.103036880493164,4195,1751227877666
circle loss,batch_train_loss,6.737099647521973,4196,1751227878808
circle loss,batch_train_loss,14.307331085205078,4197,1751227879946
circle loss,batch_train_loss,16.3846492767334,4198,1751227881087
circle loss,batch_train_loss,8.58371639251709,4199,1751227882227
circle loss,batch_train_loss,9.732717514038086,4200,1751227883366
circle loss,batch_train_loss,14.2528715133667,4201,1751227884504
circle loss,batch_train_loss,16.249818801879883,4202,1751227885641
circle loss,batch_train_loss,17.417137145996094,4203,1751227886776
circle loss,batch_train_loss,10.300369262695312,4204,1751227887913
circle loss,batch_train_loss,12.766668319702148,4205,1751227889057
circle loss,batch_train_loss,14.254674911499023,4206,1751227890193
circle loss,batch_train_loss,15.482816696166992,4207,1751227891334
circle loss,batch_train_loss,7.177326202392578,4208,1751227892471
circle loss,batch_train_loss,9.454288482666016,4209,1751227893610
circle loss,batch_train_loss,7.891655445098877,4210,1751227894754
circle loss,batch_train_loss,4.289427280426025,4211,1751227895891
circle loss,batch_train_loss,11.310487747192383,4212,1751227897027
circle loss,batch_train_loss,34.177772521972656,4213,1751227898163
circle loss,batch_train_loss,9.859045028686523,4214,1751227899319
circle loss,batch_train_loss,10.79220962524414,4215,1751227900487
circle loss,batch_train_loss,1.1957862377166748,4216,1751227901637
circle loss,batch_train_loss,8.107007026672363,4217,1751227902799
circle loss,batch_train_loss,15.331435203552246,4218,1751227903949
circle loss,batch_train_loss,17.64580535888672,4219,1751227905098
circle loss,batch_train_loss,18.36941146850586,4220,1751227906250
circle loss,batch_train_loss,17.13648796081543,4221,1751227907461
circle loss,batch_train_loss,9.7871675491333,4222,1751227908604
circle loss,batch_train_loss,8.515755653381348,4223,1751227909362
circle loss,batch_train_loss,9.84588623046875,4224,1751227922418
circle loss,batch_train_loss,12.032744407653809,4225,1751227923591
circle loss,batch_train_loss,12.836699485778809,4226,1751227924737
circle loss,batch_train_loss,10.52461051940918,4227,1751227925882
circle loss,batch_train_loss,6.819817066192627,4228,1751227927029
circle loss,batch_train_loss,17.39356803894043,4229,1751227928180
circle loss,batch_train_loss,11.0430326461792,4230,1751227929332
circle loss,batch_train_loss,12.66476821899414,4231,1751227930485
circle loss,batch_train_loss,17.72150421142578,4232,1751227931638
circle loss,batch_train_loss,19.9876651763916,4233,1751227932794
circle loss,batch_train_loss,9.247845649719238,4234,1751227933958
circle loss,batch_train_loss,14.050101280212402,4235,1751227935113
circle loss,batch_train_loss,6.814273357391357,4236,1751227936267
circle loss,batch_train_loss,14.397093772888184,4237,1751227937416
circle loss,batch_train_loss,15.136277198791504,4238,1751227938641
circle loss,batch_train_loss,11.983392715454102,4239,1751227939796
circle loss,batch_train_loss,9.664984703063965,4240,1751227940946
circle loss,batch_train_loss,8.220648765563965,4241,1751227942106
circle loss,batch_train_loss,9.689545631408691,4242,1751227943258
circle loss,batch_train_loss,19.622297286987305,4243,1751227944411
circle loss,batch_train_loss,11.403200149536133,4244,1751227945658
circle loss,batch_train_loss,17.011966705322266,4245,1751227946827
circle loss,batch_train_loss,7.6305317878723145,4246,1751227948009
circle loss,batch_train_loss,14.192802429199219,4247,1751227949318
circle loss,batch_train_loss,14.021772384643555,4248,1751227950485
circle loss,batch_train_loss,13.43505859375,4249,1751227951665
circle loss,batch_train_loss,10.05390739440918,4250,1751227952826
circle loss,batch_train_loss,13.144946098327637,4251,1751227953993
circle loss,batch_train_loss,6.2969651222229,4252,1751227955156
circle loss,batch_train_loss,14.751471519470215,4253,1751227956315
circle loss,batch_train_loss,12.706672668457031,4254,1751227957559
circle loss,batch_train_loss,9.529145240783691,4255,1751227958755
circle loss,batch_train_loss,13.07535171508789,4256,1751227959929
circle loss,batch_train_loss,16.507022857666016,4257,1751227961106
circle loss,batch_train_loss,13.810190200805664,4258,1751227962311
circle loss,batch_train_loss,6.283535957336426,4259,1751227963487
circle loss,batch_train_loss,12.314538955688477,4260,1751227964649
circle loss,batch_train_loss,8.225863456726074,4261,1751227965811
circle loss,batch_train_loss,14.886384010314941,4262,1751227966974
circle loss,batch_train_loss,13.507891654968262,4263,1751227968138
circle loss,batch_train_loss,5.608423709869385,4264,1751227969296
circle loss,batch_train_loss,7.817065715789795,4265,1751227970619
circle loss,batch_train_loss,8.736063003540039,4266,1751227971788
circle loss,batch_train_loss,16.792997360229492,4267,1751227972974
circle loss,batch_train_loss,13.20898723602295,4268,1751227974180
circle loss,batch_train_loss,20.413888931274414,4269,1751227975337
circle loss,batch_train_loss,17.692203521728516,4270,1751227976500
circle loss,batch_train_loss,7.563912868499756,4271,1751227977662
circle loss,batch_train_loss,30.915287017822266,4272,1751227978818
circle loss,batch_train_loss,12.583706855773926,4273,1751227979973
circle loss,batch_train_loss,14.843729972839355,4274,1751227981133
circle loss,batch_train_loss,11.018508911132812,4275,1751227982286
circle loss,batch_train_loss,8.704978942871094,4276,1751227983443
circle loss,batch_train_loss,14.817666053771973,4277,1751227984597
circle loss,batch_train_loss,4.803536891937256,4278,1751227985762
circle loss,batch_train_loss,14.136958122253418,4279,1751227986916
circle loss,batch_train_loss,13.396190643310547,4280,1751227988079
circle loss,batch_train_loss,40.972991943359375,4281,1751227989241
circle loss,batch_train_loss,12.375548362731934,4282,1751227990401
circle loss,batch_train_loss,5.590424537658691,4283,1751227991555
circle loss,batch_train_loss,11.781221389770508,4284,1751227992712
circle loss,batch_train_loss,15.9068021774292,4285,1751227993866
circle loss,batch_train_loss,15.574995994567871,4286,1751227995022
circle loss,batch_train_loss,4.722929000854492,4287,1751227996177
circle loss,batch_train_loss,14.846616744995117,4288,1751227997459
circle loss,batch_train_loss,6.735729694366455,4289,1751227998750
circle loss,batch_train_loss,12.082124710083008,4290,1751228000051
circle loss,batch_train_loss,5.525120258331299,4291,1751228001346
circle loss,batch_train_loss,4.841368198394775,4292,1751228002616
circle loss,batch_train_loss,7.983486175537109,4293,1751228003788
circle loss,batch_train_loss,12.149147033691406,4294,1751228004951
circle loss,batch_train_loss,4.08552885055542,4295,1751228006118
circle loss,batch_train_loss,13.944648742675781,4296,1751228007304
circle loss,batch_train_loss,12.746580123901367,4297,1751228008500
circle loss,batch_train_loss,14.112887382507324,4298,1751228009731
circle loss,batch_train_loss,13.085294723510742,4299,1751228010892
circle loss,batch_train_loss,11.78458309173584,4300,1751228012051
circle loss,batch_train_loss,11.983837127685547,4301,1751228013206
circle loss,batch_train_loss,11.683131217956543,4302,1751228014373
circle loss,batch_train_loss,18.790178298950195,4303,1751228015525
circle loss,batch_train_loss,7.88033390045166,4304,1751228016679
circle loss,batch_train_loss,3.9709362983703613,4305,1751228017834
circle loss,batch_train_loss,8.883131980895996,4306,1751228018985
circle loss,batch_train_loss,8.043692588806152,4307,1751228020134
circle loss,batch_train_loss,11.794530868530273,4308,1751228021292
circle loss,batch_train_loss,7.977487564086914,4309,1751228022445
circle loss,batch_train_loss,9.536510467529297,4310,1751228023602
circle loss,batch_train_loss,17.604026794433594,4311,1751228024381
circle loss,batch_train_loss,14.341071128845215,4312,1751228037956
circle loss,batch_train_loss,4.777123928070068,4313,1751228039159
circle loss,batch_train_loss,12.48222827911377,4314,1751228040326
circle loss,batch_train_loss,11.00195598602295,4315,1751228041497
circle loss,batch_train_loss,7.484740257263184,4316,1751228042655
circle loss,batch_train_loss,13.77791976928711,4317,1751228043818
circle loss,batch_train_loss,9.878016471862793,4318,1751228044974
circle loss,batch_train_loss,13.860694885253906,4319,1751228046130
circle loss,batch_train_loss,18.58175277709961,4320,1751228047292
circle loss,batch_train_loss,5.948014259338379,4321,1751228048452
circle loss,batch_train_loss,11.587167739868164,4322,1751228049607
circle loss,batch_train_loss,12.15148639678955,4323,1751228050794
circle loss,batch_train_loss,20.583595275878906,4324,1751228051965
circle loss,batch_train_loss,15.100687026977539,4325,1751228053130
circle loss,batch_train_loss,14.04189682006836,4326,1751228054311
circle loss,batch_train_loss,5.185139179229736,4327,1751228055472
circle loss,batch_train_loss,15.580557823181152,4328,1751228056637
circle loss,batch_train_loss,14.637639999389648,4329,1751228057804
circle loss,batch_train_loss,13.080930709838867,4330,1751228058967
circle loss,batch_train_loss,13.1231689453125,4331,1751228060134
circle loss,batch_train_loss,2.771898031234741,4332,1751228061295
circle loss,batch_train_loss,8.777864456176758,4333,1751228062459
circle loss,batch_train_loss,12.673601150512695,4334,1751228063622
circle loss,batch_train_loss,12.527778625488281,4335,1751228064968
circle loss,batch_train_loss,15.245942115783691,4336,1751228066230
circle loss,batch_train_loss,7.116763591766357,4337,1751228067402
circle loss,batch_train_loss,7.775401592254639,4338,1751228068593
circle loss,batch_train_loss,12.160059928894043,4339,1751228069768
circle loss,batch_train_loss,11.131608009338379,4340,1751228070950
circle loss,batch_train_loss,9.386167526245117,4341,1751228072126
circle loss,batch_train_loss,15.411430358886719,4342,1751228073295
circle loss,batch_train_loss,8.672887802124023,4343,1751228074466
circle loss,batch_train_loss,11.21854019165039,4344,1751228075636
circle loss,batch_train_loss,13.550010681152344,4345,1751228076804
circle loss,batch_train_loss,14.45606517791748,4346,1751228077974
circle loss,batch_train_loss,7.68082857131958,4347,1751228079167
circle loss,batch_train_loss,7.780857086181641,4348,1751228080335
circle loss,batch_train_loss,12.915911674499512,4349,1751228081510
circle loss,batch_train_loss,8.876873016357422,4350,1751228082682
circle loss,batch_train_loss,17.470794677734375,4351,1751228083859
circle loss,batch_train_loss,20.258590698242188,4352,1751228085036
circle loss,batch_train_loss,11.960456848144531,4353,1751228086215
circle loss,batch_train_loss,7.1829447746276855,4354,1751228087390
circle loss,batch_train_loss,11.484274864196777,4355,1751228088570
circle loss,batch_train_loss,13.380857467651367,4356,1751228089747
circle loss,batch_train_loss,6.902988433837891,4357,1751228090920
circle loss,batch_train_loss,7.5041279792785645,4358,1751228092095
circle loss,batch_train_loss,9.409090042114258,4359,1751228093269
circle loss,batch_train_loss,13.679737091064453,4360,1751228094447
circle loss,batch_train_loss,25.01813316345215,4361,1751228095628
circle loss,batch_train_loss,0.4876948297023773,4362,1751228096897
circle loss,batch_train_loss,8.666702270507812,4363,1751228098070
circle loss,batch_train_loss,14.94864273071289,4364,1751228099240
circle loss,batch_train_loss,6.560161113739014,4365,1751228100410
circle loss,batch_train_loss,10.723065376281738,4366,1751228101615
circle loss,batch_train_loss,7.8987345695495605,4367,1751228103009
circle loss,batch_train_loss,19.56808853149414,4368,1751228104226
circle loss,batch_train_loss,20.798690795898438,4369,1751228105412
circle loss,batch_train_loss,8.580817222595215,4370,1751228106588
circle loss,batch_train_loss,8.793121337890625,4371,1751228107758
circle loss,batch_train_loss,8.114778518676758,4372,1751228108926
circle loss,batch_train_loss,16.22879409790039,4373,1751228110167
circle loss,batch_train_loss,20.179433822631836,4374,1751228111541
circle loss,batch_train_loss,9.431074142456055,4375,1751228112746
circle loss,batch_train_loss,6.765373229980469,4376,1751228113914
circle loss,batch_train_loss,7.43898344039917,4377,1751228115107
circle loss,batch_train_loss,6.747149467468262,4378,1751228116333
circle loss,batch_train_loss,7.342596054077148,4379,1751228117514
circle loss,batch_train_loss,14.630547523498535,4380,1751228118672
circle loss,batch_train_loss,7.749614238739014,4381,1751228119957
circle loss,batch_train_loss,11.801276206970215,4382,1751228121185
circle loss,batch_train_loss,9.194853782653809,4383,1751228122510
circle loss,batch_train_loss,7.4130072593688965,4384,1751228123793
circle loss,batch_train_loss,3.9266347885131836,4385,1751228125252
circle loss,batch_train_loss,14.378591537475586,4386,1751228126506
circle loss,batch_train_loss,14.43648624420166,4387,1751228127710
circle loss,batch_train_loss,9.335840225219727,4388,1751228129034
circle loss,batch_train_loss,10.311286926269531,4389,1751228130232
circle loss,batch_train_loss,3.258716344833374,4390,1751228131543
circle loss,batch_train_loss,18.390661239624023,4391,1751228132837
circle loss,batch_train_loss,10.661442756652832,4392,1751228134201
circle loss,batch_train_loss,5.784431457519531,4393,1751228135431
circle loss,batch_train_loss,18.622499465942383,4394,1751228136649
circle loss,batch_train_loss,5.53041410446167,4395,1751228137852
circle loss,batch_train_loss,4.605025291442871,4396,1751228139211
circle loss,batch_train_loss,12.187055587768555,4397,1751228141123
circle loss,batch_train_loss,4.600083827972412,4398,1751228142469
circle loss,batch_train_loss,9.183842658996582,4399,1751228143261
circle loss,batch_train_loss,8.686821937561035,4400,1751228157575
circle loss,batch_train_loss,8.697590827941895,4401,1751228158959
circle loss,batch_train_loss,24.389925003051758,4402,1751228160287
circle loss,batch_train_loss,6.746492385864258,4403,1751228161548
circle loss,batch_train_loss,9.9828519821167,4404,1751228162776
circle loss,batch_train_loss,8.133296966552734,4405,1751228163996
circle loss,batch_train_loss,14.159430503845215,4406,1751228165288
circle loss,batch_train_loss,8.211109161376953,4407,1751228166500
circle loss,batch_train_loss,11.191587448120117,4408,1751228167691
circle loss,batch_train_loss,11.631731986999512,4409,1751228168892
circle loss,batch_train_loss,12.514761924743652,4410,1751228170522
circle loss,batch_train_loss,7.761693000793457,4411,1751228171833
circle loss,batch_train_loss,10.366291999816895,4412,1751228173324
circle loss,batch_train_loss,2.4138729572296143,4413,1751228174775
circle loss,batch_train_loss,6.5634918212890625,4414,1751228176024
circle loss,batch_train_loss,9.296971321105957,4415,1751228177287
circle loss,batch_train_loss,16.427845001220703,4416,1751228178538
circle loss,batch_train_loss,5.547651767730713,4417,1751228179866
circle loss,batch_train_loss,19.242904663085938,4418,1751228181085
circle loss,batch_train_loss,15.610347747802734,4419,1751228182331
circle loss,batch_train_loss,9.53289794921875,4420,1751228183914
circle loss,batch_train_loss,12.372553825378418,4421,1751228185213
circle loss,batch_train_loss,6.900262355804443,4422,1751228186448
circle loss,batch_train_loss,10.0902738571167,4423,1751228187655
circle loss,batch_train_loss,7.93684196472168,4424,1751228188867
circle loss,batch_train_loss,3.1619937419891357,4425,1751228190142
circle loss,batch_train_loss,13.798574447631836,4426,1751228191480
circle loss,batch_train_loss,19.9411563873291,4427,1751228192722
circle loss,batch_train_loss,6.389122486114502,4428,1751228193977
circle loss,batch_train_loss,7.441061973571777,4429,1751228195552
circle loss,batch_train_loss,5.9144134521484375,4430,1751228196805
circle loss,batch_train_loss,7.290232181549072,4431,1751228198002
circle loss,batch_train_loss,14.13072395324707,4432,1751228199205
circle loss,batch_train_loss,8.307217597961426,4433,1751228200401
circle loss,batch_train_loss,14.587274551391602,4434,1751228201583
circle loss,batch_train_loss,10.393996238708496,4435,1751228202840
circle loss,batch_train_loss,1.7207646369934082,4436,1751228204463
circle loss,batch_train_loss,8.103323936462402,4437,1751228205686
circle loss,batch_train_loss,14.324155807495117,4438,1751228206923
circle loss,batch_train_loss,3.9004781246185303,4439,1751228208139
circle loss,batch_train_loss,10.03990364074707,4440,1751228209341
circle loss,batch_train_loss,21.056663513183594,4441,1751228210516
circle loss,batch_train_loss,17.939579010009766,4442,1751228212112
circle loss,batch_train_loss,7.862759113311768,4443,1751228213372
circle loss,batch_train_loss,9.243375778198242,4444,1751228214949
circle loss,batch_train_loss,7.68664026260376,4445,1751228216224
circle loss,batch_train_loss,12.819602966308594,4446,1751228217419
circle loss,batch_train_loss,12.864836692810059,4447,1751228218618
circle loss,batch_train_loss,8.261530876159668,4448,1751228219825
circle loss,batch_train_loss,10.94823932647705,4449,1751228221020
circle loss,batch_train_loss,9.174091339111328,4450,1751228222241
circle loss,batch_train_loss,8.54631519317627,4451,1751228223486
circle loss,batch_train_loss,8.519044876098633,4452,1751228224666
circle loss,batch_train_loss,8.221212387084961,4453,1751228225838
circle loss,batch_train_loss,6.0795578956604,4454,1751228227009
circle loss,batch_train_loss,10.92827320098877,4455,1751228228176
circle loss,batch_train_loss,8.939940452575684,4456,1751228229332
circle loss,batch_train_loss,8.346979141235352,4457,1751228230494
circle loss,batch_train_loss,6.269717693328857,4458,1751228231645
circle loss,batch_train_loss,18.006128311157227,4459,1751228232795
circle loss,batch_train_loss,5.31759786605835,4460,1751228233945
circle loss,batch_train_loss,7.943037033081055,4461,1751228235097
circle loss,batch_train_loss,10.154511451721191,4462,1751228236252
circle loss,batch_train_loss,17.72418785095215,4463,1751228237399
circle loss,batch_train_loss,14.101456642150879,4464,1751228238546
circle loss,batch_train_loss,10.136618614196777,4465,1751228239693
circle loss,batch_train_loss,8.758872985839844,4466,1751228240842
circle loss,batch_train_loss,9.403873443603516,4467,1751228241986
circle loss,batch_train_loss,2.654956340789795,4468,1751228243124
circle loss,batch_train_loss,9.561708450317383,4469,1751228244552
circle loss,batch_train_loss,2.9977407455444336,4470,1751228245723
circle loss,batch_train_loss,13.923182487487793,4471,1751228246871
circle loss,batch_train_loss,2.020472526550293,4472,1751228248018
circle loss,batch_train_loss,6.347448348999023,4473,1751228249166
circle loss,batch_train_loss,5.732743740081787,4474,1751228250302
circle loss,batch_train_loss,4.375925540924072,4475,1751228251443
circle loss,batch_train_loss,8.531413078308105,4476,1751228252581
circle loss,batch_train_loss,8.47512435913086,4477,1751228253720
circle loss,batch_train_loss,6.896464824676514,4478,1751228254857
circle loss,batch_train_loss,13.70128059387207,4479,1751228255992
circle loss,batch_train_loss,17.232463836669922,4480,1751228257127
circle loss,batch_train_loss,10.059053421020508,4481,1751228258273
circle loss,batch_train_loss,6.315089225769043,4482,1751228259410
circle loss,batch_train_loss,16.59433937072754,4483,1751228260546
circle loss,batch_train_loss,10.079610824584961,4484,1751228261678
circle loss,batch_train_loss,9.944218635559082,4485,1751228262811
circle loss,batch_train_loss,9.33370590209961,4486,1751228263948
circle loss,batch_train_loss,11.584418296813965,4487,1751228264697
circle loss,batch_train_loss,6.069058418273926,4488,1751228277653
circle loss,batch_train_loss,2.921236276626587,4489,1751228278802
circle loss,batch_train_loss,14.929780006408691,4490,1751228279930
circle loss,batch_train_loss,5.708724021911621,4491,1751228281056
circle loss,batch_train_loss,16.420860290527344,4492,1751228282180
circle loss,batch_train_loss,11.481096267700195,4493,1751228283301
circle loss,batch_train_loss,22.22995376586914,4494,1751228284424
circle loss,batch_train_loss,6.609245300292969,4495,1751228285547
circle loss,batch_train_loss,14.819083213806152,4496,1751228286671
circle loss,batch_train_loss,13.561514854431152,4497,1751228287794
circle loss,batch_train_loss,6.495806694030762,4498,1751228288923
circle loss,batch_train_loss,13.114019393920898,4499,1751228290054
circle loss,batch_train_loss,13.367752075195312,4500,1751228291179
circle loss,batch_train_loss,3.3902626037597656,4501,1751228292302
circle loss,batch_train_loss,5.141809463500977,4502,1751228293429
circle loss,batch_train_loss,6.260547161102295,4503,1751228294553
circle loss,batch_train_loss,8.94970703125,4504,1751228295679
circle loss,batch_train_loss,16.608684539794922,4505,1751228296805
circle loss,batch_train_loss,6.41643762588501,4506,1751228297931
circle loss,batch_train_loss,11.44229793548584,4507,1751228299057
circle loss,batch_train_loss,16.596433639526367,4508,1751228300184
circle loss,batch_train_loss,11.963512420654297,4509,1751228301306
circle loss,batch_train_loss,18.832271575927734,4510,1751228302433
circle loss,batch_train_loss,6.3457865715026855,4511,1751228303558
circle loss,batch_train_loss,9.473499298095703,4512,1751228305037
circle loss,batch_train_loss,11.918322563171387,4513,1751228306208
circle loss,batch_train_loss,7.65974235534668,4514,1751228307369
circle loss,batch_train_loss,12.627851486206055,4515,1751228308511
circle loss,batch_train_loss,8.20511245727539,4516,1751228309665
circle loss,batch_train_loss,6.061275959014893,4517,1751228310809
circle loss,batch_train_loss,8.756525039672852,4518,1751228311949
circle loss,batch_train_loss,5.625718593597412,4519,1751228313087
circle loss,batch_train_loss,9.091304779052734,4520,1751228314226
circle loss,batch_train_loss,14.657708168029785,4521,1751228315363
circle loss,batch_train_loss,7.136276721954346,4522,1751228316503
circle loss,batch_train_loss,4.476588726043701,4523,1751228317641
circle loss,batch_train_loss,4.0968146324157715,4524,1751228318780
circle loss,batch_train_loss,11.541117668151855,4525,1751228319924
circle loss,batch_train_loss,9.364843368530273,4526,1751228321081
circle loss,batch_train_loss,11.431008338928223,4527,1751228322219
circle loss,batch_train_loss,12.121569633483887,4528,1751228323359
circle loss,batch_train_loss,9.085259437561035,4529,1751228324504
circle loss,batch_train_loss,6.7172112464904785,4530,1751228325644
circle loss,batch_train_loss,17.734270095825195,4531,1751228326784
circle loss,batch_train_loss,4.696811676025391,4532,1751228327925
circle loss,batch_train_loss,17.657485961914062,4533,1751228329103
circle loss,batch_train_loss,8.574272155761719,4534,1751228330303
circle loss,batch_train_loss,9.767070770263672,4535,1751228331462
circle loss,batch_train_loss,6.93569803237915,4536,1751228332617
circle loss,batch_train_loss,13.491771697998047,4537,1751228333762
circle loss,batch_train_loss,5.811938762664795,4538,1751228335051
circle loss,batch_train_loss,9.393671035766602,4539,1751228336451
circle loss,batch_train_loss,7.982041835784912,4540,1751228337614
circle loss,batch_train_loss,12.608145713806152,4541,1751228338764
circle loss,batch_train_loss,9.645556449890137,4542,1751228339915
circle loss,batch_train_loss,2.9791219234466553,4543,1751228341066
circle loss,batch_train_loss,4.57199239730835,4544,1751228342216
circle loss,batch_train_loss,1.7620924711227417,4545,1751228343358
circle loss,batch_train_loss,14.535107612609863,4546,1751228344508
circle loss,batch_train_loss,15.431796073913574,4547,1751228345651
circle loss,batch_train_loss,8.304643630981445,4548,1751228346801
circle loss,batch_train_loss,9.35558032989502,4549,1751228347941
circle loss,batch_train_loss,13.699033737182617,4550,1751228349081
circle loss,batch_train_loss,7.970912933349609,4551,1751228350231
circle loss,batch_train_loss,8.285937309265137,4552,1751228351378
circle loss,batch_train_loss,6.24587869644165,4553,1751228352522
circle loss,batch_train_loss,3.7435717582702637,4554,1751228353666
circle loss,batch_train_loss,8.402463912963867,4555,1751228354817
circle loss,batch_train_loss,15.843527793884277,4556,1751228355958
circle loss,batch_train_loss,13.725337028503418,4557,1751228357102
circle loss,batch_train_loss,8.838191032409668,4558,1751228358243
circle loss,batch_train_loss,9.629395484924316,4559,1751228359387
circle loss,batch_train_loss,14.190868377685547,4560,1751228360530
circle loss,batch_train_loss,4.536535263061523,4561,1751228361672
circle loss,batch_train_loss,5.2743940353393555,4562,1751228362817
circle loss,batch_train_loss,4.380044460296631,4563,1751228363959
circle loss,batch_train_loss,11.401925086975098,4564,1751228365101
circle loss,batch_train_loss,18.756818771362305,4565,1751228366424
circle loss,batch_train_loss,9.612895965576172,4566,1751228367576
circle loss,batch_train_loss,10.50051498413086,4567,1751228368722
circle loss,batch_train_loss,8.213310241699219,4568,1751228369868
circle loss,batch_train_loss,7.29243803024292,4569,1751228371014
circle loss,batch_train_loss,10.408425331115723,4570,1751228372157
circle loss,batch_train_loss,6.203696250915527,4571,1751228373299
circle loss,batch_train_loss,6.861649036407471,4572,1751228374441
circle loss,batch_train_loss,5.889492988586426,4573,1751228375579
circle loss,batch_train_loss,4.356271266937256,4574,1751228376723
circle loss,batch_train_loss,15.226163864135742,4575,1751228377477
circle loss,batch_train_loss,4.872596740722656,4576,1751228390232
circle loss,batch_train_loss,13.175557136535645,4577,1751228391393
circle loss,batch_train_loss,14.81835651397705,4578,1751228392529
circle loss,batch_train_loss,11.60729694366455,4579,1751228393666
circle loss,batch_train_loss,9.236356735229492,4580,1751228394829
circle loss,batch_train_loss,8.882381439208984,4581,1751228396115
circle loss,batch_train_loss,8.189534187316895,4582,1751228397471
circle loss,batch_train_loss,5.557076454162598,4583,1751228398630
circle loss,batch_train_loss,7.8864054679870605,4584,1751228399777
circle loss,batch_train_loss,13.212309837341309,4585,1751228400927
circle loss,batch_train_loss,9.027637481689453,4586,1751228402071
circle loss,batch_train_loss,5.48928165435791,4587,1751228403217
circle loss,batch_train_loss,13.266656875610352,4588,1751228404353
circle loss,batch_train_loss,10.884481430053711,4589,1751228405496
circle loss,batch_train_loss,9.662386894226074,4590,1751228406635
circle loss,batch_train_loss,7.574495792388916,4591,1751228407771
circle loss,batch_train_loss,13.616216659545898,4592,1751228408906
circle loss,batch_train_loss,12.113940238952637,4593,1751228410107
circle loss,batch_train_loss,12.758722305297852,4594,1751228411276
circle loss,batch_train_loss,15.746278762817383,4595,1751228412417
circle loss,batch_train_loss,7.811023712158203,4596,1751228413558
circle loss,batch_train_loss,14.854219436645508,4597,1751228414695
circle loss,batch_train_loss,10.51445484161377,4598,1751228415832
circle loss,batch_train_loss,7.576930522918701,4599,1751228416970
circle loss,batch_train_loss,8.608061790466309,4600,1751228418104
circle loss,batch_train_loss,5.975756645202637,4601,1751228419240
circle loss,batch_train_loss,5.187330722808838,4602,1751228420378
circle loss,batch_train_loss,11.383434295654297,4603,1751228421518
circle loss,batch_train_loss,4.492832183837891,4604,1751228422657
circle loss,batch_train_loss,6.5631303787231445,4605,1751228423791
circle loss,batch_train_loss,10.288322448730469,4606,1751228424925
circle loss,batch_train_loss,10.59958267211914,4607,1751228426063
circle loss,batch_train_loss,2.246288299560547,4608,1751228427199
circle loss,batch_train_loss,5.241191864013672,4609,1751228428513
circle loss,batch_train_loss,15.479745864868164,4610,1751228429663
circle loss,batch_train_loss,5.854531764984131,4611,1751228430805
circle loss,batch_train_loss,6.930207252502441,4612,1751228431983
circle loss,batch_train_loss,11.600651741027832,4613,1751228433132
circle loss,batch_train_loss,15.321642875671387,4614,1751228434278
circle loss,batch_train_loss,15.162073135375977,4615,1751228435422
circle loss,batch_train_loss,10.50072193145752,4616,1751228436563
circle loss,batch_train_loss,8.6701021194458,4617,1751228437706
circle loss,batch_train_loss,12.817651748657227,4618,1751228438843
circle loss,batch_train_loss,6.216036796569824,4619,1751228439982
circle loss,batch_train_loss,8.724754333496094,4620,1751228441118
circle loss,batch_train_loss,6.18911600112915,4621,1751228442255
circle loss,batch_train_loss,9.308789253234863,4622,1751228443442
circle loss,batch_train_loss,7.376391410827637,4623,1751228444610
circle loss,batch_train_loss,10.520468711853027,4624,1751228445773
circle loss,batch_train_loss,6.3743062019348145,4625,1751228447166
circle loss,batch_train_loss,13.187414169311523,4626,1751228448341
circle loss,batch_train_loss,5.237199783325195,4627,1751228449565
circle loss,batch_train_loss,8.615535736083984,4628,1751228450744
circle loss,batch_train_loss,8.957348823547363,4629,1751228452070
circle loss,batch_train_loss,18.571422576904297,4630,1751228453347
circle loss,batch_train_loss,5.505371570587158,4631,1751228454530
circle loss,batch_train_loss,21.67525863647461,4632,1751228455700
circle loss,batch_train_loss,3.4008519649505615,4633,1751228456872
circle loss,batch_train_loss,6.8274736404418945,4634,1751228458029
circle loss,batch_train_loss,11.1883544921875,4635,1751228459192
circle loss,batch_train_loss,6.720556259155273,4636,1751228460574
circle loss,batch_train_loss,5.499284744262695,4637,1751228461743
circle loss,batch_train_loss,15.453721046447754,4638,1751228462903
circle loss,batch_train_loss,4.9971699714660645,4639,1751228464095
circle loss,batch_train_loss,10.254305839538574,4640,1751228465282
circle loss,batch_train_loss,4.489233493804932,4641,1751228466447
circle loss,batch_train_loss,4.353167533874512,4642,1751228467618
circle loss,batch_train_loss,6.224483489990234,4643,1751228468793
circle loss,batch_train_loss,17.8754825592041,4644,1751228469971
circle loss,batch_train_loss,7.279248237609863,4645,1751228471137
circle loss,batch_train_loss,15.218535423278809,4646,1751228472296
circle loss,batch_train_loss,12.66586971282959,4647,1751228473457
circle loss,batch_train_loss,6.668673992156982,4648,1751228474620
circle loss,batch_train_loss,5.561089992523193,4649,1751228475778
circle loss,batch_train_loss,19.459030151367188,4650,1751228476938
circle loss,batch_train_loss,9.830810546875,4651,1751228478094
circle loss,batch_train_loss,3.4973464012145996,4652,1751228479249
circle loss,batch_train_loss,6.966856956481934,4653,1751228480406
circle loss,batch_train_loss,7.280495643615723,4654,1751228481560
circle loss,batch_train_loss,10.50238037109375,4655,1751228482711
circle loss,batch_train_loss,9.833320617675781,4656,1751228483865
circle loss,batch_train_loss,8.20653247833252,4657,1751228485010
circle loss,batch_train_loss,3.9338138103485107,4658,1751228486156
circle loss,batch_train_loss,5.938472747802734,4659,1751228487306
circle loss,batch_train_loss,9.427309036254883,4660,1751228488563
circle loss,batch_train_loss,17.43490982055664,4661,1751228490201
circle loss,batch_train_loss,9.590812683105469,4662,1751228492153
circle loss,batch_train_loss,8.20743465423584,4663,1751228492953
circle loss,batch_train_loss,8.761092185974121,4664,1751228505944
circle loss,batch_train_loss,8.007360458374023,4665,1751228507119
circle loss,batch_train_loss,5.271975994110107,4666,1751228508265
circle loss,batch_train_loss,11.54279613494873,4667,1751228509407
circle loss,batch_train_loss,6.180612564086914,4668,1751228510550
circle loss,batch_train_loss,18.107168197631836,4669,1751228511690
circle loss,batch_train_loss,11.845067977905273,4670,1751228512833
circle loss,batch_train_loss,7.634520530700684,4671,1751228513974
circle loss,batch_train_loss,4.231485366821289,4672,1751228515112
circle loss,batch_train_loss,4.746359825134277,4673,1751228516247
circle loss,batch_train_loss,4.438299655914307,4674,1751228517383
circle loss,batch_train_loss,3.679258346557617,4675,1751228518513
circle loss,batch_train_loss,13.827188491821289,4676,1751228519648
circle loss,batch_train_loss,12.097511291503906,4677,1751228520790
circle loss,batch_train_loss,14.626949310302734,4678,1751228521920
circle loss,batch_train_loss,2.0164060592651367,4679,1751228523212
circle loss,batch_train_loss,7.24221134185791,4680,1751228524358
circle loss,batch_train_loss,17.70995330810547,4681,1751228525495
circle loss,batch_train_loss,11.924140930175781,4682,1751228526629
circle loss,batch_train_loss,18.031667709350586,4683,1751228527758
circle loss,batch_train_loss,12.07773208618164,4684,1751228528885
circle loss,batch_train_loss,4.4668450355529785,4685,1751228530015
circle loss,batch_train_loss,6.64072847366333,4686,1751228531164
circle loss,batch_train_loss,5.939797878265381,4687,1751228532286
circle loss,batch_train_loss,5.308610916137695,4688,1751228533432
circle loss,batch_train_loss,9.875615119934082,4689,1751228534744
circle loss,batch_train_loss,7.945018291473389,4690,1751228536004
circle loss,batch_train_loss,11.718535423278809,4691,1751228537290
circle loss,batch_train_loss,11.082202911376953,4692,1751228539125
circle loss,batch_train_loss,4.188474178314209,4693,1751228541848
circle loss,batch_train_loss,9.287487983703613,4694,1751228543767
circle loss,batch_train_loss,7.240088939666748,4695,1751228545235
circle loss,batch_train_loss,8.212467193603516,4696,1751228546863
circle loss,batch_train_loss,9.719535827636719,4697,1751228548327
circle loss,batch_train_loss,10.084379196166992,4698,1751228549743
circle loss,batch_train_loss,9.082014083862305,4699,1751228551262
circle loss,batch_train_loss,5.868524551391602,4700,1751228552601
circle loss,batch_train_loss,4.290460109710693,4701,1751228554132
circle loss,batch_train_loss,11.671499252319336,4702,1751228555416
circle loss,batch_train_loss,8.016260147094727,4703,1751228556696
circle loss,batch_train_loss,11.79031753540039,4704,1751228557908
circle loss,batch_train_loss,7.054693222045898,4705,1751228559142
circle loss,batch_train_loss,8.36411190032959,4706,1751228560450
circle loss,batch_train_loss,6.9605817794799805,4707,1751228561785
circle loss,batch_train_loss,16.346006393432617,4708,1751228563691
circle loss,batch_train_loss,6.549589157104492,4709,1751228565018
circle loss,batch_train_loss,9.187166213989258,4710,1751228566347
circle loss,batch_train_loss,11.248858451843262,4711,1751228567576
circle loss,batch_train_loss,6.88855504989624,4712,1751228568778
circle loss,batch_train_loss,7.803123474121094,4713,1751228570021
circle loss,batch_train_loss,5.341983795166016,4714,1751228571260
circle loss,batch_train_loss,5.676966667175293,4715,1751228572500
circle loss,batch_train_loss,16.247249603271484,4716,1751228573722
circle loss,batch_train_loss,11.144882202148438,4717,1751228575230
circle loss,batch_train_loss,8.889002799987793,4718,1751228576459
circle loss,batch_train_loss,3.3195338249206543,4719,1751228577698
circle loss,batch_train_loss,7.512265682220459,4720,1751228578926
circle loss,batch_train_loss,6.4266839027404785,4721,1751228580238
circle loss,batch_train_loss,5.555924892425537,4722,1751228581726
circle loss,batch_train_loss,10.155192375183105,4723,1751228583079
circle loss,batch_train_loss,4.597762584686279,4724,1751228584323
circle loss,batch_train_loss,12.9011869430542,4725,1751228585569
circle loss,batch_train_loss,6.366596698760986,4726,1751228586824
circle loss,batch_train_loss,6.680617809295654,4727,1751228588084
circle loss,batch_train_loss,10.241198539733887,4728,1751228589395
circle loss,batch_train_loss,10.631193161010742,4729,1751228590689
circle loss,batch_train_loss,8.695501327514648,4730,1751228591986
circle loss,batch_train_loss,7.22113037109375,4731,1751228593280
circle loss,batch_train_loss,9.908319473266602,4732,1751228594555
circle loss,batch_train_loss,3.506592273712158,4733,1751228595819
circle loss,batch_train_loss,12.968400001525879,4734,1751228597146
circle loss,batch_train_loss,13.885904312133789,4735,1751228598425
circle loss,batch_train_loss,9.328036308288574,4736,1751228599684
circle loss,batch_train_loss,4.656548500061035,4737,1751228600958
circle loss,batch_train_loss,10.980941772460938,4738,1751228602244
circle loss,batch_train_loss,3.70662260055542,4739,1751228603608
circle loss,batch_train_loss,3.0823352336883545,4740,1751228604883
circle loss,batch_train_loss,6.109350681304932,4741,1751228606148
circle loss,batch_train_loss,2.4663655757904053,4742,1751228607407
circle loss,batch_train_loss,17.089336395263672,4743,1751228608662
circle loss,batch_train_loss,4.254688739776611,4744,1751228609915
circle loss,batch_train_loss,5.740411758422852,4745,1751228611537
circle loss,batch_train_loss,7.915234565734863,4746,1751228612806
circle loss,batch_train_loss,12.391389846801758,4747,1751228614062
circle loss,batch_train_loss,7.897731781005859,4748,1751228615328
circle loss,batch_train_loss,5.89436674118042,4749,1751228616588
circle loss,batch_train_loss,10.329049110412598,4750,1751228617846
circle loss,batch_train_loss,4.342804431915283,4751,1751228618667
circle loss,batch_train_loss,2.9862289428710938,4752,1751228632451
circle loss,batch_train_loss,9.780646324157715,4753,1751228633728
circle loss,batch_train_loss,16.66021156311035,4754,1751228634950
circle loss,batch_train_loss,5.385059356689453,4755,1751228636147
circle loss,batch_train_loss,6.754556179046631,4756,1751228637355
circle loss,batch_train_loss,19.53908348083496,4757,1751228638570
circle loss,batch_train_loss,6.445980072021484,4758,1751228639777
circle loss,batch_train_loss,12.861431121826172,4759,1751228641028
circle loss,batch_train_loss,16.187360763549805,4760,1751228642234
circle loss,batch_train_loss,10.040350914001465,4761,1751228643443
circle loss,batch_train_loss,8.006935119628906,4762,1751228644649
circle loss,batch_train_loss,8.358160972595215,4763,1751228645877
circle loss,batch_train_loss,13.646897315979004,4764,1751228647087
circle loss,batch_train_loss,10.773996353149414,4765,1751228648558
circle loss,batch_train_loss,7.1277337074279785,4766,1751228649858
circle loss,batch_train_loss,4.501514434814453,4767,1751228651144
circle loss,batch_train_loss,4.682802677154541,4768,1751228652388
circle loss,batch_train_loss,9.952974319458008,4769,1751228653647
circle loss,batch_train_loss,17.660831451416016,4770,1751228654870
circle loss,batch_train_loss,9.280082702636719,4771,1751228656098
circle loss,batch_train_loss,4.015230178833008,4772,1751228657319
circle loss,batch_train_loss,20.16115951538086,4773,1751228658541
circle loss,batch_train_loss,2.7813720703125,4774,1751228659792
circle loss,batch_train_loss,11.502893447875977,4775,1751228661054
circle loss,batch_train_loss,6.7877631187438965,4776,1751228662307
circle loss,batch_train_loss,3.235995292663574,4777,1751228663568
circle loss,batch_train_loss,4.077162265777588,4778,1751228664831
circle loss,batch_train_loss,11.869453430175781,4779,1751228666129
circle loss,batch_train_loss,15.171831130981445,4780,1751228668548
circle loss,batch_train_loss,18.783632278442383,4781,1751228670390
circle loss,batch_train_loss,3.364534854888916,4782,1751228672507
circle loss,batch_train_loss,5.952219009399414,4783,1751228673855
circle loss,batch_train_loss,8.016536712646484,4784,1751228675161
circle loss,batch_train_loss,18.861215591430664,4785,1751228676424
circle loss,batch_train_loss,3.3405508995056152,4786,1751228677708
circle loss,batch_train_loss,10.153868675231934,4787,1751228678984
circle loss,batch_train_loss,10.587244987487793,4788,1751228680339
circle loss,batch_train_loss,12.695459365844727,4789,1751228682608
circle loss,batch_train_loss,6.327840328216553,4790,1751228683934
circle loss,batch_train_loss,17.72801971435547,4791,1751228685209
circle loss,batch_train_loss,1.4220168590545654,4792,1751228686695
circle loss,batch_train_loss,10.810615539550781,4793,1751228687984
circle loss,batch_train_loss,8.602904319763184,4794,1751228689253
circle loss,batch_train_loss,12.23867130279541,4795,1751228690470
circle loss,batch_train_loss,7.259080410003662,4796,1751228691695
circle loss,batch_train_loss,9.984485626220703,4797,1751228692910
circle loss,batch_train_loss,7.611261367797852,4798,1751228694144
circle loss,batch_train_loss,14.140403747558594,4799,1751228695366
circle loss,batch_train_loss,6.729355335235596,4800,1751228696586
circle loss,batch_train_loss,2.3942389488220215,4801,1751228697811
circle loss,batch_train_loss,4.536176681518555,4802,1751228699049
circle loss,batch_train_loss,10.335182189941406,4803,1751228700305
circle loss,batch_train_loss,9.957350730895996,4804,1751228701599
circle loss,batch_train_loss,7.00035285949707,4805,1751228702873
circle loss,batch_train_loss,8.140458106994629,4806,1751228704130
circle loss,batch_train_loss,7.553477764129639,4807,1751228705423
circle loss,batch_train_loss,5.080753803253174,4808,1751228706723
circle loss,batch_train_loss,7.471044063568115,4809,1751228708007
circle loss,batch_train_loss,8.026260375976562,4810,1751228709287
circle loss,batch_train_loss,7.110160827636719,4811,1751228710585
circle loss,batch_train_loss,14.286545753479004,4812,1751228711861
circle loss,batch_train_loss,12.405828475952148,4813,1751228713132
circle loss,batch_train_loss,7.472332954406738,4814,1751228714402
circle loss,batch_train_loss,3.9540700912475586,4815,1751228715676
circle loss,batch_train_loss,3.7860729694366455,4816,1751228716934
circle loss,batch_train_loss,5.4131388664245605,4817,1751228718208
circle loss,batch_train_loss,6.498013019561768,4818,1751228719467
circle loss,batch_train_loss,15.873772621154785,4819,1751228720740
circle loss,batch_train_loss,4.637289047241211,4820,1751228722265
circle loss,batch_train_loss,3.7952258586883545,4821,1751228723544
circle loss,batch_train_loss,2.5086233615875244,4822,1751228724830
circle loss,batch_train_loss,7.458913326263428,4823,1751228726162
circle loss,batch_train_loss,8.283214569091797,4824,1751228728321
circle loss,batch_train_loss,5.2004852294921875,4825,1751228729863
circle loss,batch_train_loss,10.071824073791504,4826,1751228732203
circle loss,batch_train_loss,5.222829341888428,4827,1751228733578
circle loss,batch_train_loss,7.5756940841674805,4828,1751228736000
circle loss,batch_train_loss,8.829357147216797,4829,1751228737796
circle loss,batch_train_loss,1.1950111389160156,4830,1751228739388
circle loss,batch_train_loss,6.068781852722168,4831,1751228740747
circle loss,batch_train_loss,2.2432661056518555,4832,1751228742034
circle loss,batch_train_loss,8.205798149108887,4833,1751228743447
circle loss,batch_train_loss,5.684605121612549,4834,1751228744760
circle loss,batch_train_loss,11.60323715209961,4835,1751228746115
circle loss,batch_train_loss,4.5757341384887695,4836,1751228747350
circle loss,batch_train_loss,4.476281642913818,4837,1751228748581
circle loss,batch_train_loss,6.39577054977417,4838,1751228749822
circle loss,batch_train_loss,12.17772388458252,4839,1751228750633
circle loss,batch_train_loss,4.771831512451172,4840,1751228764356
circle loss,batch_train_loss,3.565199613571167,4841,1751228765677
circle loss,batch_train_loss,6.413535118103027,4842,1751228766879
circle loss,batch_train_loss,6.304128170013428,4843,1751228768060
circle loss,batch_train_loss,4.63775110244751,4844,1751228769251
circle loss,batch_train_loss,4.313215732574463,4845,1751228770438
circle loss,batch_train_loss,5.709334850311279,4846,1751228771628
circle loss,batch_train_loss,8.257591247558594,4847,1751228772919
circle loss,batch_train_loss,29.00701141357422,4848,1751228774224
circle loss,batch_train_loss,3.5445728302001953,4849,1751228775504
circle loss,batch_train_loss,2.9933981895446777,4850,1751228776767
circle loss,batch_train_loss,10.220939636230469,4851,1751228778046
circle loss,batch_train_loss,8.560579299926758,4852,1751228779291
circle loss,batch_train_loss,7.041598320007324,4853,1751228780535
circle loss,batch_train_loss,3.728562593460083,4854,1751228781755
circle loss,batch_train_loss,6.890411376953125,4855,1751228782966
circle loss,batch_train_loss,5.917234897613525,4856,1751228784214
circle loss,batch_train_loss,3.9777376651763916,4857,1751228785440
circle loss,batch_train_loss,10.078254699707031,4858,1751228786668
circle loss,batch_train_loss,5.515887260437012,4859,1751228787875
circle loss,batch_train_loss,4.507139682769775,4860,1751228789127
circle loss,batch_train_loss,4.4933624267578125,4861,1751228790662
circle loss,batch_train_loss,4.246108055114746,4862,1751228792161
circle loss,batch_train_loss,12.575037002563477,4863,1751228793482
circle loss,batch_train_loss,15.479354858398438,4864,1751228794685
circle loss,batch_train_loss,3.1013333797454834,4865,1751228795956
circle loss,batch_train_loss,7.186288833618164,4866,1751228797173
circle loss,batch_train_loss,2.6799123287200928,4867,1751228798418
circle loss,batch_train_loss,5.564567565917969,4868,1751228799623
circle loss,batch_train_loss,14.494041442871094,4869,1751228800993
circle loss,batch_train_loss,11.607566833496094,4870,1751228802199
circle loss,batch_train_loss,5.342774391174316,4871,1751228803436
circle loss,batch_train_loss,6.607175827026367,4872,1751228804634
circle loss,batch_train_loss,4.725059986114502,4873,1751228805916
circle loss,batch_train_loss,13.302130699157715,4874,1751228807201
circle loss,batch_train_loss,3.271735906600952,4875,1751228808422
circle loss,batch_train_loss,5.10208797454834,4876,1751228809633
circle loss,batch_train_loss,1.596178650856018,4877,1751228810846
circle loss,batch_train_loss,8.357665061950684,4878,1751228812073
circle loss,batch_train_loss,2.6195120811462402,4879,1751228813280
circle loss,batch_train_loss,9.82067584991455,4880,1751228814512
circle loss,batch_train_loss,2.811127185821533,4881,1751228815712
circle loss,batch_train_loss,4.8916707038879395,4882,1751228816913
circle loss,batch_train_loss,12.887809753417969,4883,1751228818111
circle loss,batch_train_loss,11.4889554977417,4884,1751228819338
circle loss,batch_train_loss,8.621418952941895,4885,1751228820539
circle loss,batch_train_loss,11.193211555480957,4886,1751228821740
circle loss,batch_train_loss,10.60300350189209,4887,1751228823174
circle loss,batch_train_loss,4.482804298400879,4888,1751228824436
circle loss,batch_train_loss,5.7261576652526855,4889,1751228826033
circle loss,batch_train_loss,5.865671157836914,4890,1751228827760
circle loss,batch_train_loss,7.691049098968506,4891,1751228829011
circle loss,batch_train_loss,7.823599338531494,4892,1751228830243
circle loss,batch_train_loss,5.079438209533691,4893,1751228831510
circle loss,batch_train_loss,7.316946506500244,4894,1751228833288
circle loss,batch_train_loss,17.40554428100586,4895,1751228834651
circle loss,batch_train_loss,2.9263572692871094,4896,1751228835901
circle loss,batch_train_loss,5.963138103485107,4897,1751228837277
circle loss,batch_train_loss,7.168715000152588,4898,1751228838518
circle loss,batch_train_loss,4.084176063537598,4899,1751228839748
circle loss,batch_train_loss,4.575812816619873,4900,1751228840972
circle loss,batch_train_loss,14.108186721801758,4901,1751228842297
circle loss,batch_train_loss,8.737333297729492,4902,1751228843670
circle loss,batch_train_loss,7.150587558746338,4903,1751228844898
circle loss,batch_train_loss,7.780236721038818,4904,1751228846149
circle loss,batch_train_loss,1.7648433446884155,4905,1751228847383
circle loss,batch_train_loss,0.9748744964599609,4906,1751228848615
circle loss,batch_train_loss,10.414929389953613,4907,1751228849848
circle loss,batch_train_loss,15.444225311279297,4908,1751228851087
circle loss,batch_train_loss,14.217533111572266,4909,1751228852314
circle loss,batch_train_loss,2.887563467025757,4910,1751228853638
circle loss,batch_train_loss,5.235180854797363,4911,1751228855025
circle loss,batch_train_loss,4.429731845855713,4912,1751228856520
circle loss,batch_train_loss,7.438251972198486,4913,1751228857761
circle loss,batch_train_loss,6.229975700378418,4914,1751228858994
circle loss,batch_train_loss,11.669142723083496,4915,1751228860229
circle loss,batch_train_loss,9.271407127380371,4916,1751228861463
circle loss,batch_train_loss,3.2646291255950928,4917,1751228862691
circle loss,batch_train_loss,8.600358963012695,4918,1751228864281
circle loss,batch_train_loss,7.930168151855469,4919,1751228865870
circle loss,batch_train_loss,3.245340585708618,4920,1751228867082
circle loss,batch_train_loss,9.092649459838867,4921,1751228868319
circle loss,batch_train_loss,17.905548095703125,4922,1751228869771
circle loss,batch_train_loss,5.45468807220459,4923,1751228870984
circle loss,batch_train_loss,3.8549840450286865,4924,1751228872226
circle loss,batch_train_loss,3.432241916656494,4925,1751228873508
circle loss,batch_train_loss,9.970205307006836,4926,1751228874800
circle loss,batch_train_loss,18.18059539794922,4927,1751228875634
circle loss,batch_train_loss,6.219333648681641,4928,1751228890429
circle loss,batch_train_loss,9.005420684814453,4929,1751228891738
circle loss,batch_train_loss,5.912818908691406,4930,1751228892959
circle loss,batch_train_loss,2.4777534008026123,4931,1751228894210
circle loss,batch_train_loss,14.737030982971191,4932,1751228895506
circle loss,batch_train_loss,12.797066688537598,4933,1751228896788
circle loss,batch_train_loss,1.1290645599365234,4934,1751228898023
circle loss,batch_train_loss,6.713515281677246,4935,1751228899255
circle loss,batch_train_loss,9.885242462158203,4936,1751228900511
circle loss,batch_train_loss,9.724421501159668,4937,1751228901714
circle loss,batch_train_loss,4.674802780151367,4938,1751228902927
circle loss,batch_train_loss,7.621880054473877,4939,1751228904146
circle loss,batch_train_loss,8.996119499206543,4940,1751228905426
circle loss,batch_train_loss,6.956331729888916,4941,1751228906986
circle loss,batch_train_loss,10.697455406188965,4942,1751228908224
circle loss,batch_train_loss,14.214386940002441,4943,1751228909438
circle loss,batch_train_loss,9.266366958618164,4944,1751228910669
circle loss,batch_train_loss,11.728264808654785,4945,1751228911886
circle loss,batch_train_loss,9.654247283935547,4946,1751228913092
circle loss,batch_train_loss,7.449870586395264,4947,1751228914295
circle loss,batch_train_loss,7.9821457862854,4948,1751228915638
circle loss,batch_train_loss,10.82013988494873,4949,1751228917079
circle loss,batch_train_loss,9.462146759033203,4950,1751228918489
circle loss,batch_train_loss,6.267121315002441,4951,1751228919735
circle loss,batch_train_loss,5.740535259246826,4952,1751228921034
circle loss,batch_train_loss,5.600139617919922,4953,1751228922413
circle loss,batch_train_loss,14.488431930541992,4954,1751228924039
circle loss,batch_train_loss,10.184621810913086,4955,1751228925312
circle loss,batch_train_loss,3.9763071537017822,4956,1751228926681
circle loss,batch_train_loss,4.756789207458496,4957,1751228928133
circle loss,batch_train_loss,4.291167259216309,4958,1751228929442
circle loss,batch_train_loss,7.526543617248535,4959,1751228931300
circle loss,batch_train_loss,10.971035957336426,4960,1751228932586
circle loss,batch_train_loss,4.175259113311768,4961,1751228933944
circle loss,batch_train_loss,6.324586868286133,4962,1751228935169
circle loss,batch_train_loss,9.546534538269043,4963,1751228936413
circle loss,batch_train_loss,9.341081619262695,4964,1751228937795
circle loss,batch_train_loss,5.125121116638184,4965,1751228939433
circle loss,batch_train_loss,6.928746223449707,4966,1751228940810
circle loss,batch_train_loss,13.460439682006836,4967,1751228942121
circle loss,batch_train_loss,6.028497219085693,4968,1751228943388
circle loss,batch_train_loss,5.204484462738037,4969,1751228944695
circle loss,batch_train_loss,1.1984822750091553,4970,1751228946052
circle loss,batch_train_loss,4.813918113708496,4971,1751228947843
circle loss,batch_train_loss,10.07814884185791,4972,1751228949126
circle loss,batch_train_loss,2.2667784690856934,4973,1751228950449
circle loss,batch_train_loss,1.7117624282836914,4974,1751228951714
circle loss,batch_train_loss,5.478168964385986,4975,1751228953104
circle loss,batch_train_loss,8.03982162475586,4976,1751228954365
circle loss,batch_train_loss,10.281644821166992,4977,1751228955655
circle loss,batch_train_loss,3.4887094497680664,4978,1751228956961
circle loss,batch_train_loss,11.513928413391113,4979,1751228958200
circle loss,batch_train_loss,4.269287109375,4980,1751228959468
circle loss,batch_train_loss,8.866050720214844,4981,1751228960712
circle loss,batch_train_loss,4.193648815155029,4982,1751228961987
circle loss,batch_train_loss,11.747243881225586,4983,1751228963247
circle loss,batch_train_loss,4.699418544769287,4984,1751228964535
circle loss,batch_train_loss,2.962207078933716,4985,1751228965972
circle loss,batch_train_loss,10.012804985046387,4986,1751228967439
circle loss,batch_train_loss,1.6289336681365967,4987,1751228968792
circle loss,batch_train_loss,9.538313865661621,4988,1751228970043
circle loss,batch_train_loss,11.224227905273438,4989,1751228971327
circle loss,batch_train_loss,2.732722043991089,4990,1751228972613
circle loss,batch_train_loss,3.674471855163574,4991,1751228973829
circle loss,batch_train_loss,3.147697925567627,4992,1751228975073
circle loss,batch_train_loss,16.53664779663086,4993,1751228976299
circle loss,batch_train_loss,4.856501579284668,4994,1751228977525
circle loss,batch_train_loss,6.480465888977051,4995,1751228978749
circle loss,batch_train_loss,4.288881778717041,4996,1751228979951
circle loss,batch_train_loss,9.650527000427246,4997,1751228981176
circle loss,batch_train_loss,6.644639492034912,4998,1751228982380
circle loss,batch_train_loss,3.099425792694092,4999,1751228983567
circle loss,batch_train_loss,13.343453407287598,5000,1751228984763
circle loss,batch_train_loss,7.723910808563232,5001,1751228985974
circle loss,batch_train_loss,7.061962127685547,5002,1751228987380
circle loss,batch_train_loss,4.760664463043213,5003,1751228988587
circle loss,batch_train_loss,3.8288350105285645,5004,1751228989788
circle loss,batch_train_loss,2.989104747772217,5005,1751228991066
circle loss,batch_train_loss,0.9311540126800537,5006,1751228992333
circle loss,batch_train_loss,9.456024169921875,5007,1751228993553
circle loss,batch_train_loss,11.208802223205566,5008,1751228994749
circle loss,batch_train_loss,2.21384334564209,5009,1751228995942
circle loss,batch_train_loss,6.623315811157227,5010,1751228997152
circle loss,batch_train_loss,9.026350975036621,5011,1751228998337
circle loss,batch_train_loss,1.7647628784179688,5012,1751228999528
circle loss,batch_train_loss,7.26490592956543,5013,1751229000733
circle loss,batch_train_loss,3.184074640274048,5014,1751229001942
circle loss,batch_train_loss,3.2690436840057373,5015,1751229002736
circle loss,batch_train_loss,9.838563919067383,5016,1751229016773
circle loss,batch_train_loss,6.12381649017334,5017,1751229018358
circle loss,batch_train_loss,2.5967442989349365,5018,1751229019593
circle loss,batch_train_loss,1.216273307800293,5019,1751229020880
circle loss,batch_train_loss,6.964515209197998,5020,1751229022155
circle loss,batch_train_loss,3.3524045944213867,5021,1751229023481
circle loss,batch_train_loss,7.184420108795166,5022,1751229024710
circle loss,batch_train_loss,9.071613311767578,5023,1751229026331
circle loss,batch_train_loss,4.7216105461120605,5024,1751229027751
circle loss,batch_train_loss,3.438518524169922,5025,1751229029068
circle loss,batch_train_loss,3.256598711013794,5026,1751229030623
circle loss,batch_train_loss,10.474740028381348,5027,1751229032069
circle loss,batch_train_loss,10.450191497802734,5028,1751229033555
circle loss,batch_train_loss,12.232818603515625,5029,1751229034870
circle loss,batch_train_loss,11.000256538391113,5030,1751229036112
circle loss,batch_train_loss,4.323722839355469,5031,1751229037424
circle loss,batch_train_loss,4.32984733581543,5032,1751229038993
circle loss,batch_train_loss,3.284853219985962,5033,1751229040433
circle loss,batch_train_loss,4.73192834854126,5034,1751229041686
circle loss,batch_train_loss,8.081305503845215,5035,1751229042938
circle loss,batch_train_loss,6.3623857498168945,5036,1751229044138
circle loss,batch_train_loss,7.66124963760376,5037,1751229045332
circle loss,batch_train_loss,5.676864147186279,5038,1751229046533
circle loss,batch_train_loss,5.215799331665039,5039,1751229047848
circle loss,batch_train_loss,10.700434684753418,5040,1751229049181
circle loss,batch_train_loss,12.582955360412598,5041,1751229051393
circle loss,batch_train_loss,5.237534523010254,5042,1751229053614
circle loss,batch_train_loss,18.016319274902344,5043,1751229055340
circle loss,batch_train_loss,8.07422924041748,5044,1751229056944
circle loss,batch_train_loss,6.920078277587891,5045,1751229059115
circle loss,batch_train_loss,6.86287260055542,5046,1751229061148
circle loss,batch_train_loss,10.021450996398926,5047,1751229063160
circle loss,batch_train_loss,6.711291790008545,5048,1751229065122
circle loss,batch_train_loss,5.429690361022949,5049,1751229067076
circle loss,batch_train_loss,8.879467964172363,5050,1751229068389
circle loss,batch_train_loss,0.9149115681648254,5051,1751229069620
circle loss,batch_train_loss,16.340608596801758,5052,1751229070849
circle loss,batch_train_loss,10.310857772827148,5053,1751229072103
circle loss,batch_train_loss,1.460187554359436,5054,1751229073350
circle loss,batch_train_loss,4.16695499420166,5055,1751229074561
circle loss,batch_train_loss,5.874843120574951,5056,1751229075776
circle loss,batch_train_loss,7.94005012512207,5057,1751229076984
circle loss,batch_train_loss,2.6817617416381836,5058,1751229078353
circle loss,batch_train_loss,6.760979175567627,5059,1751229079563
circle loss,batch_train_loss,4.470198631286621,5060,1751229080773
circle loss,batch_train_loss,13.401250839233398,5061,1751229081994
circle loss,batch_train_loss,9.16556167602539,5062,1751229083270
circle loss,batch_train_loss,10.369315147399902,5063,1751229084608
circle loss,batch_train_loss,5.180454730987549,5064,1751229085878
circle loss,batch_train_loss,5.132169723510742,5065,1751229087129
circle loss,batch_train_loss,9.396068572998047,5066,1751229088440
circle loss,batch_train_loss,3.478506326675415,5067,1751229089695
circle loss,batch_train_loss,6.173619270324707,5068,1751229090963
circle loss,batch_train_loss,5.179986476898193,5069,1751229092282
circle loss,batch_train_loss,9.74825382232666,5070,1751229094083
circle loss,batch_train_loss,12.126195907592773,5071,1751229095371
circle loss,batch_train_loss,7.981654644012451,5072,1751229096653
circle loss,batch_train_loss,12.799468994140625,5073,1751229097975
circle loss,batch_train_loss,9.276232719421387,5074,1751229099347
circle loss,batch_train_loss,1.7466439008712769,5075,1751229100667
circle loss,batch_train_loss,4.995052337646484,5076,1751229101916
circle loss,batch_train_loss,8.186016082763672,5077,1751229103208
circle loss,batch_train_loss,7.959436893463135,5078,1751229104459
circle loss,batch_train_loss,5.1857991218566895,5079,1751229105762
circle loss,batch_train_loss,5.973877906799316,5080,1751229107179
circle loss,batch_train_loss,7.74645471572876,5081,1751229108487
circle loss,batch_train_loss,5.086601257324219,5082,1751229109793
circle loss,batch_train_loss,9.68762493133545,5083,1751229111038
circle loss,batch_train_loss,6.833723545074463,5084,1751229112453
circle loss,batch_train_loss,6.859589576721191,5085,1751229114206
circle loss,batch_train_loss,4.749500274658203,5086,1751229116143
circle loss,batch_train_loss,3.0222835540771484,5087,1751229117960
circle loss,batch_train_loss,2.414382219314575,5088,1751229120081
circle loss,batch_train_loss,11.636190414428711,5089,1751229122266
circle loss,batch_train_loss,6.961337566375732,5090,1751229124221
circle loss,batch_train_loss,2.3912832736968994,5091,1751229126024
circle loss,batch_train_loss,6.017405033111572,5092,1751229127789
circle loss,batch_train_loss,10.436043739318848,5093,1751229129104
circle loss,batch_train_loss,4.647031307220459,5094,1751229130371
circle loss,batch_train_loss,10.326339721679688,5095,1751229131628
circle loss,batch_train_loss,4.010508060455322,5096,1751229132905
circle loss,batch_train_loss,4.638505458831787,5097,1751229134155
circle loss,batch_train_loss,11.584620475769043,5098,1751229135412
circle loss,batch_train_loss,2.4539289474487305,5099,1751229136678
circle loss,batch_train_loss,4.081071376800537,5100,1751229137935
circle loss,batch_train_loss,9.570378303527832,5101,1751229139433
circle loss,batch_train_loss,4.264353275299072,5102,1751229140698
circle loss,batch_train_loss,6.19148063659668,5103,1751229141524
circle loss,batch_train_loss,4.673128128051758,5104,1751229155800
circle loss,batch_train_loss,8.549077033996582,5105,1751229157089
circle loss,batch_train_loss,2.263805627822876,5106,1751229158343
circle loss,batch_train_loss,3.5659947395324707,5107,1751229159569
circle loss,batch_train_loss,5.127669811248779,5108,1751229160795
circle loss,batch_train_loss,5.559882640838623,5109,1751229162002
circle loss,batch_train_loss,6.078728199005127,5110,1751229163225
circle loss,batch_train_loss,3.753121852874756,5111,1751229164456
circle loss,batch_train_loss,5.200598239898682,5112,1751229165710
circle loss,batch_train_loss,13.852298736572266,5113,1751229167020
circle loss,batch_train_loss,5.342738151550293,5114,1751229168894
circle loss,batch_train_loss,7.8451972007751465,5115,1751229170834
circle loss,batch_train_loss,4.087308883666992,5116,1751229172578
circle loss,batch_train_loss,6.635345458984375,5117,1751229174141
circle loss,batch_train_loss,8.33273983001709,5118,1751229175420
circle loss,batch_train_loss,4.348208904266357,5119,1751229176678
circle loss,batch_train_loss,2.3868680000305176,5120,1751229177879
circle loss,batch_train_loss,9.297551155090332,5121,1751229179084
circle loss,batch_train_loss,13.880203247070312,5122,1751229180289
circle loss,batch_train_loss,6.974215507507324,5123,1751229181509
circle loss,batch_train_loss,2.0790038108825684,5124,1751229182707
circle loss,batch_train_loss,12.944671630859375,5125,1751229183900
circle loss,batch_train_loss,5.549863815307617,5126,1751229185128
circle loss,batch_train_loss,19.813583374023438,5127,1751229186342
circle loss,batch_train_loss,9.267207145690918,5128,1751229187539
circle loss,batch_train_loss,7.110404968261719,5129,1751229188730
circle loss,batch_train_loss,0.5804821252822876,5130,1751229189923
circle loss,batch_train_loss,5.453866958618164,5131,1751229191359
circle loss,batch_train_loss,3.137920618057251,5132,1751229192563
circle loss,batch_train_loss,8.566883087158203,5133,1751229193759
circle loss,batch_train_loss,7.296982288360596,5134,1751229194954
circle loss,batch_train_loss,6.70628023147583,5135,1751229196171
circle loss,batch_train_loss,3.8125994205474854,5136,1751229197390
circle loss,batch_train_loss,4.24834680557251,5137,1751229198657
circle loss,batch_train_loss,6.123968124389648,5138,1751229199877
circle loss,batch_train_loss,1.803368330001831,5139,1751229201095
circle loss,batch_train_loss,3.786116600036621,5140,1751229202314
circle loss,batch_train_loss,2.9634993076324463,5141,1751229203548
circle loss,batch_train_loss,6.917072772979736,5142,1751229204818
circle loss,batch_train_loss,2.9607372283935547,5143,1751229206804
circle loss,batch_train_loss,1.4343581199645996,5144,1751229208701
circle loss,batch_train_loss,9.543206214904785,5145,1751229210430
circle loss,batch_train_loss,4.236683368682861,5146,1751229211964
circle loss,batch_train_loss,2.611987352371216,5147,1751229213269
circle loss,batch_train_loss,11.741279602050781,5148,1751229214542
circle loss,batch_train_loss,3.0759940147399902,5149,1751229215885
circle loss,batch_train_loss,14.789311408996582,5150,1751229217199
circle loss,batch_train_loss,9.708337783813477,5151,1751229218468
circle loss,batch_train_loss,2.748765230178833,5152,1751229219683
circle loss,batch_train_loss,12.343585968017578,5153,1751229220920
circle loss,batch_train_loss,4.738687515258789,5154,1751229222222
circle loss,batch_train_loss,5.100588321685791,5155,1751229223472
circle loss,batch_train_loss,5.469398021697998,5156,1751229224689
circle loss,batch_train_loss,10.790050506591797,5157,1751229226342
circle loss,batch_train_loss,5.91600227355957,5158,1751229227706
circle loss,batch_train_loss,5.763075828552246,5159,1751229228973
circle loss,batch_train_loss,1.8824001550674438,5160,1751229230229
circle loss,batch_train_loss,3.316622257232666,5161,1751229231489
circle loss,batch_train_loss,4.580636978149414,5162,1751229232776
circle loss,batch_train_loss,11.736775398254395,5163,1751229234055
circle loss,batch_train_loss,1.7668558359146118,5164,1751229235316
circle loss,batch_train_loss,7.187619209289551,5165,1751229236737
circle loss,batch_train_loss,6.405999660491943,5166,1751229238106
circle loss,batch_train_loss,10.426417350769043,5167,1751229239445
circle loss,batch_train_loss,10.347029685974121,5168,1751229240672
circle loss,batch_train_loss,4.693251609802246,5169,1751229242061
circle loss,batch_train_loss,16.538610458374023,5170,1751229243640
circle loss,batch_train_loss,10.881743431091309,5171,1751229245079
circle loss,batch_train_loss,1.2480828762054443,5172,1751229246469
circle loss,batch_train_loss,6.5781755447387695,5173,1751229247760
circle loss,batch_train_loss,7.554815292358398,5174,1751229249083
circle loss,batch_train_loss,7.545344829559326,5175,1751229251433
circle loss,batch_train_loss,6.042585372924805,5176,1751229253595
circle loss,batch_train_loss,2.187711477279663,5177,1751229255699
circle loss,batch_train_loss,5.499279499053955,5178,1751229257848
circle loss,batch_train_loss,11.513297080993652,5179,1751229259805
circle loss,batch_train_loss,8.413688659667969,5180,1751229261681
circle loss,batch_train_loss,7.105406761169434,5181,1751229263406
circle loss,batch_train_loss,5.152624607086182,5182,1751229264681
circle loss,batch_train_loss,5.454672336578369,5183,1751229265926
circle loss,batch_train_loss,2.945652961730957,5184,1751229267188
circle loss,batch_train_loss,8.457403182983398,5185,1751229268446
circle loss,batch_train_loss,12.791271209716797,5186,1751229269793
circle loss,batch_train_loss,4.817205429077148,5187,1751229271019
circle loss,batch_train_loss,7.9025797843933105,5188,1751229272257
circle loss,batch_train_loss,3.6713390350341797,5189,1751229273496
circle loss,batch_train_loss,9.288458824157715,5190,1751229274913
circle loss,batch_train_loss,8.152048110961914,5191,1751229275985
circle loss,batch_train_loss,8.252915382385254,5192,1751229290552
circle loss,batch_train_loss,11.476020812988281,5193,1751229291879
circle loss,batch_train_loss,11.524370193481445,5194,1751229293162
circle loss,batch_train_loss,5.4832377433776855,5195,1751229294371
circle loss,batch_train_loss,4.316399574279785,5196,1751229295598
circle loss,batch_train_loss,8.333502769470215,5197,1751229296818
circle loss,batch_train_loss,6.796303749084473,5198,1751229298028
circle loss,batch_train_loss,2.695850372314453,5199,1751229299234
circle loss,batch_train_loss,8.592910766601562,5200,1751229300453
circle loss,batch_train_loss,6.94021463394165,5201,1751229301665
circle loss,batch_train_loss,7.816605567932129,5202,1751229302861
circle loss,batch_train_loss,6.2148542404174805,5203,1751229304082
circle loss,batch_train_loss,9.6432523727417,5204,1751229305657
circle loss,batch_train_loss,6.066026210784912,5205,1751229306944
circle loss,batch_train_loss,8.317097663879395,5206,1751229308174
circle loss,batch_train_loss,4.471582889556885,5207,1751229309434
circle loss,batch_train_loss,8.998571395874023,5208,1751229310709
circle loss,batch_train_loss,5.032697677612305,5209,1751229312082
circle loss,batch_train_loss,3.347273588180542,5210,1751229313431
circle loss,batch_train_loss,11.619781494140625,5211,1751229314693
circle loss,batch_train_loss,2.4209442138671875,5212,1751229315965
circle loss,batch_train_loss,2.45444393157959,5213,1751229317385
circle loss,batch_train_loss,2.917391777038574,5214,1751229318631
circle loss,batch_train_loss,7.226319789886475,5215,1751229319945
circle loss,batch_train_loss,6.280804634094238,5216,1751229321286
circle loss,batch_train_loss,3.2016758918762207,5217,1751229322531
circle loss,batch_train_loss,4.66931676864624,5218,1751229323755
circle loss,batch_train_loss,1.6308181285858154,5219,1751229325072
circle loss,batch_train_loss,18.2584285736084,5220,1751229326362
circle loss,batch_train_loss,5.855677127838135,5221,1751229327617
circle loss,batch_train_loss,6.641312122344971,5222,1751229329288
circle loss,batch_train_loss,8.649665832519531,5223,1751229330692
circle loss,batch_train_loss,10.388617515563965,5224,1751229331919
circle loss,batch_train_loss,5.209430694580078,5225,1751229333143
circle loss,batch_train_loss,3.7318592071533203,5226,1751229334386
circle loss,batch_train_loss,6.2545671463012695,5227,1751229335690
circle loss,batch_train_loss,1.461984634399414,5228,1751229336934
circle loss,batch_train_loss,7.8695268630981445,5229,1751229338219
circle loss,batch_train_loss,9.377486228942871,5230,1751229339479
circle loss,batch_train_loss,1.4295188188552856,5231,1751229340726
circle loss,batch_train_loss,6.603065013885498,5232,1751229342017
circle loss,batch_train_loss,5.734645366668701,5233,1751229343431
circle loss,batch_train_loss,7.632303714752197,5234,1751229344712
circle loss,batch_train_loss,1.9505455493927002,5235,1751229345973
circle loss,batch_train_loss,2.4869308471679688,5236,1751229347217
circle loss,batch_train_loss,2.1856610774993896,5237,1751229348483
circle loss,batch_train_loss,3.8299660682678223,5238,1751229349745
circle loss,batch_train_loss,5.828628063201904,5239,1751229351024
circle loss,batch_train_loss,1.7065898180007935,5240,1751229352322
circle loss,batch_train_loss,6.234292984008789,5241,1751229353603
circle loss,batch_train_loss,5.5902299880981445,5242,1751229354875
circle loss,batch_train_loss,7.606634140014648,5243,1751229356174
circle loss,batch_train_loss,0.9166633486747742,5244,1751229357475
circle loss,batch_train_loss,9.107074737548828,5245,1751229359002
circle loss,batch_train_loss,4.503207683563232,5246,1751229360346
circle loss,batch_train_loss,4.22758674621582,5247,1751229361627
circle loss,batch_train_loss,4.369179725646973,5248,1751229362904
circle loss,batch_train_loss,5.9073638916015625,5249,1751229364178
circle loss,batch_train_loss,8.076958656311035,5250,1751229365481
circle loss,batch_train_loss,4.207596302032471,5251,1751229366759
circle loss,batch_train_loss,2.505561590194702,5252,1751229367996
circle loss,batch_train_loss,8.97627067565918,5253,1751229369272
circle loss,batch_train_loss,7.951740741729736,5254,1751229370547
circle loss,batch_train_loss,8.34837532043457,5255,1751229371851
circle loss,batch_train_loss,4.415168285369873,5256,1751229373101
circle loss,batch_train_loss,13.725592613220215,5257,1751229374341
circle loss,batch_train_loss,2.868394374847412,5258,1751229375578
circle loss,batch_train_loss,1.7958580255508423,5259,1751229376834
circle loss,batch_train_loss,3.85054349899292,5260,1751229378072
circle loss,batch_train_loss,4.047930717468262,5261,1751229379315
circle loss,batch_train_loss,3.7293031215667725,5262,1751229380547
circle loss,batch_train_loss,4.046613693237305,5263,1751229381801
circle loss,batch_train_loss,2.744493246078491,5264,1751229383038
circle loss,batch_train_loss,4.266927719116211,5265,1751229384268
circle loss,batch_train_loss,2.832756996154785,5266,1751229385500
circle loss,batch_train_loss,2.904951810836792,5267,1751229386882
circle loss,batch_train_loss,14.057263374328613,5268,1751229388115
circle loss,batch_train_loss,3.0431034564971924,5269,1751229389346
circle loss,batch_train_loss,9.001399993896484,5270,1751229390569
circle loss,batch_train_loss,1.8359709978103638,5271,1751229391810
circle loss,batch_train_loss,4.516055107116699,5272,1751229393038
circle loss,batch_train_loss,7.663033962249756,5273,1751229394263
circle loss,batch_train_loss,9.679028511047363,5274,1751229395540
circle loss,batch_train_loss,4.330836772918701,5275,1751229396816
circle loss,batch_train_loss,3.7686333656311035,5276,1751229398047
circle loss,batch_train_loss,6.210762977600098,5277,1751229399283
circle loss,batch_train_loss,7.561280727386475,5278,1751229400509
circle loss,batch_train_loss,15.013718605041504,5279,1751229401322
contrastive loss,training loss,3.4669550413435157,0,1751126875785
contrastive loss,training loss,0.2978297465226867,1,1751127118469
contrastive loss,training loss,0.22932430492206055,2,1751127360101
contrastive loss,training loss,0.2124261659654704,3,1751127603569
contrastive loss,training loss,0.20567598668011752,4,1751127842874
contrastive loss,training loss,0.1964979496869174,5,1751128072720
contrastive loss,training loss,0.18836841054938055,6,1751128303580
contrastive loss,training loss,0.1842080673033541,7,1751128539201
contrastive loss,training loss,0.17923638834194702,8,1751128776665
contrastive loss,training loss,0.16942758316343481,9,1751129009590
contrastive loss,training loss,0.17098745568232102,10,1751129243140
contrastive loss,training loss,0.16930718923156912,11,1751129472347
contrastive loss,training loss,0.16684004935351285,12,1751129704052
contrastive loss,training loss,0.16067998653108423,13,1751129932548
contrastive loss,training loss,0.15049484981731934,14,1751130162308
contrastive loss,training loss,0.16061793877319855,15,1751130393070
contrastive loss,training loss,0.1580064364454963,16,1751130599598
contrastive loss,training loss,0.15150189264254135,17,1751130831832
contrastive loss,training loss,0.14481243762102994,18,1751131059218
contrastive loss,training loss,0.14875697683204303,19,1751131286297
contrastive loss,training loss,0.14388659596443176,20,1751131510507
contrastive loss,training loss,0.14135351235216315,21,1751131737769
contrastive loss,training loss,0.13810781118544666,22,1751131965274
contrastive loss,training loss,0.13976267047903754,23,1751132177588
contrastive loss,training loss,0.136214883828705,24,1751132379310
contrastive loss,training loss,0.13446879251436752,25,1751132575429
contrastive loss,training loss,0.13003030283884567,26,1751132782319
contrastive loss,training loss,0.12736589258367365,27,1751132989159
contrastive loss,training loss,0.1338235227899118,28,1751133191174
contrastive loss,training loss,0.13115804473107512,29,1751133392832
contrastive loss,training loss,0.12698723883791405,30,1751133596868
contrastive loss,training loss,0.13223592327399689,31,1751133805802
contrastive loss,training loss,0.1223588924516331,32,1751134014073
contrastive loss,training loss,0.12132029032165353,33,1751134255829
contrastive loss,training loss,0.12263707477938045,34,1751134486627
contrastive loss,training loss,0.1269187940792604,35,1751134735994
contrastive loss,training loss,0.12285153567790985,36,1751134938564
contrastive loss,training loss,0.11912234940312126,37,1751135133334
contrastive loss,training loss,0.11485857076265595,38,1751135332819
contrastive loss,training loss,0.1187939616766843,39,1751135528022
contrastive loss,training loss,0.11514586955308914,40,1751135715793
contrastive loss,training loss,0.11616034060716629,41,1751135907736
contrastive loss,training loss,0.11408179896799,42,1751136129773
contrastive loss,training loss,0.10987028547308662,43,1751136332825
contrastive loss,training loss,0.11279973692514679,44,1751136537728
contrastive loss,training loss,0.10750524191693826,45,1751136715294
contrastive loss,training loss,0.10988608273592862,46,1751136833398
contrastive loss,training loss,0.10586679455908862,47,1751136967745
contrastive loss,training loss,0.10902942513877695,48,1751137105264
contrastive loss,training loss,0.10203676840121095,49,1751137293531
contrastive loss,training loss,0.10631343891674822,50,1751137478465
contrastive loss,training loss,0.10280683670531619,51,1751137633591
contrastive loss,validation loss,0.5986897846062978,0,1751126875785
contrastive loss,validation loss,0.22941837459802628,1,1751127118469
contrastive loss,validation loss,0.22202816853920618,2,1751127360101
contrastive loss,validation loss,0.2067794551452001,3,1751127603569
contrastive loss,validation loss,0.20007387300332388,4,1751127842874
contrastive loss,validation loss,0.18135088682174683,5,1751128072720
contrastive loss,validation loss,0.1960691586136818,6,1751128303580
contrastive loss,validation loss,0.17652646948893866,7,1751128539201
contrastive loss,validation loss,0.1822867492834727,8,1751128776665
contrastive loss,validation loss,0.1660282015800476,9,1751129009590
contrastive loss,validation loss,0.16547261302669844,10,1751129243140
contrastive loss,validation loss,0.1716577559709549,11,1751129472347
contrastive loss,validation loss,0.16367974877357483,12,1751129704052
contrastive loss,validation loss,0.15938052038351694,13,1751129932548
contrastive loss,validation loss,0.15247431149085364,14,1751130162308
contrastive loss,validation loss,0.14969827979803085,15,1751130393070
contrastive loss,validation loss,0.1544536054134369,16,1751130599598
contrastive loss,validation loss,0.1386894683043162,17,1751130831832
contrastive loss,validation loss,0.144965926806132,18,1751131059218
contrastive loss,validation loss,0.14566263183951378,19,1751131286297
contrastive loss,validation loss,0.14320112516482672,20,1751131510507
contrastive loss,validation loss,0.1312681809067726,21,1751131737769
contrastive loss,validation loss,0.14920825014511743,22,1751131965274
contrastive loss,validation loss,0.135451290756464,23,1751132177588
contrastive loss,validation loss,0.1357576809823513,24,1751132379310
contrastive loss,validation loss,0.12650160243113837,25,1751132575429
contrastive loss,validation loss,0.13690411920348802,26,1751132782319
contrastive loss,validation loss,0.12511607880393663,27,1751132989159
contrastive loss,validation loss,0.12730645636717478,28,1751133191174
contrastive loss,validation loss,0.12397777413328488,29,1751133392832
contrastive loss,validation loss,0.12882228816548982,30,1751133596868
contrastive loss,validation loss,0.12351033215721448,31,1751133805802
contrastive loss,validation loss,0.12434703235824902,32,1751134014073
contrastive loss,validation loss,0.12206080307563145,33,1751134255829
contrastive loss,validation loss,0.1256721851726373,34,1751134486627
contrastive loss,validation loss,0.1240818127989769,35,1751134735994
contrastive loss,validation loss,0.12451540057857831,36,1751134938564
contrastive loss,validation loss,0.10995847607652347,37,1751135133334
contrastive loss,validation loss,0.11666460831960042,38,1751135332819
contrastive loss,validation loss,0.11105343326926231,39,1751135528022
contrastive loss,validation loss,0.11146520326534907,40,1751135715793
contrastive loss,validation loss,0.11085485542813937,41,1751135907736
contrastive loss,validation loss,0.10786638036370277,42,1751136129773
contrastive loss,validation loss,0.10964321469267209,43,1751136332825
contrastive loss,validation loss,0.10924853508671124,44,1751136537728
contrastive loss,validation loss,0.11260057116548221,45,1751136715294
contrastive loss,validation loss,0.09891594822208087,46,1751136833398
contrastive loss,validation loss,0.10569160679976146,47,1751136967745
contrastive loss,validation loss,0.10280586530764897,48,1751137105264
contrastive loss,validation loss,0.10686636964480083,49,1751137293531
contrastive loss,validation loss,0.09974199160933495,50,1751137478465
contrastive loss,validation loss,0.1007442536453406,51,1751137633591
contrastive loss,accuracy,0.5092724679029957,0,1751126875785
contrastive loss,accuracy,0.637660485021398,1,1751127118469
contrastive loss,accuracy,0.6390870185449358,2,1751127360101
contrastive loss,accuracy,0.6562054208273894,3,1751127603569
contrastive loss,accuracy,0.6861626248216833,4,1751127842874
contrastive loss,accuracy,0.7332382310984308,5,1751128072720
contrastive loss,accuracy,0.7089871611982882,6,1751128303580
contrastive loss,accuracy,0.7546362339514978,7,1751128539201
contrastive loss,accuracy,0.7332382310984308,8,1751128776665
contrastive loss,accuracy,0.7674750356633381,9,1751129009590
contrastive loss,accuracy,0.7574893009985735,10,1751129243140
contrastive loss,accuracy,0.7574893009985735,11,1751129472347
contrastive loss,accuracy,0.7574893009985735,12,1751129704052
contrastive loss,accuracy,0.7689015691868759,13,1751129932548
contrastive loss,accuracy,0.7831669044222539,14,1751130162308
contrastive loss,accuracy,0.7888730385164051,15,1751130393070
contrastive loss,accuracy,0.7860199714693296,16,1751130599598
contrastive loss,accuracy,0.8031383737517832,17,1751130831832
contrastive loss,accuracy,0.8017118402282454,18,1751131059218
contrastive loss,accuracy,0.797432239657632,19,1751131286297
contrastive loss,accuracy,0.8088445078459344,20,1751131510507
contrastive loss,accuracy,0.8430813124108416,21,1751131737769
contrastive loss,accuracy,0.7860199714693296,22,1751131965274
contrastive loss,accuracy,0.8202567760342369,23,1751132177588
contrastive loss,accuracy,0.8088445078459344,24,1751132379310
contrastive loss,accuracy,0.8402282453637661,25,1751132575429
contrastive loss,accuracy,0.8159771754636234,26,1751132782319
contrastive loss,accuracy,0.8359486447931527,27,1751132989159
contrastive loss,accuracy,0.8402282453637661,28,1751133191174
contrastive loss,accuracy,0.854493580599144,29,1751133392832
contrastive loss,accuracy,0.8174037089871612,30,1751133596868
contrastive loss,accuracy,0.8502139800285307,31,1751133805802
contrastive loss,accuracy,0.8373751783166904,32,1751134014073
contrastive loss,accuracy,0.8416547788873039,33,1751134255829
contrastive loss,accuracy,0.8245363766048502,34,1751134486627
contrastive loss,accuracy,0.8345221112696148,35,1751134735994
contrastive loss,accuracy,0.8459343794579173,36,1751134938564
contrastive loss,accuracy,0.8801711840228246,37,1751135133334
contrastive loss,accuracy,0.8416547788873039,38,1751135332819
contrastive loss,accuracy,0.8559201141226819,39,1751135528022
contrastive loss,accuracy,0.8601997146932953,40,1751135715793
contrastive loss,accuracy,0.8701854493580599,41,1751135907736
contrastive loss,accuracy,0.8716119828815977,42,1751136129773
contrastive loss,accuracy,0.8673323823109843,43,1751136332825
contrastive loss,accuracy,0.8673323823109843,44,1751136537728
contrastive loss,accuracy,0.8601997146932953,45,1751136715294
contrastive loss,accuracy,0.884450784593438,46,1751136833398
contrastive loss,accuracy,0.8730385164051355,47,1751136967745
contrastive loss,accuracy,0.8815977175463623,48,1751137105264
contrastive loss,accuracy,0.884450784593438,49,1751137293531
contrastive loss,accuracy,0.8858773181169758,50,1751137478465
contrastive loss,accuracy,0.8787446504992867,51,1751137633591
contrastive loss,F1-score,0.6711281070298493,0,1751126875785
contrastive loss,F1-score,0.6308139534381905,1,1751127118469
contrastive loss,F1-score,0.6125574272092429,2,1751127360101
contrastive loss,F1-score,0.6675862068469315,3,1751127603569
contrastive loss,F1-score,0.7058823528910682,4,1751127842874
contrastive loss,F1-score,0.7179487178985151,5,1751128072720
contrastive loss,F1-score,0.7126760562878597,6,1751128303580
contrastive loss,F1-score,0.7499999999498027,7,1751128539201
contrastive loss,F1-score,0.7109737248345325,8,1751128776665
contrastive loss,F1-score,0.7606461086135152,9,1751129009590
contrastive loss,F1-score,0.7368421052130851,10,1751129243140
contrastive loss,F1-score,0.7222222221720396,11,1751129472347
contrastive loss,F1-score,0.7408536584867504,12,1751129704052
contrastive loss,F1-score,0.7395498391782075,13,1751129932548
contrastive loss,F1-score,0.7696969696469794,14,1751130162308
contrastive loss,F1-score,0.7777777777279236,15,1751130393070
contrastive loss,F1-score,0.7692307691809307,16,1751130599598
contrastive loss,F1-score,0.8017241378809233,17,1751130831832
contrastive loss,F1-score,0.7851622874305245,18,1751131059218
contrastive loss,F1-score,0.7917888562548374,19,1751131286297
contrastive loss,F1-score,0.7932098764931028,20,1751131510507
contrastive loss,F1-score,0.8353293412671601,21,1751131737769
contrastive loss,F1-score,0.7685185184686286,22,1751131965274
contrastive loss,F1-score,0.8061538461039962,23,1751132177588
contrastive loss,F1-score,0.8017751478788199,24,1751132379310
contrastive loss,F1-score,0.8399999999499074,25,1751132575429
contrastive loss,F1-score,0.8060150375438513,26,1751132782319
contrastive loss,F1-score,0.8228043142795368,27,1751132989159
contrastive loss,F1-score,0.831325301154809,28,1751133191174
contrastive loss,F1-score,0.8486646883770835,29,1751133392832
contrastive loss,F1-score,0.8144927535730031,30,1751133596868
contrastive loss,F1-score,0.8382126347726914,31,1751133805802
contrastive loss,F1-score,0.834302325531248,32,1751134014073
contrastive loss,F1-score,0.8223999999499315,33,1751134255829
contrastive loss,F1-score,0.8172362555219153,34,1751134486627
contrastive loss,F1-score,0.8338108882020432,35,1751134735994
contrastive loss,F1-score,0.8363636363135487,36,1751134938564
contrastive loss,F1-score,0.8670886075447604,37,1751135133334
contrastive loss,F1-score,0.8412017166880108,38,1751135332819
contrastive loss,F1-score,0.8443759629699902,39,1751135528022
contrastive loss,F1-score,0.8473520248719365,40,1751135715793
contrastive loss,F1-score,0.8571428570928159,41,1751135907736
contrastive loss,F1-score,0.8710601718695804,42,1751136129773
contrastive loss,F1-score,0.8661870503095178,43,1751136332825
contrastive loss,F1-score,0.8597285067371538,44,1751136537728
contrastive loss,F1-score,0.8501529051485959,45,1751136715294
contrastive loss,F1-score,0.8703999999500288,46,1751136833398
contrastive loss,F1-score,0.8665667165915731,47,1751136967745
contrastive loss,F1-score,0.8697017267944619,48,1751137105264
contrastive loss,F1-score,0.8774583963189327,49,1751137293531
contrastive loss,F1-score,0.883381924148238,50,1751137478465
contrastive loss,F1-score,0.8698315466573979,51,1751137633591
contrastive loss,precision,0.5050359712229489,0,1751126875785
contrastive loss,precision,0.6345029239764227,1,1751127118469
contrastive loss,precision,0.6896551724135553,2,1751127360101
contrastive loss,precision,0.6034912718202984,3,1751127603569
contrastive loss,precision,0.6786632390743756,4,1751127842874
contrastive loss,precision,0.7300613496930276,5,1751128072720
contrastive loss,precision,0.6950549450547542,6,1751128303580
contrastive loss,precision,0.7655786350146097,7,1751128539201
contrastive loss,precision,0.8041958041955231,8,1751128776665
contrastive loss,precision,0.770833333333104,9,1751129009590
contrastive loss,precision,0.7803278688522032,10,1751129243140
contrastive loss,precision,0.7466216216213695,11,1751129472347
contrastive loss,precision,0.8127090301000627,12,1751129704052
contrastive loss,precision,0.782312925169802,13,1751129932548
contrastive loss,precision,0.8273615635176459,14,1751130162308
contrastive loss,precision,0.8519736842102461,15,1751130393070
contrastive loss,precision,0.8445945945943093,16,1751130599598
contrastive loss,precision,0.842900302114549,17,1751130831832
contrastive loss,precision,0.8193548387094132,18,1751131059218
contrastive loss,precision,0.825688073394243,19,1751131286297
contrastive loss,precision,0.8371335504883267,20,1751131510507
contrastive loss,precision,0.8611111111108454,21,1751131737769
contrastive loss,precision,0.8383838383835561,22,1751131965274
contrastive loss,precision,0.8851351351348361,23,1751132177588
contrastive loss,precision,0.8312883435580273,24,1751132379310
contrastive loss,precision,0.888217522658342,25,1751132575429
contrastive loss,precision,0.8454258675076197,26,1751132782319
contrastive loss,precision,0.8503184713373089,27,1751132989159
contrastive loss,precision,0.8932038834948566,28,1751133191174
contrastive loss,precision,0.8719512195119293,29,1751133392832
contrastive loss,precision,0.8413173652692092,30,1751133596868
contrastive loss,precision,0.885993485341731,31,1751133805802
contrastive loss,precision,0.8723404255316498,32,1751134014073
contrastive loss,precision,0.8771331058017484,33,1751134255829
contrastive loss,precision,0.8540372670804801,34,1751134486627
contrastive loss,precision,0.8791540785495834,35,1751134735994
contrastive loss,precision,0.8874598070736697,36,1751134938564
contrastive loss,precision,0.9072847682116202,37,1751135133334
contrastive loss,precision,0.8698224852068432,38,1751135332819
contrastive loss,precision,0.9042904290426059,39,1751135528022
contrastive loss,precision,0.8831168831165964,40,1751135715793
contrastive loss,precision,0.9191919191916097,41,1751135907736
contrastive loss,precision,0.902077151335044,42,1751136129773
contrastive loss,precision,0.8958333333330667,43,1751136332825
contrastive loss,precision,0.8962264150940579,44,1751136537728
contrastive loss,precision,0.8853503184710556,45,1751136715294
contrastive loss,precision,0.9444444444441166,46,1751136833398
contrastive loss,precision,0.9174603174600262,47,1751136967745
contrastive loss,precision,0.9202657807305913,48,1751137105264
contrastive loss,precision,0.9090909090906242,49,1751137293531
contrastive loss,precision,0.9498432601877901,50,1751137478465
contrastive loss,precision,0.9220779220776227,51,1751137633591
contrastive loss,Recall,0.9999999999997151,0,1751126875785
contrastive loss,Recall,0.6271676300576222,1,1751127118469
contrastive loss,Recall,0.5509641873276719,2,1751127360101
contrastive loss,Recall,0.7469135802466831,3,1751127603569
contrastive loss,Recall,0.7353760445680403,4,1751127842874
contrastive loss,Recall,0.7062314540057252,5,1751128072720
contrastive loss,Recall,0.7312138728321587,6,1751128303580
contrastive loss,Recall,0.7350427350425257,7,1751128539201
contrastive loss,Recall,0.6371191135732307,8,1751128776665
contrastive loss,Recall,0.7507246376809419,9,1751129009590
contrastive loss,Recall,0.6979472140760417,10,1751129243140
contrastive loss,Recall,0.6993670886073736,11,1751129472347
contrastive loss,Recall,0.6806722689073724,12,1751129704052
contrastive loss,Recall,0.7012195121949082,13,1751129932548
contrastive loss,Recall,0.7195467422094279,14,1751130162308
contrastive loss,Recall,0.7154696132594709,15,1751130393070
contrastive loss,Recall,0.7062146892653373,16,1751130599598
contrastive loss,Recall,0.7643835616436262,17,1751130831832
contrastive loss,Recall,0.7537091988128327,18,1751131059218
contrastive loss,Recall,0.760563380281476,19,1751131286297
contrastive loss,Recall,0.7536656891493392,20,1751131510507
contrastive loss,Recall,0.8110465116276713,21,1751131737769
contrastive loss,Recall,0.7094017094015073,22,1751131965274
contrastive loss,Recall,0.7401129943500735,23,1751132177588
contrastive loss,Recall,0.7742857142854931,24,1751132379310
contrastive loss,Recall,0.7967479674794589,25,1751132575429
contrastive loss,Recall,0.7701149425285143,26,1751132782319
contrastive loss,Recall,0.7970149253728964,27,1751132989159
contrastive loss,Recall,0.7774647887321754,28,1751133191174
contrastive loss,Recall,0.8265895953754837,29,1751133392832
contrastive loss,Recall,0.7893258426964075,30,1751133596868
contrastive loss,Recall,0.7953216374266681,31,1751133805802
contrastive loss,Recall,0.7994428969357105,32,1751134014073
contrastive loss,Recall,0.7740963855419355,33,1751134255829
contrastive loss,Recall,0.7834757834755602,34,1751134486627
contrastive loss,Recall,0.7929155313349339,35,1751134735994
contrastive loss,Recall,0.7908309455585126,36,1751134938564
contrastive loss,Recall,0.8303030303027787,37,1751135133334
contrastive loss,Recall,0.8144044321327384,38,1751135332819
contrastive loss,Recall,0.7919075144506382,39,1751135528022
contrastive loss,Recall,0.8143712574847861,40,1751135715793
contrastive loss,Recall,0.8029411764703521,41,1751135907736
contrastive loss,Recall,0.8421052631576615,42,1751136129773
contrastive loss,Recall,0.8384401114203793,43,1751136332825
contrastive loss,Recall,0.8260869565214997,44,1751136537728
contrastive loss,Recall,0.8176470588232889,45,1751136715294
contrastive loss,Recall,0.8071216617208288,46,1751136833398
contrastive loss,Recall,0.821022727272494,47,1751136967745
contrastive loss,Recall,0.8244047619045166,48,1751137105264
contrastive loss,Recall,0.8479532163740211,49,1751137293531
contrastive loss,Recall,0.8256130790188486,50,1751137478465
contrastive loss,Recall,0.8231884057968629,51,1751137633591
contrastive loss,val_roc_auc,0.3703866503866504,0,1751126875785
contrastive loss,val_roc_auc,0.3216885125783604,1,1751127118469
contrastive loss,val_roc_auc,0.29025054199879374,2,1751127360101
contrastive loss,val_roc_auc,0.23333988276517012,3,1751127603569
contrastive loss,val_roc_auc,0.22482040756487318,4,1751127842874
contrastive loss,val_roc_auc,0.1724247562526494,5,1751128072720
contrastive loss,val_roc_auc,0.21928681918098183,6,1751128303580
contrastive loss,val_roc_auc,0.16280830280830283,7,1751128539201
contrastive loss,val_roc_auc,0.18576666123513116,8,1751128776665
contrastive loss,val_roc_auc,0.14517179612440972,9,1751129009590
contrastive loss,val_roc_auc,0.1551564027370479,10,1751129243140
contrastive loss,val_roc_auc,0.16317606444188723,11,1751129472347
contrastive loss,val_roc_auc,0.15958243762621327,12,1751129704052
contrastive loss,val_roc_auc,0.14638233178578433,13,1751129932548
contrastive loss,val_roc_auc,0.12787763342124972,14,1751130162308
contrastive loss,val_roc_auc,0.12360859857559608,15,1751130393070
contrastive loss,val_roc_auc,0.13804360214265943,16,1751130599598
contrastive loss,val_roc_auc,0.10551206784083497,17,1751130831832
contrastive loss,val_roc_auc,0.11902859751524442,18,1751131059218
contrastive loss,val_roc_auc,0.11236668566311162,19,1751131286297
contrastive loss,val_roc_auc,0.10439068100358423,20,1751131510507
contrastive loss,val_roc_auc,0.08569474301348445,21,1751131737769
contrastive loss,val_roc_auc,0.13114367114367115,22,1751131965274
contrastive loss,val_roc_auc,0.08932903498917273,23,1751132177588
contrastive loss,val_roc_auc,0.09949531949531948,24,1751132379310
contrastive loss,val_roc_auc,0.08153753224279231,25,1751132575429
contrastive loss,val_roc_auc,0.10063983588942073,26,1751132782319
contrastive loss,val_roc_auc,0.08479732485115407,27,1751132989159
contrastive loss,val_roc_auc,0.08449890091997068,28,1751133191174
contrastive loss,val_roc_auc,0.06970609785882928,29,1751133392832
contrastive loss,val_roc_auc,0.09428431851489985,30,1751133596868
contrastive loss,val_roc_auc,0.08358989395494305,31,1751133805802
contrastive loss,val_roc_auc,0.09121340956848947,32,1751134014073
contrastive loss,val_roc_auc,0.08245992098475202,33,1751134255829
contrastive loss,val_roc_auc,0.09586487586487588,34,1751134486627
contrastive loss,val_roc_auc,0.09282252932826444,35,1751134735994
contrastive loss,val_roc_auc,0.07837327429017973,36,1751134938564
contrastive loss,val_roc_auc,0.06359552397288246,37,1751135133334
contrastive loss,val_roc_auc,0.06701971647384715,38,1751135332819
contrastive loss,val_roc_auc,0.06157290564194414,39,1751135528022
contrastive loss,val_roc_auc,0.06986571815497072,40,1751135715793
contrastive loss,val_roc_auc,0.054228450382923246,41,1751135907736
contrastive loss,val_roc_auc,0.058228776275052956,42,1751136129773
contrastive loss,val_roc_auc,0.06506866050921174,43,1751136332825
contrastive loss,val_roc_auc,0.055471421592574496,44,1751136537728
contrastive loss,val_roc_auc,0.06808701319863124,45,1751136715294
contrastive loss,val_roc_auc,0.04989076205693416,46,1751136833398
contrastive loss,val_roc_auc,0.06118129721281583,47,1751136967745
contrastive loss,val_roc_auc,0.056311154598825824,48,1751137105264
contrastive loss,val_roc_auc,0.054407141344540555,49,1751137293531
contrastive loss,val_roc_auc,0.04798577232456069,50,1751137478465
contrastive loss,val_roc_auc,0.051986647125875265,51,1751137633591
contrastive loss,batch_train_loss,8.403427124023438,0,1751126641583
contrastive loss,batch_train_loss,8.872882843017578,1,1751126651796
contrastive loss,batch_train_loss,6.66851806640625,2,1751126661510
contrastive loss,batch_train_loss,6.210601329803467,3,1751126671443
contrastive loss,batch_train_loss,4.831586837768555,4,1751126681316
contrastive loss,batch_train_loss,5.834714889526367,5,1751126691203
contrastive loss,batch_train_loss,5.182060718536377,6,1751126701128
contrastive loss,batch_train_loss,3.960333824157715,7,1751126711471
contrastive loss,batch_train_loss,4.239641189575195,8,1751126721939
contrastive loss,batch_train_loss,4.040792942047119,9,1751126732201
contrastive loss,batch_train_loss,3.137174129486084,10,1751126742664
contrastive loss,batch_train_loss,2.6686794757843018,11,1751126752869
contrastive loss,batch_train_loss,2.133660316467285,12,1751126763054
contrastive loss,batch_train_loss,1.897277593612671,13,1751126773009
contrastive loss,batch_train_loss,1.5484073162078857,14,1751126781533
contrastive loss,batch_train_loss,1.4057204723358154,15,1751126791568
contrastive loss,batch_train_loss,1.3752257823944092,16,1751126801930
contrastive loss,batch_train_loss,1.0287847518920898,17,1751126811738
contrastive loss,batch_train_loss,0.8771215081214905,18,1751126821787
contrastive loss,batch_train_loss,0.7306749820709229,19,1751126832080
contrastive loss,batch_train_loss,0.6518266201019287,20,1751126842015
contrastive loss,batch_train_loss,0.573898196220398,21,1751126851101
contrastive loss,batch_train_loss,0.5698347091674805,22,1751126886226
contrastive loss,batch_train_loss,0.5657006502151489,23,1751126896508
contrastive loss,batch_train_loss,0.4065523147583008,24,1751126906853
contrastive loss,batch_train_loss,0.336789608001709,25,1751126916827
contrastive loss,batch_train_loss,0.369772732257843,26,1751126927000
contrastive loss,batch_train_loss,0.3386242985725403,27,1751126936944
contrastive loss,batch_train_loss,0.3065832257270813,28,1751126946952
contrastive loss,batch_train_loss,0.2764340043067932,29,1751126956956
contrastive loss,batch_train_loss,0.3059137463569641,30,1751126966570
contrastive loss,batch_train_loss,0.2540471851825714,31,1751126976356
contrastive loss,batch_train_loss,0.25317877531051636,32,1751126986538
contrastive loss,batch_train_loss,0.25777968764305115,33,1751126996468
contrastive loss,batch_train_loss,0.2429819256067276,34,1751127006318
contrastive loss,batch_train_loss,0.22744745016098022,35,1751127016636
contrastive loss,batch_train_loss,0.22462497651576996,36,1751127026295
contrastive loss,batch_train_loss,0.23125332593917847,37,1751127036123
contrastive loss,batch_train_loss,0.2301856279373169,38,1751127046345
contrastive loss,batch_train_loss,0.23023442924022675,39,1751127056269
contrastive loss,batch_train_loss,0.24195370078086853,40,1751127065995
contrastive loss,batch_train_loss,0.21523597836494446,41,1751127076250
contrastive loss,batch_train_loss,0.23495063185691833,42,1751127086211
contrastive loss,batch_train_loss,0.23217543959617615,43,1751127094816
contrastive loss,batch_train_loss,0.23689976334571838,44,1751127128476
contrastive loss,batch_train_loss,0.22799158096313477,45,1751127138700
contrastive loss,batch_train_loss,0.2359839230775833,46,1751127148619
contrastive loss,batch_train_loss,0.2243289053440094,47,1751127158364
contrastive loss,batch_train_loss,0.23093542456626892,48,1751127169054
contrastive loss,batch_train_loss,0.23076440393924713,49,1751127178941
contrastive loss,batch_train_loss,0.23171013593673706,50,1751127188517
contrastive loss,batch_train_loss,0.23119093477725983,51,1751127198622
contrastive loss,batch_train_loss,0.2302444726228714,52,1751127208352
contrastive loss,batch_train_loss,0.2298557460308075,53,1751127217969
contrastive loss,batch_train_loss,0.2344520539045334,54,1751127228343
contrastive loss,batch_train_loss,0.23607121407985687,55,1751127238234
contrastive loss,batch_train_loss,0.230000838637352,56,1751127247994
contrastive loss,batch_train_loss,0.21535924077033997,57,1751127258468
contrastive loss,batch_train_loss,0.23319827020168304,58,1751127268414
contrastive loss,batch_train_loss,0.23129770159721375,59,1751127278150
contrastive loss,batch_train_loss,0.22623378038406372,60,1751127288434
contrastive loss,batch_train_loss,0.22992753982543945,61,1751127298218
contrastive loss,batch_train_loss,0.23104654252529144,62,1751127307751
contrastive loss,batch_train_loss,0.23514044284820557,63,1751127317994
contrastive loss,batch_train_loss,0.22132161259651184,64,1751127327514
contrastive loss,batch_train_loss,0.211180180311203,65,1751127336354
contrastive loss,batch_train_loss,0.22083470225334167,66,1751127369722
contrastive loss,batch_train_loss,0.20533207058906555,67,1751127379562
contrastive loss,batch_train_loss,0.22806000709533691,68,1751127389519
contrastive loss,batch_train_loss,0.20697858929634094,69,1751127398858
contrastive loss,batch_train_loss,0.20248088240623474,70,1751127409003
contrastive loss,batch_train_loss,0.2282690852880478,71,1751127418955
contrastive loss,batch_train_loss,0.20964321494102478,72,1751127428817
contrastive loss,batch_train_loss,0.22572427988052368,73,1751127439351
contrastive loss,batch_train_loss,0.2147173285484314,74,1751127449596
contrastive loss,batch_train_loss,0.20265763998031616,75,1751127459653
contrastive loss,batch_train_loss,0.20075315237045288,76,1751127470181
contrastive loss,batch_train_loss,0.208927184343338,77,1751127480819
contrastive loss,batch_train_loss,0.2087126523256302,78,1751127490891
contrastive loss,batch_train_loss,0.22100652754306793,79,1751127501236
contrastive loss,batch_train_loss,0.21854262053966522,80,1751127511084
contrastive loss,batch_train_loss,0.2231360226869583,81,1751127521055
contrastive loss,batch_train_loss,0.1976540982723236,82,1751127531366
contrastive loss,batch_train_loss,0.21335121989250183,83,1751127541590
contrastive loss,batch_train_loss,0.19441084563732147,84,1751127551391
contrastive loss,batch_train_loss,0.21402934193611145,85,1751127561541
contrastive loss,batch_train_loss,0.21748670935630798,86,1751127571170
contrastive loss,batch_train_loss,0.2106674760580063,87,1751127579876
contrastive loss,batch_train_loss,0.20167799293994904,88,1751127613654
contrastive loss,batch_train_loss,0.20605266094207764,89,1751127623728
contrastive loss,batch_train_loss,0.23152074217796326,90,1751127633241
contrastive loss,batch_train_loss,0.18831317126750946,91,1751127642730
contrastive loss,batch_train_loss,0.23797810077667236,92,1751127652501
contrastive loss,batch_train_loss,0.20883044600486755,93,1751127662266
contrastive loss,batch_train_loss,0.1815377026796341,94,1751127671763
contrastive loss,batch_train_loss,0.21812859177589417,95,1751127681838
contrastive loss,batch_train_loss,0.21407021582126617,96,1751127691992
contrastive loss,batch_train_loss,0.21116501092910767,97,1751127701693
contrastive loss,batch_train_loss,0.2100064754486084,98,1751127711855
contrastive loss,batch_train_loss,0.2006206214427948,99,1751127721696
contrastive loss,batch_train_loss,0.22227945923805237,100,1751127731617
contrastive loss,batch_train_loss,0.19185489416122437,101,1751127741913
contrastive loss,batch_train_loss,0.20086625218391418,102,1751127751821
contrastive loss,batch_train_loss,0.2140825390815735,103,1751127761666
contrastive loss,batch_train_loss,0.19909095764160156,104,1751127771622
contrastive loss,batch_train_loss,0.20670779049396515,105,1751127781583
contrastive loss,batch_train_loss,0.20014044642448425,106,1751127791207
contrastive loss,batch_train_loss,0.17858374118804932,107,1751127801298
contrastive loss,batch_train_loss,0.19664320349693298,108,1751127811134
contrastive loss,batch_train_loss,0.20472069084644318,109,1751127819779
contrastive loss,batch_train_loss,0.18686696887016296,110,1751127852642
contrastive loss,batch_train_loss,0.19962546229362488,111,1751127862696
contrastive loss,batch_train_loss,0.1999119222164154,112,1751127872424
contrastive loss,batch_train_loss,0.19568556547164917,113,1751127882220
contrastive loss,batch_train_loss,0.21477806568145752,114,1751127892045
contrastive loss,batch_train_loss,0.2090933620929718,115,1751127901980
contrastive loss,batch_train_loss,0.1902082860469818,116,1751127911252
contrastive loss,batch_train_loss,0.2054448276758194,117,1751127920648
contrastive loss,batch_train_loss,0.1982416957616806,118,1751127930318
contrastive loss,batch_train_loss,0.17723436653614044,119,1751127939754
contrastive loss,batch_train_loss,0.19252754747867584,120,1751127949135
contrastive loss,batch_train_loss,0.19324934482574463,121,1751127958756
contrastive loss,batch_train_loss,0.2068227082490921,122,1751127968026
contrastive loss,batch_train_loss,0.20267674326896667,123,1751127977326
contrastive loss,batch_train_loss,0.20513418316841125,124,1751127987133
contrastive loss,batch_train_loss,0.19281554222106934,125,1751127996526
contrastive loss,batch_train_loss,0.19961614906787872,126,1751128005803
contrastive loss,batch_train_loss,0.17494603991508484,127,1751128015429
contrastive loss,batch_train_loss,0.20196028053760529,128,1751128024882
contrastive loss,batch_train_loss,0.1957562118768692,129,1751128034033
contrastive loss,batch_train_loss,0.18714381754398346,130,1751128043165
contrastive loss,batch_train_loss,0.19321580231189728,131,1751128051762
contrastive loss,batch_train_loss,0.1923493891954422,132,1751128081602
contrastive loss,batch_train_loss,0.18651413917541504,133,1751128090050
contrastive loss,batch_train_loss,0.18542048335075378,134,1751128099000
contrastive loss,batch_train_loss,0.20027285814285278,135,1751128108716
contrastive loss,batch_train_loss,0.20738567411899567,136,1751128117974
contrastive loss,batch_train_loss,0.18098226189613342,137,1751128127708
contrastive loss,batch_train_loss,0.18974962830543518,138,1751128137482
contrastive loss,batch_train_loss,0.1937541514635086,139,1751128146877
contrastive loss,batch_train_loss,0.19908520579338074,140,1751128156201
contrastive loss,batch_train_loss,0.17770665884017944,141,1751128165804
contrastive loss,batch_train_loss,0.18530380725860596,142,1751128175441
contrastive loss,batch_train_loss,0.1882002353668213,143,1751128184843
contrastive loss,batch_train_loss,0.1960669457912445,144,1751128194322
contrastive loss,batch_train_loss,0.19392308592796326,145,1751128204365
contrastive loss,batch_train_loss,0.19618941843509674,146,1751128213959
contrastive loss,batch_train_loss,0.15814322233200073,147,1751128223783
contrastive loss,batch_train_loss,0.1912705898284912,148,1751128233572
contrastive loss,batch_train_loss,0.18663683533668518,149,1751128243169
contrastive loss,batch_train_loss,0.18403086066246033,150,1751128252769
contrastive loss,batch_train_loss,0.19108974933624268,151,1751128262405
contrastive loss,batch_train_loss,0.17824320495128632,152,1751128271788
contrastive loss,batch_train_loss,0.18178662657737732,153,1751128280570
contrastive loss,batch_train_loss,0.1708345264196396,154,1751128313261
contrastive loss,batch_train_loss,0.17509038746356964,155,1751128323080
contrastive loss,batch_train_loss,0.1882571280002594,156,1751128332510
contrastive loss,batch_train_loss,0.19931235909461975,157,1751128341701
contrastive loss,batch_train_loss,0.19994796812534332,158,1751128351371
contrastive loss,batch_train_loss,0.1676822304725647,159,1751128360790
contrastive loss,batch_train_loss,0.18495263159275055,160,1751128370542
contrastive loss,batch_train_loss,0.18633365631103516,161,1751128380578
contrastive loss,batch_train_loss,0.20298296213150024,162,1751128390388
contrastive loss,batch_train_loss,0.20008736848831177,163,1751128400259
contrastive loss,batch_train_loss,0.18464428186416626,164,1751128410222
contrastive loss,batch_train_loss,0.18847399950027466,165,1751128419959
contrastive loss,batch_train_loss,0.19588209688663483,166,1751128429710
contrastive loss,batch_train_loss,0.17397195100784302,167,1751128439596
contrastive loss,batch_train_loss,0.17586109042167664,168,1751128449496
contrastive loss,batch_train_loss,0.1708257794380188,169,1751128459445
contrastive loss,batch_train_loss,0.1698158234357834,170,1751128469051
contrastive loss,batch_train_loss,0.17792795598506927,171,1751128479065
contrastive loss,batch_train_loss,0.18450628221035004,172,1751128488734
contrastive loss,batch_train_loss,0.17701806128025055,173,1751128498389
contrastive loss,batch_train_loss,0.1944216787815094,174,1751128508375
contrastive loss,batch_train_loss,0.18374726176261902,175,1751128516612
contrastive loss,batch_train_loss,0.19313812255859375,176,1751128548898
contrastive loss,batch_train_loss,0.16362953186035156,177,1751128558577
contrastive loss,batch_train_loss,0.17964228987693787,178,1751128568894
contrastive loss,batch_train_loss,0.17880211770534515,179,1751128578614
contrastive loss,batch_train_loss,0.16437095403671265,180,1751128588029
contrastive loss,batch_train_loss,0.19391986727714539,181,1751128597842
contrastive loss,batch_train_loss,0.15882253646850586,182,1751128607416
contrastive loss,batch_train_loss,0.18648003041744232,183,1751128616812
contrastive loss,batch_train_loss,0.187606543302536,184,1751128626597
contrastive loss,batch_train_loss,0.17086957395076752,185,1751128635928
contrastive loss,batch_train_loss,0.17768268287181854,186,1751128645282
contrastive loss,batch_train_loss,0.17187900841236115,187,1751128654609
contrastive loss,batch_train_loss,0.1750129759311676,188,1751128664425
contrastive loss,batch_train_loss,0.17880988121032715,189,1751128673962
contrastive loss,batch_train_loss,0.18013492226600647,190,1751128683931
contrastive loss,batch_train_loss,0.18968307971954346,191,1751128693921
contrastive loss,batch_train_loss,0.18753063678741455,192,1751128703968
contrastive loss,batch_train_loss,0.18423011898994446,193,1751128714552
contrastive loss,batch_train_loss,0.18514953553676605,194,1751128724537
contrastive loss,batch_train_loss,0.17175763845443726,195,1751128734436
contrastive loss,batch_train_loss,0.1714777648448944,196,1751128744650
contrastive loss,batch_train_loss,0.1925707310438156,197,1751128753542
contrastive loss,batch_train_loss,0.15728792548179626,198,1751128786088
contrastive loss,batch_train_loss,0.17945235967636108,199,1751128795229
contrastive loss,batch_train_loss,0.16987422108650208,200,1751128804976
contrastive loss,batch_train_loss,0.17598654329776764,201,1751128814107
contrastive loss,batch_train_loss,0.182316854596138,202,1751128823299
contrastive loss,batch_train_loss,0.18222063779830933,203,1751128832471
contrastive loss,batch_train_loss,0.167658269405365,204,1751128841940
contrastive loss,batch_train_loss,0.16322775185108185,205,1751128851218
contrastive loss,batch_train_loss,0.1715097725391388,206,1751128860578
contrastive loss,batch_train_loss,0.16894763708114624,207,1751128870612
contrastive loss,batch_train_loss,0.14705798029899597,208,1751128880128
contrastive loss,batch_train_loss,0.19653935730457306,209,1751128889937
contrastive loss,batch_train_loss,0.17298592627048492,210,1751128899925
contrastive loss,batch_train_loss,0.1754712164402008,211,1751128909843
contrastive loss,batch_train_loss,0.1536121964454651,212,1751128919651
contrastive loss,batch_train_loss,0.17333537340164185,213,1751128929664
contrastive loss,batch_train_loss,0.16051825881004333,214,1751128939076
contrastive loss,batch_train_loss,0.1640273630619049,215,1751128948641
contrastive loss,batch_train_loss,0.18195411562919617,216,1751128958670
contrastive loss,batch_train_loss,0.14440464973449707,217,1751128968405
contrastive loss,batch_train_loss,0.179993137717247,218,1751128978057
contrastive loss,batch_train_loss,0.15902528166770935,219,1751128986833
contrastive loss,batch_train_loss,0.1778421252965927,220,1751129019696
contrastive loss,batch_train_loss,0.18522480130195618,221,1751129029141
contrastive loss,batch_train_loss,0.19189143180847168,222,1751129038783
contrastive loss,batch_train_loss,0.1715342104434967,223,1751129048651
contrastive loss,batch_train_loss,0.18691134452819824,224,1751129057907
contrastive loss,batch_train_loss,0.1852809488773346,225,1751129067107
contrastive loss,batch_train_loss,0.17888633906841278,226,1751129076447
contrastive loss,batch_train_loss,0.16329655051231384,227,1751129086507
contrastive loss,batch_train_loss,0.17396077513694763,228,1751129096450
contrastive loss,batch_train_loss,0.14919602870941162,229,1751129106187
contrastive loss,batch_train_loss,0.16517934203147888,230,1751129116099
contrastive loss,batch_train_loss,0.16031533479690552,231,1751129125658
contrastive loss,batch_train_loss,0.15060923993587494,232,1751129135050
contrastive loss,batch_train_loss,0.1843138337135315,233,1751129144967
contrastive loss,batch_train_loss,0.15342026948928833,234,1751129154461
contrastive loss,batch_train_loss,0.16854573786258698,235,1751129164005
contrastive loss,batch_train_loss,0.1660284548997879,236,1751129174074
contrastive loss,batch_train_loss,0.17344020307064056,237,1751129183397
contrastive loss,batch_train_loss,0.15604948997497559,238,1751129192787
contrastive loss,batch_train_loss,0.1822657436132431,239,1751129202683
contrastive loss,batch_train_loss,0.15354245901107788,240,1751129212120
contrastive loss,batch_train_loss,0.18398936092853546,241,1751129220378
contrastive loss,batch_train_loss,0.1822422593832016,242,1751129252792
contrastive loss,batch_train_loss,0.15243399143218994,243,1751129262392
contrastive loss,batch_train_loss,0.1849498152732849,244,1751129271838
contrastive loss,batch_train_loss,0.15163327753543854,245,1751129281345
contrastive loss,batch_train_loss,0.15706317126750946,246,1751129291114
contrastive loss,batch_train_loss,0.190676748752594,247,1751129300512
contrastive loss,batch_train_loss,0.1558874249458313,248,1751129309725
contrastive loss,batch_train_loss,0.17435072362422943,249,1751129319266
contrastive loss,batch_train_loss,0.1688847541809082,250,1751129328565
contrastive loss,batch_train_loss,0.17191803455352783,251,1751129337441
contrastive loss,batch_train_loss,0.16483071446418762,252,1751129346716
contrastive loss,batch_train_loss,0.1669323742389679,253,1751129356216
contrastive loss,batch_train_loss,0.1681508719921112,254,1751129365448
contrastive loss,batch_train_loss,0.15702252089977264,255,1751129374526
contrastive loss,batch_train_loss,0.17948773503303528,256,1751129384072
contrastive loss,batch_train_loss,0.17475295066833496,257,1751129393325
contrastive loss,batch_train_loss,0.16708055138587952,258,1751129402453
contrastive loss,batch_train_loss,0.15552258491516113,259,1751129411992
contrastive loss,batch_train_loss,0.18421876430511475,260,1751129421553
contrastive loss,batch_train_loss,0.16911190748214722,261,1751129431013
contrastive loss,batch_train_loss,0.17387251555919647,262,1751129440433
contrastive loss,batch_train_loss,0.17373447120189667,263,1751129449359
contrastive loss,batch_train_loss,0.16301073133945465,264,1751129482109
contrastive loss,batch_train_loss,0.1812049150466919,265,1751129491402
contrastive loss,batch_train_loss,0.1583910882472992,266,1751129500714
contrastive loss,batch_train_loss,0.18168334662914276,267,1751129510151
contrastive loss,batch_train_loss,0.15622463822364807,268,1751129519282
contrastive loss,batch_train_loss,0.17832911014556885,269,1751129528478
contrastive loss,batch_train_loss,0.151197612285614,270,1751129537991
contrastive loss,batch_train_loss,0.1865711510181427,271,1751129547287
contrastive loss,batch_train_loss,0.1541135460138321,272,1751129556637
contrastive loss,batch_train_loss,0.15663325786590576,273,1751129566176
contrastive loss,batch_train_loss,0.18899020552635193,274,1751129575344
contrastive loss,batch_train_loss,0.15082982182502747,275,1751129584438
contrastive loss,batch_train_loss,0.1777612268924713,276,1751129593957
contrastive loss,batch_train_loss,0.1727478802204132,277,1751129604500
contrastive loss,batch_train_loss,0.14444027841091156,278,1751129614454
contrastive loss,batch_train_loss,0.17111510038375854,279,1751129624957
contrastive loss,batch_train_loss,0.16012665629386902,280,1751129634806
contrastive loss,batch_train_loss,0.17689935863018036,281,1751129644425
contrastive loss,batch_train_loss,0.16272160410881042,282,1751129654309
contrastive loss,batch_train_loss,0.16260550916194916,283,1751129664017
contrastive loss,batch_train_loss,0.1891205906867981,284,1751129673394
contrastive loss,batch_train_loss,0.14576345682144165,285,1751129681734
contrastive loss,batch_train_loss,0.17707641422748566,286,1751129713488
contrastive loss,batch_train_loss,0.15589779615402222,287,1751129722701
contrastive loss,batch_train_loss,0.15377768874168396,288,1751129732044
contrastive loss,batch_train_loss,0.17367719113826752,289,1751129741310
contrastive loss,batch_train_loss,0.16109681129455566,290,1751129750726
contrastive loss,batch_train_loss,0.16607147455215454,291,1751129759824
contrastive loss,batch_train_loss,0.17110460996627808,292,1751129769091
contrastive loss,batch_train_loss,0.15136727690696716,293,1751129778742
contrastive loss,batch_train_loss,0.1710965484380722,294,1751129788167
contrastive loss,batch_train_loss,0.15784958004951477,295,1751129797548
contrastive loss,batch_train_loss,0.16757117211818695,296,1751129807079
contrastive loss,batch_train_loss,0.1587274968624115,297,1751129816547
contrastive loss,batch_train_loss,0.14825046062469482,298,1751129826074
contrastive loss,batch_train_loss,0.19002529978752136,299,1751129835499
contrastive loss,batch_train_loss,0.16223527491092682,300,1751129845197
contrastive loss,batch_train_loss,0.18022996187210083,301,1751129854464
contrastive loss,batch_train_loss,0.12919685244560242,302,1751129863881
contrastive loss,batch_train_loss,0.14822298288345337,303,1751129873375
contrastive loss,batch_train_loss,0.1510774791240692,304,1751129882566
contrastive loss,batch_train_loss,0.14596423506736755,305,1751129892000
contrastive loss,batch_train_loss,0.15718674659729004,306,1751129901742
contrastive loss,batch_train_loss,0.1572563499212265,307,1751129909934
contrastive loss,batch_train_loss,0.16848288476467133,308,1751129942055
contrastive loss,batch_train_loss,0.14839687943458557,309,1751129951415
contrastive loss,batch_train_loss,0.15390664339065552,310,1751129961821
contrastive loss,batch_train_loss,0.1682659387588501,311,1751129971412
contrastive loss,batch_train_loss,0.14311833679676056,312,1751129981141
contrastive loss,batch_train_loss,0.14480473101139069,313,1751129990913
contrastive loss,batch_train_loss,0.15845228731632233,314,1751130000105
contrastive loss,batch_train_loss,0.14019829034805298,315,1751130009165
contrastive loss,batch_train_loss,0.1397070586681366,316,1751130018807
contrastive loss,batch_train_loss,0.1527707278728485,317,1751130027978
contrastive loss,batch_train_loss,0.1456507295370102,318,1751130037015
contrastive loss,batch_train_loss,0.1672534942626953,319,1751130045978
contrastive loss,batch_train_loss,0.14374598860740662,320,1751130055346
contrastive loss,batch_train_loss,0.1567097306251526,321,1751130064521
contrastive loss,batch_train_loss,0.1406678408384323,322,1751130073754
contrastive loss,batch_train_loss,0.13819071650505066,323,1751130083641
contrastive loss,batch_train_loss,0.14723682403564453,324,1751130093070
contrastive loss,batch_train_loss,0.15881825983524323,325,1751130102552
contrastive loss,batch_train_loss,0.14807981252670288,326,1751130112299
contrastive loss,batch_train_loss,0.150209441781044,327,1751130121764
contrastive loss,batch_train_loss,0.14060311019420624,328,1751130131000
contrastive loss,batch_train_loss,0.15561696887016296,329,1751130139659
contrastive loss,batch_train_loss,0.17022860050201416,330,1751130172168
contrastive loss,batch_train_loss,0.16628240048885345,331,1751130181545
contrastive loss,batch_train_loss,0.14428329467773438,332,1751130190793
contrastive loss,batch_train_loss,0.16882598400115967,333,1751130200170
contrastive loss,batch_train_loss,0.14509719610214233,334,1751130209628
contrastive loss,batch_train_loss,0.15546944737434387,335,1751130218984
contrastive loss,batch_train_loss,0.15611514449119568,336,1751130228470
contrastive loss,batch_train_loss,0.1647828370332718,337,1751130238122
contrastive loss,batch_train_loss,0.16269001364707947,338,1751130247983
contrastive loss,batch_train_loss,0.16197744011878967,339,1751130257199
contrastive loss,batch_train_loss,0.17654497921466827,340,1751130266878
contrastive loss,batch_train_loss,0.1678769588470459,341,1751130276149
contrastive loss,batch_train_loss,0.126530259847641,342,1751130285667
contrastive loss,batch_train_loss,0.151567280292511,343,1751130295612
contrastive loss,batch_train_loss,0.1770804524421692,344,1751130304928
contrastive loss,batch_train_loss,0.1560131013393402,345,1751130314465
contrastive loss,batch_train_loss,0.16715864837169647,346,1751130324264
contrastive loss,batch_train_loss,0.1719568818807602,347,1751130333852
contrastive loss,batch_train_loss,0.16360969841480255,348,1751130343220
contrastive loss,batch_train_loss,0.16782473027706146,349,1751130352734
contrastive loss,batch_train_loss,0.15651783347129822,350,1751130362272
contrastive loss,batch_train_loss,0.15516147017478943,351,1751130370824
contrastive loss,batch_train_loss,0.18402999639511108,352,1751130401449
contrastive loss,batch_train_loss,0.1482912003993988,353,1751130409406
contrastive loss,batch_train_loss,0.15078645944595337,354,1751130417653
contrastive loss,batch_train_loss,0.17047707736492157,355,1751130425535
contrastive loss,batch_train_loss,0.14957626163959503,356,1751130434474
contrastive loss,batch_train_loss,0.15935169160366058,357,1751130442599
contrastive loss,batch_train_loss,0.1577908843755722,358,1751130451251
contrastive loss,batch_train_loss,0.14761954545974731,359,1751130459552
contrastive loss,batch_train_loss,0.1538645625114441,360,1751130468221
contrastive loss,batch_train_loss,0.1561245620250702,361,1751130476950
contrastive loss,batch_train_loss,0.19460439682006836,362,1751130485386
contrastive loss,batch_train_loss,0.13538283109664917,363,1751130493488
contrastive loss,batch_train_loss,0.16105622053146362,364,1751130501512
contrastive loss,batch_train_loss,0.142488032579422,365,1751130509637
contrastive loss,batch_train_loss,0.1679242104291916,366,1751130517850
contrastive loss,batch_train_loss,0.1412992775440216,367,1751130525785
contrastive loss,batch_train_loss,0.1762886643409729,368,1751130533883
contrastive loss,batch_train_loss,0.16380664706230164,369,1751130542194
contrastive loss,batch_train_loss,0.14039573073387146,370,1751130550424
contrastive loss,batch_train_loss,0.16930560767650604,371,1751130558645
contrastive loss,batch_train_loss,0.14431515336036682,372,1751130568401
contrastive loss,batch_train_loss,0.16136258840560913,373,1751130576841
contrastive loss,batch_train_loss,0.12298367917537689,374,1751130609135
contrastive loss,batch_train_loss,0.16609972715377808,375,1751130618409
contrastive loss,batch_train_loss,0.14374159276485443,376,1751130628027
contrastive loss,batch_train_loss,0.15471786260604858,377,1751130637688
contrastive loss,batch_train_loss,0.16126124560832977,378,1751130647525
contrastive loss,batch_train_loss,0.16435986757278442,379,1751130657136
contrastive loss,batch_train_loss,0.16003818809986115,380,1751130666603
contrastive loss,batch_train_loss,0.1492333561182022,381,1751130675839
contrastive loss,batch_train_loss,0.15292192995548248,382,1751130685158
contrastive loss,batch_train_loss,0.1301533579826355,383,1751130695147
contrastive loss,batch_train_loss,0.1683211326599121,384,1751130704946
contrastive loss,batch_train_loss,0.15734297037124634,385,1751130714748
contrastive loss,batch_train_loss,0.14188769459724426,386,1751130724647
contrastive loss,batch_train_loss,0.16415101289749146,387,1751130734162
contrastive loss,batch_train_loss,0.14847837388515472,388,1751130743741
contrastive loss,batch_train_loss,0.18201053142547607,389,1751130753606
contrastive loss,batch_train_loss,0.14687979221343994,390,1751130763055
contrastive loss,batch_train_loss,0.14521524310112,391,1751130772606
contrastive loss,batch_train_loss,0.15371787548065186,392,1751130782659
contrastive loss,batch_train_loss,0.1442098468542099,393,1751130791871
contrastive loss,batch_train_loss,0.14395689964294434,394,1751130801225
contrastive loss,batch_train_loss,0.13135945796966553,395,1751130809711
contrastive loss,batch_train_loss,0.1615435779094696,396,1751130841655
contrastive loss,batch_train_loss,0.16714578866958618,397,1751130850965
contrastive loss,batch_train_loss,0.16741478443145752,398,1751130860306
contrastive loss,batch_train_loss,0.14588938653469086,399,1751130869972
contrastive loss,batch_train_loss,0.12542591989040375,400,1751130879398
contrastive loss,batch_train_loss,0.13121545314788818,401,1751130888785
contrastive loss,batch_train_loss,0.1302674412727356,402,1751130898126
contrastive loss,batch_train_loss,0.13944941759109497,403,1751130907581
contrastive loss,batch_train_loss,0.14623451232910156,404,1751130916807
contrastive loss,batch_train_loss,0.12687692046165466,405,1751130926295
contrastive loss,batch_train_loss,0.1766432523727417,406,1751130935819
contrastive loss,batch_train_loss,0.13409924507141113,407,1751130944788
contrastive loss,batch_train_loss,0.15685564279556274,408,1751130953998
contrastive loss,batch_train_loss,0.16245508193969727,409,1751130963609
contrastive loss,batch_train_loss,0.15235936641693115,410,1751130972912
contrastive loss,batch_train_loss,0.13092610239982605,411,1751130982287
contrastive loss,batch_train_loss,0.13621360063552856,412,1751130991483
contrastive loss,batch_train_loss,0.16074062883853912,413,1751131001001
contrastive loss,batch_train_loss,0.12528595328330994,414,1751131010042
contrastive loss,batch_train_loss,0.13401588797569275,415,1751131019123
contrastive loss,batch_train_loss,0.12718921899795532,416,1751131028509
contrastive loss,batch_train_loss,0.14762644469738007,417,1751131036534
contrastive loss,batch_train_loss,0.1513826549053192,418,1751131068758
contrastive loss,batch_train_loss,0.153854638338089,419,1751131077994
contrastive loss,batch_train_loss,0.16571474075317383,420,1751131087660
contrastive loss,batch_train_loss,0.17320676147937775,421,1751131097046
contrastive loss,batch_train_loss,0.13427823781967163,422,1751131106466
contrastive loss,batch_train_loss,0.12389695644378662,423,1751131115908
contrastive loss,batch_train_loss,0.14611302316188812,424,1751131124756
contrastive loss,batch_train_loss,0.14579159021377563,425,1751131133732
contrastive loss,batch_train_loss,0.16160783171653748,426,1751131143050
contrastive loss,batch_train_loss,0.14951232075691223,427,1751131152597
contrastive loss,batch_train_loss,0.1291661262512207,428,1751131161638
contrastive loss,batch_train_loss,0.14314712584018707,429,1751131170672
contrastive loss,batch_train_loss,0.1635873019695282,430,1751131179972
contrastive loss,batch_train_loss,0.14930200576782227,431,1751131189263
contrastive loss,batch_train_loss,0.11864021420478821,432,1751131198397
contrastive loss,batch_train_loss,0.157919242978096,433,1751131207995
contrastive loss,batch_train_loss,0.15983787178993225,434,1751131217393
contrastive loss,batch_train_loss,0.1380806714296341,435,1751131226794
contrastive loss,batch_train_loss,0.16626660525798798,436,1751131236478
contrastive loss,batch_train_loss,0.12205234169960022,437,1751131245859
contrastive loss,batch_train_loss,0.16087818145751953,438,1751131255129
contrastive loss,batch_train_loss,0.15841704607009888,439,1751131263579
contrastive loss,batch_train_loss,0.16439032554626465,440,1751131295846
contrastive loss,batch_train_loss,0.15422987937927246,441,1751131304987
contrastive loss,batch_train_loss,0.13081884384155273,442,1751131314021
contrastive loss,batch_train_loss,0.1488465815782547,443,1751131323295
contrastive loss,batch_train_loss,0.1337902843952179,444,1751131332772
contrastive loss,batch_train_loss,0.12202104926109314,445,1751131342268
contrastive loss,batch_train_loss,0.1518343687057495,446,1751131351683
contrastive loss,batch_train_loss,0.15448275208473206,447,1751131360956
contrastive loss,batch_train_loss,0.123846635222435,448,1751131370213
contrastive loss,batch_train_loss,0.136005699634552,449,1751131379387
contrastive loss,batch_train_loss,0.15304766595363617,450,1751131389018
contrastive loss,batch_train_loss,0.13913318514823914,451,1751131397798
contrastive loss,batch_train_loss,0.14988772571086884,452,1751131406621
contrastive loss,batch_train_loss,0.1355280727148056,453,1751131415696
contrastive loss,batch_train_loss,0.13946910202503204,454,1751131424745
contrastive loss,batch_train_loss,0.18378546833992004,455,1751131433663
contrastive loss,batch_train_loss,0.15098370611667633,456,1751131442524
contrastive loss,batch_train_loss,0.13389179110527039,457,1751131451891
contrastive loss,batch_train_loss,0.1384875476360321,458,1751131461266
contrastive loss,batch_train_loss,0.14109042286872864,459,1751131470283
contrastive loss,batch_train_loss,0.13094112277030945,460,1751131479731
contrastive loss,batch_train_loss,0.1489928811788559,461,1751131488207
contrastive loss,batch_train_loss,0.16434866189956665,462,1751131519951
contrastive loss,batch_train_loss,0.14682139456272125,463,1751131529110
contrastive loss,batch_train_loss,0.15983404219150543,464,1751131538456
contrastive loss,batch_train_loss,0.14475399255752563,465,1751131547837
contrastive loss,batch_train_loss,0.14879682660102844,466,1751131557099
contrastive loss,batch_train_loss,0.14537592232227325,467,1751131566482
contrastive loss,batch_train_loss,0.1477614790201187,468,1751131576247
contrastive loss,batch_train_loss,0.1275361180305481,469,1751131585006
contrastive loss,batch_train_loss,0.12833921611309052,470,1751131594125
contrastive loss,batch_train_loss,0.11862687021493912,471,1751131603376
contrastive loss,batch_train_loss,0.14654222130775452,472,1751131612723
contrastive loss,batch_train_loss,0.14935246109962463,473,1751131621688
contrastive loss,batch_train_loss,0.14508463442325592,474,1751131631097
contrastive loss,batch_train_loss,0.151243656873703,475,1751131640388
contrastive loss,batch_train_loss,0.1500578671693802,476,1751131649447
contrastive loss,batch_train_loss,0.1387716382741928,477,1751131658890
contrastive loss,batch_train_loss,0.12886586785316467,478,1751131668471
contrastive loss,batch_train_loss,0.11624931544065475,479,1751131677789
contrastive loss,batch_train_loss,0.1329943984746933,480,1751131687178
contrastive loss,batch_train_loss,0.1325729936361313,481,1751131696840
contrastive loss,batch_train_loss,0.15147864818572998,482,1751131706135
contrastive loss,batch_train_loss,0.13436904549598694,483,1751131714438
contrastive loss,batch_train_loss,0.140533909201622,484,1751131747384
contrastive loss,batch_train_loss,0.12785042822360992,485,1751131756778
contrastive loss,batch_train_loss,0.13116058707237244,486,1751131765684
contrastive loss,batch_train_loss,0.12538687884807587,487,1751131774811
contrastive loss,batch_train_loss,0.12852400541305542,488,1751131784760
contrastive loss,batch_train_loss,0.1512642800807953,489,1751131794051
contrastive loss,batch_train_loss,0.11467154324054718,490,1751131803259
contrastive loss,batch_train_loss,0.1398957073688507,491,1751131813088
contrastive loss,batch_train_loss,0.11247408390045166,492,1751131822338
contrastive loss,batch_train_loss,0.16061139106750488,493,1751131831603
contrastive loss,batch_train_loss,0.10612280666828156,494,1751131840755
contrastive loss,batch_train_loss,0.14001613855361938,495,1751131850447
contrastive loss,batch_train_loss,0.1422162801027298,496,1751131859459
contrastive loss,batch_train_loss,0.15601539611816406,497,1751131868789
contrastive loss,batch_train_loss,0.1407288908958435,498,1751131878534
contrastive loss,batch_train_loss,0.1521063596010208,499,1751131887817
contrastive loss,batch_train_loss,0.13662216067314148,500,1751131897188
contrastive loss,batch_train_loss,0.16132184863090515,501,1751131906976
contrastive loss,batch_train_loss,0.1387910544872284,502,1751131916133
contrastive loss,batch_train_loss,0.15334486961364746,503,1751131925305
contrastive loss,batch_train_loss,0.14747992157936096,504,1751131935177
contrastive loss,batch_train_loss,0.1312333047389984,505,1751131943341
contrastive loss,batch_train_loss,0.13288342952728271,506,1751131974398
contrastive loss,batch_train_loss,0.13951006531715393,507,1751131983618
contrastive loss,batch_train_loss,0.12456617504358292,508,1751131992976
contrastive loss,batch_train_loss,0.14672282338142395,509,1751132002644
contrastive loss,batch_train_loss,0.1981540322303772,510,1751132012021
contrastive loss,batch_train_loss,0.14399343729019165,511,1751132021414
contrastive loss,batch_train_loss,0.14053820073604584,512,1751132031008
contrastive loss,batch_train_loss,0.13154292106628418,513,1751132040577
contrastive loss,batch_train_loss,0.13372977077960968,514,1751132050132
contrastive loss,batch_train_loss,0.1560317873954773,515,1751132060008
contrastive loss,batch_train_loss,0.13220733404159546,516,1751132069909
contrastive loss,batch_train_loss,0.1188214123249054,517,1751132079150
contrastive loss,batch_train_loss,0.17747017741203308,518,1751132088010
contrastive loss,batch_train_loss,0.16579121351242065,519,1751132096105
contrastive loss,batch_train_loss,0.1293661743402481,520,1751132103870
contrastive loss,batch_train_loss,0.12416800111532211,521,1751132111387
contrastive loss,batch_train_loss,0.1174827367067337,522,1751132119527
contrastive loss,batch_train_loss,0.13929511606693268,523,1751132126982
contrastive loss,batch_train_loss,0.12195088714361191,524,1751132134675
contrastive loss,batch_train_loss,0.11816374957561493,525,1751132143230
contrastive loss,batch_train_loss,0.11344290524721146,526,1751132151552
contrastive loss,batch_train_loss,0.16894640028476715,527,1751132158978
contrastive loss,batch_train_loss,0.148495614528656,528,1751132186215
contrastive loss,batch_train_loss,0.14802435040473938,529,1751132194885
contrastive loss,batch_train_loss,0.13726019859313965,530,1751132203855
contrastive loss,batch_train_loss,0.1377452164888382,531,1751132212631
contrastive loss,batch_train_loss,0.15339836478233337,532,1751132221231
contrastive loss,batch_train_loss,0.17007115483283997,533,1751132229693
contrastive loss,batch_train_loss,0.15182287991046906,534,1751132238587
contrastive loss,batch_train_loss,0.14101412892341614,535,1751132247027
contrastive loss,batch_train_loss,0.13753196597099304,536,1751132254971
contrastive loss,batch_train_loss,0.1455252468585968,537,1751132263103
contrastive loss,batch_train_loss,0.13481517136096954,538,1751132271268
contrastive loss,batch_train_loss,0.13232409954071045,539,1751132279839
contrastive loss,batch_train_loss,0.12381337583065033,540,1751132287694
contrastive loss,batch_train_loss,0.10943025350570679,541,1751132295958
contrastive loss,batch_train_loss,0.11795362830162048,542,1751132303910
contrastive loss,batch_train_loss,0.12455208599567413,543,1751132311869
contrastive loss,batch_train_loss,0.13491305708885193,544,1751132319767
contrastive loss,batch_train_loss,0.11589060723781586,545,1751132328272
contrastive loss,batch_train_loss,0.14736846089363098,546,1751132336368
contrastive loss,batch_train_loss,0.1306416541337967,547,1751132344887
contrastive loss,batch_train_loss,0.1329232156276703,548,1751132353440
contrastive loss,batch_train_loss,0.12121271342039108,549,1751132360906
contrastive loss,batch_train_loss,0.12893229722976685,550,1751132387551
contrastive loss,batch_train_loss,0.14479397237300873,551,1751132395157
contrastive loss,batch_train_loss,0.13927391171455383,552,1751132402809
contrastive loss,batch_train_loss,0.13509497046470642,553,1751132410352
contrastive loss,batch_train_loss,0.15341027081012726,554,1751132418248
contrastive loss,batch_train_loss,0.12751856446266174,555,1751132425797
contrastive loss,batch_train_loss,0.1360454559326172,556,1751132433389
contrastive loss,batch_train_loss,0.12358072400093079,557,1751132440984
contrastive loss,batch_train_loss,0.1263813078403473,558,1751132449297
contrastive loss,batch_train_loss,0.13977301120758057,559,1751132457103
contrastive loss,batch_train_loss,0.13540533185005188,560,1751132464981
contrastive loss,batch_train_loss,0.1578834056854248,561,1751132473079
contrastive loss,batch_train_loss,0.15711456537246704,562,1751132481649
contrastive loss,batch_train_loss,0.11760331690311432,563,1751132489772
contrastive loss,batch_train_loss,0.12563708424568176,564,1751132497799
contrastive loss,batch_train_loss,0.1197529137134552,565,1751132506416
contrastive loss,batch_train_loss,0.14365044236183167,566,1751132514788
contrastive loss,batch_train_loss,0.13877642154693604,567,1751132522982
contrastive loss,batch_train_loss,0.13858170807361603,568,1751132531330
contrastive loss,batch_train_loss,0.11749836057424545,569,1751132539962
contrastive loss,batch_train_loss,0.12880773842334747,570,1751132548342
contrastive loss,batch_train_loss,0.1227976605296135,571,1751132555853
contrastive loss,batch_train_loss,0.13924837112426758,572,1751132584036
contrastive loss,batch_train_loss,0.10782749950885773,573,1751132592649
contrastive loss,batch_train_loss,0.13802218437194824,574,1751132601650
contrastive loss,batch_train_loss,0.13307540118694305,575,1751132610662
contrastive loss,batch_train_loss,0.1377723217010498,576,1751132619356
contrastive loss,batch_train_loss,0.12993274629116058,577,1751132628720
contrastive loss,batch_train_loss,0.14345549046993256,578,1751132638001
contrastive loss,batch_train_loss,0.13779792189598083,579,1751132646959
contrastive loss,batch_train_loss,0.1331036388874054,580,1751132656108
contrastive loss,batch_train_loss,0.13494673371315002,581,1751132664734
contrastive loss,batch_train_loss,0.16514621675014496,582,1751132673269
contrastive loss,batch_train_loss,0.12186555564403534,583,1751132681475
contrastive loss,batch_train_loss,0.11474844068288803,584,1751132690243
contrastive loss,batch_train_loss,0.12006468325853348,585,1751132698275
contrastive loss,batch_train_loss,0.15161709487438202,586,1751132706354
contrastive loss,batch_train_loss,0.11029216647148132,587,1751132714512
contrastive loss,batch_train_loss,0.11522470414638519,588,1751132722746
contrastive loss,batch_train_loss,0.12215856462717056,589,1751132730703
contrastive loss,batch_train_loss,0.11656258255243301,590,1751132738631
contrastive loss,batch_train_loss,0.13957037031650543,591,1751132746962
contrastive loss,batch_train_loss,0.14328685402870178,592,1751132755168
contrastive loss,batch_train_loss,0.10494711995124817,593,1751132762438
contrastive loss,batch_train_loss,0.13605406880378723,594,1751132790645
contrastive loss,batch_train_loss,0.12617498636245728,595,1751132798658
contrastive loss,batch_train_loss,0.14365853369235992,596,1751132807006
contrastive loss,batch_train_loss,0.1163373813033104,597,1751132815401
contrastive loss,batch_train_loss,0.1457444131374359,598,1751132823583
contrastive loss,batch_train_loss,0.1401899755001068,599,1751132832041
contrastive loss,batch_train_loss,0.10432592779397964,600,1751132840815
contrastive loss,batch_train_loss,0.13294069468975067,601,1751132849289
contrastive loss,batch_train_loss,0.1329524666070938,602,1751132857698
contrastive loss,batch_train_loss,0.1235395073890686,603,1751132866020
contrastive loss,batch_train_loss,0.1087237000465393,604,1751132874687
contrastive loss,batch_train_loss,0.12247094511985779,605,1751132883179
contrastive loss,batch_train_loss,0.12821269035339355,606,1751132891555
contrastive loss,batch_train_loss,0.1101486012339592,607,1751132900487
contrastive loss,batch_train_loss,0.1411137878894806,608,1751132909478
contrastive loss,batch_train_loss,0.1390782594680786,609,1751132918168
contrastive loss,batch_train_loss,0.12045694887638092,610,1751132926871
contrastive loss,batch_train_loss,0.13441571593284607,611,1751132935889
contrastive loss,batch_train_loss,0.12222602963447571,612,1751132944593
contrastive loss,batch_train_loss,0.12228735536336899,613,1751132953113
contrastive loss,batch_train_loss,0.1319073885679245,614,1751132962176
contrastive loss,batch_train_loss,0.1190902590751648,615,1751132969792
contrastive loss,batch_train_loss,0.12417334318161011,616,1751132997765
contrastive loss,batch_train_loss,0.12368100881576538,617,1751133005993
contrastive loss,batch_train_loss,0.1372380405664444,618,1751133014125
contrastive loss,batch_train_loss,0.1552269011735916,619,1751133022737
contrastive loss,batch_train_loss,0.1260257363319397,620,1751133031108
contrastive loss,batch_train_loss,0.15020056068897247,621,1751133039467
contrastive loss,batch_train_loss,0.12827147543430328,622,1751133047802
contrastive loss,batch_train_loss,0.13803358376026154,623,1751133056619
contrastive loss,batch_train_loss,0.1424209326505661,624,1751133064818
contrastive loss,batch_train_loss,0.1495244801044464,625,1751133072804
contrastive loss,batch_train_loss,0.12398476898670197,626,1751133080998
contrastive loss,batch_train_loss,0.1456063687801361,627,1751133089749
contrastive loss,batch_train_loss,0.12409839034080505,628,1751133098137
contrastive loss,batch_train_loss,0.12973544001579285,629,1751133106793
contrastive loss,batch_train_loss,0.13618814945220947,630,1751133115140
contrastive loss,batch_train_loss,0.1367572844028473,631,1751133123145
contrastive loss,batch_train_loss,0.13720056414604187,632,1751133131267
contrastive loss,batch_train_loss,0.1276768296957016,633,1751133139419
contrastive loss,batch_train_loss,0.13013926148414612,634,1751133147743
contrastive loss,batch_train_loss,0.11701083183288574,635,1751133155730
contrastive loss,batch_train_loss,0.1336032748222351,636,1751133163794
contrastive loss,batch_train_loss,0.1273202747106552,637,1751133171234
contrastive loss,batch_train_loss,0.12343811988830566,638,1751133199805
contrastive loss,batch_train_loss,0.12438531965017319,639,1751133207997
contrastive loss,batch_train_loss,0.13905370235443115,640,1751133216049
contrastive loss,batch_train_loss,0.13026116788387299,641,1751133224049
contrastive loss,batch_train_loss,0.10094479471445084,642,1751133232331
contrastive loss,batch_train_loss,0.13230445981025696,643,1751133240523
contrastive loss,batch_train_loss,0.16165293753147125,644,1751133248709
contrastive loss,batch_train_loss,0.1427082121372223,645,1751133256808
contrastive loss,batch_train_loss,0.12955179810523987,646,1751133265322
contrastive loss,batch_train_loss,0.13779360055923462,647,1751133273456
contrastive loss,batch_train_loss,0.13712230324745178,648,1751133281488
contrastive loss,batch_train_loss,0.13609085977077484,649,1751133289651
contrastive loss,batch_train_loss,0.12466755509376526,650,1751133298531
contrastive loss,batch_train_loss,0.11595024168491364,651,1751133306962
contrastive loss,batch_train_loss,0.13248682022094727,652,1751133315270
contrastive loss,batch_train_loss,0.14434745907783508,653,1751133323674
contrastive loss,batch_train_loss,0.13523468375205994,654,1751133331942
contrastive loss,batch_train_loss,0.1286182999610901,655,1751133340100
contrastive loss,batch_train_loss,0.12957686185836792,656,1751133348163
contrastive loss,batch_train_loss,0.135395348072052,657,1751133356860
contrastive loss,batch_train_loss,0.12402164936065674,658,1751133365056
contrastive loss,batch_train_loss,0.11987078934907913,659,1751133372669
contrastive loss,batch_train_loss,0.13680654764175415,660,1751133401436
contrastive loss,batch_train_loss,0.13337644934654236,661,1751133409588
contrastive loss,batch_train_loss,0.1262287050485611,662,1751133418394
contrastive loss,batch_train_loss,0.10531622171401978,663,1751133426863
contrastive loss,batch_train_loss,0.14400367438793182,664,1751133435191
contrastive loss,batch_train_loss,0.12655185163021088,665,1751133443639
contrastive loss,batch_train_loss,0.12257183343172073,666,1751133452181
contrastive loss,batch_train_loss,0.15107755362987518,667,1751133460560
contrastive loss,batch_train_loss,0.114384725689888,668,1751133469060
contrastive loss,batch_train_loss,0.13156801462173462,669,1751133477956
contrastive loss,batch_train_loss,0.12208158522844315,670,1751133486475
contrastive loss,batch_train_loss,0.13668210804462433,671,1751133494846
contrastive loss,batch_train_loss,0.09114585816860199,672,1751133503349
contrastive loss,batch_train_loss,0.13714583218097687,673,1751133512025
contrastive loss,batch_train_loss,0.14944861829280853,674,1751133520544
contrastive loss,batch_train_loss,0.11252331733703613,675,1751133528645
contrastive loss,batch_train_loss,0.11621269583702087,676,1751133537188
contrastive loss,batch_train_loss,0.10686841607093811,677,1751133545252
contrastive loss,batch_train_loss,0.14268463850021362,678,1751133553105
contrastive loss,batch_train_loss,0.1412464678287506,679,1751133561216
contrastive loss,batch_train_loss,0.12110467255115509,680,1751133569687
contrastive loss,batch_train_loss,0.12468946725130081,681,1751133577121
contrastive loss,batch_train_loss,0.12534870207309723,682,1751133605521
contrastive loss,batch_train_loss,0.1596563160419464,683,1751133613973
contrastive loss,batch_train_loss,0.14109890162944794,684,1751133622632
contrastive loss,batch_train_loss,0.14854320883750916,685,1751133631816
contrastive loss,batch_train_loss,0.13780587911605835,686,1751133640529
contrastive loss,batch_train_loss,0.14794546365737915,687,1751133649234
contrastive loss,batch_train_loss,0.12119229137897491,688,1751133658443
contrastive loss,batch_train_loss,0.1321619153022766,689,1751133667070
contrastive loss,batch_train_loss,0.14056701958179474,690,1751133675799
contrastive loss,batch_train_loss,0.1271638572216034,691,1751133684665
contrastive loss,batch_train_loss,0.13355782628059387,692,1751133693898
contrastive loss,batch_train_loss,0.11142514646053314,693,1751133702164
contrastive loss,batch_train_loss,0.12941309809684753,694,1751133710619
contrastive loss,batch_train_loss,0.11174912005662918,695,1751133719461
contrastive loss,batch_train_loss,0.1294451355934143,696,1751133728260
contrastive loss,batch_train_loss,0.11311150342226028,697,1751133736322
contrastive loss,batch_train_loss,0.14880259335041046,698,1751133744467
contrastive loss,batch_train_loss,0.12520729005336761,699,1751133752947
contrastive loss,batch_train_loss,0.1308310329914093,700,1751133761196
contrastive loss,batch_train_loss,0.13783472776412964,701,1751133769479
contrastive loss,batch_train_loss,0.12981632351875305,702,1751133777933
contrastive loss,batch_train_loss,0.12651295959949493,703,1751133785740
contrastive loss,batch_train_loss,0.11187932640314102,704,1751133814752
contrastive loss,batch_train_loss,0.1265806257724762,705,1751133822845
contrastive loss,batch_train_loss,0.1250028908252716,706,1751133830922
contrastive loss,batch_train_loss,0.11457888036966324,707,1751133839398
contrastive loss,batch_train_loss,0.12123098969459534,708,1751133847616
contrastive loss,batch_train_loss,0.11877565085887909,709,1751133855762
contrastive loss,batch_train_loss,0.12625262141227722,710,1751133863855
contrastive loss,batch_train_loss,0.1175859272480011,711,1751133872539
contrastive loss,batch_train_loss,0.10720725357532501,712,1751133880869
contrastive loss,batch_train_loss,0.13594800233840942,713,1751133889067
contrastive loss,batch_train_loss,0.13866642117500305,714,1751133897469
contrastive loss,batch_train_loss,0.1183980256319046,715,1751133905787
contrastive loss,batch_train_loss,0.13313347101211548,716,1751133913752
contrastive loss,batch_train_loss,0.12272335588932037,717,1751133922186
contrastive loss,batch_train_loss,0.12013053894042969,718,1751133930929
contrastive loss,batch_train_loss,0.13802555203437805,719,1751133939361
contrastive loss,batch_train_loss,0.10632297396659851,720,1751133947855
contrastive loss,batch_train_loss,0.12911295890808105,721,1751133957010
contrastive loss,batch_train_loss,0.14932313561439514,722,1751133966553
contrastive loss,batch_train_loss,0.10245819389820099,723,1751133975462
contrastive loss,batch_train_loss,0.10198138654232025,724,1751133984557
contrastive loss,batch_train_loss,0.1265774518251419,725,1751133993301
contrastive loss,batch_train_loss,0.1111615002155304,726,1751134024029
contrastive loss,batch_train_loss,0.10774044692516327,727,1751134034811
contrastive loss,batch_train_loss,0.11059687286615372,728,1751134044807
contrastive loss,batch_train_loss,0.11536233127117157,729,1751134055370
contrastive loss,batch_train_loss,0.13094504177570343,730,1751134065338
contrastive loss,batch_train_loss,0.11941630393266678,731,1751134075658
contrastive loss,batch_train_loss,0.15862785279750824,732,1751134086688
contrastive loss,batch_train_loss,0.1044858992099762,733,1751134096963
contrastive loss,batch_train_loss,0.12216213345527649,734,1751134106892
contrastive loss,batch_train_loss,0.11142042279243469,735,1751134117422
contrastive loss,batch_train_loss,0.13133050501346588,736,1751134126090
contrastive loss,batch_train_loss,0.13369928300380707,737,1751134137157
contrastive loss,batch_train_loss,0.13448652625083923,738,1751134148046
contrastive loss,batch_train_loss,0.13440823554992676,739,1751134158718
contrastive loss,batch_train_loss,0.13080410659313202,740,1751134169624
contrastive loss,batch_train_loss,0.10290984809398651,741,1751134180338
contrastive loss,batch_train_loss,0.10157855600118637,742,1751134189602
contrastive loss,batch_train_loss,0.11801067739725113,743,1751134198550
contrastive loss,batch_train_loss,0.11434637755155563,744,1751134208192
contrastive loss,batch_train_loss,0.14172528684139252,745,1751134217386
contrastive loss,batch_train_loss,0.12361837178468704,746,1751134225741
contrastive loss,batch_train_loss,0.11020980775356293,747,1751134234174
contrastive loss,batch_train_loss,0.1315358728170395,748,1751134265401
contrastive loss,batch_train_loss,0.11199900507926941,749,1751134274641
contrastive loss,batch_train_loss,0.13852688670158386,750,1751134283458
contrastive loss,batch_train_loss,0.09113585948944092,751,1751134292482
contrastive loss,batch_train_loss,0.123044952750206,752,1751134301630
contrastive loss,batch_train_loss,0.12622536718845367,753,1751134312250
contrastive loss,batch_train_loss,0.1305723786354065,754,1751134321984
contrastive loss,batch_train_loss,0.12470806390047073,755,1751134330882
contrastive loss,batch_train_loss,0.1121431216597557,756,1751134340698
contrastive loss,batch_train_loss,0.13181011378765106,757,1751134352405
contrastive loss,batch_train_loss,0.11700722575187683,758,1751134361460
contrastive loss,batch_train_loss,0.12167063355445862,759,1751134369883
contrastive loss,batch_train_loss,0.1153889074921608,760,1751134377906
contrastive loss,batch_train_loss,0.12773950397968292,761,1751134388383
contrastive loss,batch_train_loss,0.11754924058914185,762,1751134397367
contrastive loss,batch_train_loss,0.11789381504058838,763,1751134406061
contrastive loss,batch_train_loss,0.12762808799743652,764,1751134415336
contrastive loss,batch_train_loss,0.09776655584573746,765,1751134424183
contrastive loss,batch_train_loss,0.1299157589673996,766,1751134433037
contrastive loss,batch_train_loss,0.1520097851753235,767,1751134441857
contrastive loss,batch_train_loss,0.1291145384311676,768,1751134451499
contrastive loss,batch_train_loss,0.12262997031211853,769,1751134462732
contrastive loss,batch_train_loss,0.1510881781578064,770,1751134495506
contrastive loss,batch_train_loss,0.12519529461860657,771,1751134505441
contrastive loss,batch_train_loss,0.1128971129655838,772,1751134516841
contrastive loss,batch_train_loss,0.11522355675697327,773,1751134525732
contrastive loss,batch_train_loss,0.11401373147964478,774,1751134534642
contrastive loss,batch_train_loss,0.13886302709579468,775,1751134543648
contrastive loss,batch_train_loss,0.14059709012508392,776,1751134553024
contrastive loss,batch_train_loss,0.12220530211925507,777,1751134562369
contrastive loss,batch_train_loss,0.12405172735452652,778,1751134572512
contrastive loss,batch_train_loss,0.1344359964132309,779,1751134585404
contrastive loss,batch_train_loss,0.10837574303150177,780,1751134597257
contrastive loss,batch_train_loss,0.11550037562847137,781,1751134608125
contrastive loss,batch_train_loss,0.10785296559333801,782,1751134620699
contrastive loss,batch_train_loss,0.12215247750282288,783,1751134632734
contrastive loss,batch_train_loss,0.1142464280128479,784,1751134641470
contrastive loss,batch_train_loss,0.12047955393791199,785,1751134650759
contrastive loss,batch_train_loss,0.11921372264623642,786,1751134662496
contrastive loss,batch_train_loss,0.13830377161502838,787,1751134673698
contrastive loss,batch_train_loss,0.13432227075099945,788,1751134683769
contrastive loss,batch_train_loss,0.15233807265758514,789,1751134695981
contrastive loss,batch_train_loss,0.1290406882762909,790,1751134707420
contrastive loss,batch_train_loss,0.15181638300418854,791,1751134716510
contrastive loss,batch_train_loss,0.14083980023860931,792,1751134744358
contrastive loss,batch_train_loss,0.1259584128856659,793,1751134752970
contrastive loss,batch_train_loss,0.12641562521457672,794,1751134761277
contrastive loss,batch_train_loss,0.12587907910346985,795,1751134770724
contrastive loss,batch_train_loss,0.11592208594083786,796,1751134781819
contrastive loss,batch_train_loss,0.1330254077911377,797,1751134790371
contrastive loss,batch_train_loss,0.11607454717159271,798,1751134799322
contrastive loss,batch_train_loss,0.12121966481208801,799,1751134807955
contrastive loss,batch_train_loss,0.09624837338924408,800,1751134816594
contrastive loss,batch_train_loss,0.11000615358352661,801,1751134826247
contrastive loss,batch_train_loss,0.12136818468570709,802,1751134835024
contrastive loss,batch_train_loss,0.10173438489437103,803,1751134843423
contrastive loss,batch_train_loss,0.12712933123111725,804,1751134851104
contrastive loss,batch_train_loss,0.11953575909137726,805,1751134859012
contrastive loss,batch_train_loss,0.12850601971149445,806,1751134867094
contrastive loss,batch_train_loss,0.13697956502437592,807,1751134875168
contrastive loss,batch_train_loss,0.12453766912221909,808,1751134883161
contrastive loss,batch_train_loss,0.15370993316173553,809,1751134890704
contrastive loss,batch_train_loss,0.14150257408618927,810,1751134898491
contrastive loss,batch_train_loss,0.10754615068435669,811,1751134906137
contrastive loss,batch_train_loss,0.13252225518226624,812,1751134913685
contrastive loss,batch_train_loss,0.09607280790805817,813,1751134920512
contrastive loss,batch_train_loss,0.11867251992225647,814,1751134946611
contrastive loss,batch_train_loss,0.10118958353996277,815,1751134954364
contrastive loss,batch_train_loss,0.12287469953298569,816,1751134962710
contrastive loss,batch_train_loss,0.13533107936382294,817,1751134970819
contrastive loss,batch_train_loss,0.1402103304862976,818,1751134979164
contrastive loss,batch_train_loss,0.12927785515785217,819,1751134987110
contrastive loss,batch_train_loss,0.1141170933842659,820,1751134995459
contrastive loss,batch_train_loss,0.11449137330055237,821,1751135003095
contrastive loss,batch_train_loss,0.12888100743293762,822,1751135010736
contrastive loss,batch_train_loss,0.1427004039287567,823,1751135018815
contrastive loss,batch_train_loss,0.10387341678142548,824,1751135028234
contrastive loss,batch_train_loss,0.12274099886417389,825,1751135036700
contrastive loss,batch_train_loss,0.12347759306430817,826,1751135044988
contrastive loss,batch_train_loss,0.11311072111129761,827,1751135052836
contrastive loss,batch_train_loss,0.09901641309261322,828,1751135060454
contrastive loss,batch_train_loss,0.10180789977312088,829,1751135069167
contrastive loss,batch_train_loss,0.12032763659954071,830,1751135077087
contrastive loss,batch_train_loss,0.10835239291191101,831,1751135085021
contrastive loss,batch_train_loss,0.11720721423625946,832,1751135092823
contrastive loss,batch_train_loss,0.11544166505336761,833,1751135100573
contrastive loss,batch_train_loss,0.13523037731647491,834,1751135108271
contrastive loss,batch_train_loss,0.1123594120144844,835,1751135115590
contrastive loss,batch_train_loss,0.1190958172082901,836,1751135141574
contrastive loss,batch_train_loss,0.12778982520103455,837,1751135149414
contrastive loss,batch_train_loss,0.09534238278865814,838,1751135157156
contrastive loss,batch_train_loss,0.10632603615522385,839,1751135164704
contrastive loss,batch_train_loss,0.13214923441410065,840,1751135172406
contrastive loss,batch_train_loss,0.11213499307632446,841,1751135179930
contrastive loss,batch_train_loss,0.1454300433397293,842,1751135187568
contrastive loss,batch_train_loss,0.09342861920595169,843,1751135195500
contrastive loss,batch_train_loss,0.10912206768989563,844,1751135203198
contrastive loss,batch_train_loss,0.1121361255645752,845,1751135210546
contrastive loss,batch_train_loss,0.10929958522319794,846,1751135217965
contrastive loss,batch_train_loss,0.11644425988197327,847,1751135225361
contrastive loss,batch_train_loss,0.11457259953022003,848,1751135233295
contrastive loss,batch_train_loss,0.10836409777402878,849,1751135243747
contrastive loss,batch_train_loss,0.11792373657226562,850,1751135254322
contrastive loss,batch_train_loss,0.13487501442432404,851,1751135263700
contrastive loss,batch_train_loss,0.10708387941122055,852,1751135272251
contrastive loss,batch_train_loss,0.11297149956226349,853,1751135281044
contrastive loss,batch_train_loss,0.1163213700056076,854,1751135290369
contrastive loss,batch_train_loss,0.09007896482944489,855,1751135299597
contrastive loss,batch_train_loss,0.141972616314888,856,1751135307358
contrastive loss,batch_train_loss,0.10402578860521317,857,1751135314477
contrastive loss,batch_train_loss,0.10379398614168167,858,1751135341413
contrastive loss,batch_train_loss,0.10859274864196777,859,1751135350185
contrastive loss,batch_train_loss,0.11436979472637177,860,1751135359112
contrastive loss,batch_train_loss,0.12287016212940216,861,1751135367703
contrastive loss,batch_train_loss,0.10350184142589569,862,1751135375971
contrastive loss,batch_train_loss,0.12226864695549011,863,1751135384583
contrastive loss,batch_train_loss,0.13072094321250916,864,1751135393276
contrastive loss,batch_train_loss,0.11556792259216309,865,1751135401785
contrastive loss,batch_train_loss,0.11603447794914246,866,1751135410364
contrastive loss,batch_train_loss,0.10119539499282837,867,1751135418339
contrastive loss,batch_train_loss,0.13054731488227844,868,1751135426197
contrastive loss,batch_train_loss,0.1182936578989029,869,1751135434144
contrastive loss,batch_train_loss,0.12375250458717346,870,1751135441981
contrastive loss,batch_train_loss,0.13243378698825836,871,1751135449766
contrastive loss,batch_train_loss,0.13694554567337036,872,1751135457318
contrastive loss,batch_train_loss,0.1297283172607422,873,1751135464798
contrastive loss,batch_train_loss,0.12102493643760681,874,1751135472278
contrastive loss,batch_train_loss,0.12429240345954895,875,1751135480002
contrastive loss,batch_train_loss,0.11978287249803543,876,1751135487536
contrastive loss,batch_train_loss,0.12733770906925201,877,1751135495263
contrastive loss,batch_train_loss,0.11163824051618576,878,1751135503048
contrastive loss,batch_train_loss,0.09877394884824753,879,1751135510282
contrastive loss,batch_train_loss,0.11609248071908951,880,1751135535847
contrastive loss,batch_train_loss,0.1372261345386505,881,1751135543201
contrastive loss,batch_train_loss,0.10943281650543213,882,1751135550805
contrastive loss,batch_train_loss,0.10662858188152313,883,1751135558627
contrastive loss,batch_train_loss,0.12732911109924316,884,1751135566477
contrastive loss,batch_train_loss,0.08871375024318695,885,1751135574212
contrastive loss,batch_train_loss,0.11142316460609436,886,1751135581635
contrastive loss,batch_train_loss,0.09659488499164581,887,1751135589097
contrastive loss,batch_train_loss,0.09302660077810287,888,1751135596565
contrastive loss,batch_train_loss,0.11378084868192673,889,1751135604569
contrastive loss,batch_train_loss,0.10992224514484406,890,1751135612574
contrastive loss,batch_train_loss,0.13588394224643707,891,1751135620112
contrastive loss,batch_train_loss,0.11434503644704819,892,1751135627787
contrastive loss,batch_train_loss,0.09523248672485352,893,1751135635400
contrastive loss,batch_train_loss,0.08309776335954666,894,1751135643225
contrastive loss,batch_train_loss,0.12870590388774872,895,1751135650802
contrastive loss,batch_train_loss,0.11146046966314316,896,1751135658780
contrastive loss,batch_train_loss,0.1381290853023529,897,1751135666433
contrastive loss,batch_train_loss,0.14801836013793945,898,1751135674470
contrastive loss,batch_train_loss,0.13993151485919952,899,1751135682291
contrastive loss,batch_train_loss,0.11069448292255402,900,1751135690387
contrastive loss,batch_train_loss,0.11753946542739868,901,1751135697995
contrastive loss,batch_train_loss,0.124906986951828,902,1751135723826
contrastive loss,batch_train_loss,0.10730980336666107,903,1751135731572
contrastive loss,batch_train_loss,0.08658409118652344,904,1751135739425
contrastive loss,batch_train_loss,0.11979611217975616,905,1751135747173
contrastive loss,batch_train_loss,0.12300175428390503,906,1751135754811
contrastive loss,batch_train_loss,0.13253100216388702,907,1751135762798
contrastive loss,batch_train_loss,0.12261396646499634,908,1751135770377
contrastive loss,batch_train_loss,0.12008607387542725,909,1751135777886
contrastive loss,batch_train_loss,0.10644488036632538,910,1751135785326
contrastive loss,batch_train_loss,0.12204184383153915,911,1751135793121
contrastive loss,batch_train_loss,0.12592773139476776,912,1751135800926
contrastive loss,batch_train_loss,0.1289491355419159,913,1751135808664
contrastive loss,batch_train_loss,0.10217729955911636,914,1751135816161
contrastive loss,batch_train_loss,0.10535062849521637,915,1751135824102
contrastive loss,batch_train_loss,0.09210559725761414,916,1751135832236
contrastive loss,batch_train_loss,0.13026180863380432,917,1751135839784
contrastive loss,batch_train_loss,0.09848634898662567,918,1751135847280
contrastive loss,batch_train_loss,0.13415364921092987,919,1751135855114
contrastive loss,batch_train_loss,0.12301260977983475,920,1751135863483
contrastive loss,batch_train_loss,0.10038946568965912,921,1751135873062
contrastive loss,batch_train_loss,0.12421683222055435,922,1751135881074
contrastive loss,batch_train_loss,0.12517987191677094,923,1751135888149
contrastive loss,batch_train_loss,0.1388542354106903,924,1751135916314
contrastive loss,batch_train_loss,0.12381941080093384,925,1751135924714
contrastive loss,batch_train_loss,0.10933572798967361,926,1751135933424
contrastive loss,batch_train_loss,0.11702040582895279,927,1751135942076
contrastive loss,batch_train_loss,0.11478766053915024,928,1751135950187
contrastive loss,batch_train_loss,0.12440760433673859,929,1751135957588
contrastive loss,batch_train_loss,0.10990525782108307,930,1751135965008
contrastive loss,batch_train_loss,0.09725958108901978,931,1751135973627
contrastive loss,batch_train_loss,0.1362551599740982,932,1751135982020
contrastive loss,batch_train_loss,0.09364815056324005,933,1751135990549
contrastive loss,batch_train_loss,0.09338624775409698,934,1751135998621
contrastive loss,batch_train_loss,0.10676592588424683,935,1751136006291
contrastive loss,batch_train_loss,0.0994696319103241,936,1751136014646
contrastive loss,batch_train_loss,0.10030590742826462,937,1751136022659
contrastive loss,batch_train_loss,0.1204836517572403,938,1751136030990
contrastive loss,batch_train_loss,0.10766680538654327,939,1751136040485
contrastive loss,batch_train_loss,0.12584921717643738,940,1751136050614
contrastive loss,batch_train_loss,0.11505292356014252,941,1751136065126
contrastive loss,batch_train_loss,0.09665708243846893,942,1751136078053
contrastive loss,batch_train_loss,0.10423339158296585,943,1751136087689
contrastive loss,batch_train_loss,0.144791841506958,944,1751136098058
contrastive loss,batch_train_loss,0.12984375655651093,945,1751136108622
contrastive loss,batch_train_loss,0.1247939020395279,946,1751136138553
contrastive loss,batch_train_loss,0.11077789962291718,947,1751136148853
contrastive loss,batch_train_loss,0.09813883900642395,948,1751136157179
contrastive loss,batch_train_loss,0.10437559336423874,949,1751136165353
contrastive loss,batch_train_loss,0.08840492367744446,950,1751136172929
contrastive loss,batch_train_loss,0.09237378090620041,951,1751136180409
contrastive loss,batch_train_loss,0.11571007966995239,952,1751136188007
contrastive loss,batch_train_loss,0.10659867525100708,953,1751136195813
contrastive loss,batch_train_loss,0.11733727902173996,954,1751136203546
contrastive loss,batch_train_loss,0.14162662625312805,955,1751136211885
contrastive loss,batch_train_loss,0.11384730041027069,956,1751136220109
contrastive loss,batch_train_loss,0.10857514292001724,957,1751136229563
contrastive loss,batch_train_loss,0.12319351732730865,958,1751136238542
contrastive loss,batch_train_loss,0.11253460496664047,959,1751136246284
contrastive loss,batch_train_loss,0.09994080662727356,960,1751136255901
contrastive loss,batch_train_loss,0.09555809944868088,961,1751136263651
contrastive loss,batch_train_loss,0.11735756695270538,962,1751136271910
contrastive loss,batch_train_loss,0.11024203151464462,963,1751136281317
contrastive loss,batch_train_loss,0.12006811797618866,964,1751136289283
contrastive loss,batch_train_loss,0.10471052676439285,965,1751136299728
contrastive loss,batch_train_loss,0.1045011654496193,966,1751136308025
contrastive loss,batch_train_loss,0.10647980123758316,967,1751136314871
contrastive loss,batch_train_loss,0.11680081486701965,968,1751136342693
contrastive loss,batch_train_loss,0.11251960694789886,969,1751136350802
contrastive loss,batch_train_loss,0.13844722509384155,970,1751136360670
contrastive loss,batch_train_loss,0.12861591577529907,971,1751136368541
contrastive loss,batch_train_loss,0.12102806568145752,972,1751136377978
contrastive loss,batch_train_loss,0.11247529089450836,973,1751136386487
contrastive loss,batch_train_loss,0.1152474507689476,974,1751136396900
contrastive loss,batch_train_loss,0.12405496090650558,975,1751136405290
contrastive loss,batch_train_loss,0.11682766675949097,976,1751136413505
contrastive loss,batch_train_loss,0.09539953619241714,977,1751136422281
contrastive loss,batch_train_loss,0.09447090327739716,978,1751136429811
contrastive loss,batch_train_loss,0.11486418545246124,979,1751136437260
contrastive loss,batch_train_loss,0.11868591606616974,980,1751136444931
contrastive loss,batch_train_loss,0.10366235673427582,981,1751136452898
contrastive loss,batch_train_loss,0.11277700215578079,982,1751136460632
contrastive loss,batch_train_loss,0.10368308424949646,983,1751136468721
contrastive loss,batch_train_loss,0.09127245843410492,984,1751136476310
contrastive loss,batch_train_loss,0.11710666120052338,985,1751136484256
contrastive loss,batch_train_loss,0.12584595382213593,986,1751136493155
contrastive loss,batch_train_loss,0.1074036955833435,987,1751136501848
contrastive loss,batch_train_loss,0.11428544670343399,988,1751136510375
contrastive loss,batch_train_loss,0.09612001478672028,989,1751136518086
contrastive loss,batch_train_loss,0.11381751298904419,990,1751136546284
contrastive loss,batch_train_loss,0.09479506313800812,991,1751136554052
contrastive loss,batch_train_loss,0.1299951672554016,992,1751136561528
contrastive loss,batch_train_loss,0.10353589057922363,993,1751136568899
contrastive loss,batch_train_loss,0.10004208981990814,994,1751136576274
contrastive loss,batch_train_loss,0.09204109758138657,995,1751136583929
contrastive loss,batch_train_loss,0.1116846427321434,996,1751136591344
contrastive loss,batch_train_loss,0.10718506574630737,997,1751136598706
contrastive loss,batch_train_loss,0.11653093993663788,998,1751136605885
contrastive loss,batch_train_loss,0.09523206949234009,999,1751136613511
contrastive loss,batch_train_loss,0.10636386275291443,1000,1751136622394
contrastive loss,batch_train_loss,0.09212256968021393,1001,1751136630764
contrastive loss,batch_train_loss,0.11129429936408997,1002,1751136638634
contrastive loss,batch_train_loss,0.11630848050117493,1003,1751136646322
contrastive loss,batch_train_loss,0.08602976053953171,1004,1751136654832
contrastive loss,batch_train_loss,0.09279287606477737,1005,1751136662036
contrastive loss,batch_train_loss,0.1098356768488884,1006,1751136667157
contrastive loss,batch_train_loss,0.12485429644584656,1007,1751136672215
contrastive loss,batch_train_loss,0.12959353625774384,1008,1751136680531
contrastive loss,batch_train_loss,0.09927156567573547,1009,1751136688981
contrastive loss,batch_train_loss,0.12356829643249512,1010,1751136696328
contrastive loss,batch_train_loss,0.10822056233882904,1011,1751136702663
contrastive loss,batch_train_loss,0.12383413314819336,1012,1751136720775
contrastive loss,batch_train_loss,0.09639213979244232,1013,1751136725900
contrastive loss,batch_train_loss,0.098607137799263,1014,1751136731170
contrastive loss,batch_train_loss,0.11409582197666168,1015,1751136735879
contrastive loss,batch_train_loss,0.10438977181911469,1016,1751136740560
contrastive loss,batch_train_loss,0.11560723185539246,1017,1751136745399
contrastive loss,batch_train_loss,0.11194484680891037,1018,1751136750407
contrastive loss,batch_train_loss,0.11062713712453842,1019,1751136755149
contrastive loss,batch_train_loss,0.12364442646503448,1020,1751136759701
contrastive loss,batch_train_loss,0.11435037851333618,1021,1751136764813
contrastive loss,batch_train_loss,0.12607112526893616,1022,1751136769583
contrastive loss,batch_train_loss,0.11381274461746216,1023,1751136774443
contrastive loss,batch_train_loss,0.10350579023361206,1024,1751136779231
contrastive loss,batch_train_loss,0.1137997955083847,1025,1751136784754
contrastive loss,batch_train_loss,0.10689377784729004,1026,1751136789460
contrastive loss,batch_train_loss,0.11590849608182907,1027,1751136794286
contrastive loss,batch_train_loss,0.11391717195510864,1028,1751136799561
contrastive loss,batch_train_loss,0.08733309805393219,1029,1751136804111
contrastive loss,batch_train_loss,0.09404680877923965,1030,1751136808479
contrastive loss,batch_train_loss,0.12052416801452637,1031,1751136813505
contrastive loss,batch_train_loss,0.09247694909572601,1032,1751136818049
contrastive loss,batch_train_loss,0.11571086943149567,1033,1751136822137
contrastive loss,batch_train_loss,0.1161249428987503,1034,1751136838950
contrastive loss,batch_train_loss,0.09747828543186188,1035,1751136843482
contrastive loss,batch_train_loss,0.11225685477256775,1036,1751136848076
contrastive loss,batch_train_loss,0.10174369812011719,1037,1751136852623
contrastive loss,batch_train_loss,0.09807559102773666,1038,1751136857484
contrastive loss,batch_train_loss,0.11850585788488388,1039,1751136862103
contrastive loss,batch_train_loss,0.11761540174484253,1040,1751136866962
contrastive loss,batch_train_loss,0.08603337407112122,1041,1751136871998
contrastive loss,batch_train_loss,0.07555601000785828,1042,1751136877064
contrastive loss,batch_train_loss,0.10891824960708618,1043,1751136882111
contrastive loss,batch_train_loss,0.09572893381118774,1044,1751136887348
contrastive loss,batch_train_loss,0.12422008812427521,1045,1751136892664
contrastive loss,batch_train_loss,0.12523195147514343,1046,1751136898221
contrastive loss,batch_train_loss,0.11389074474573135,1047,1751136903666
contrastive loss,batch_train_loss,0.11200312525033951,1048,1751136909292
contrastive loss,batch_train_loss,0.10005596280097961,1049,1751136915081
contrastive loss,batch_train_loss,0.08688513934612274,1050,1751136921535
contrastive loss,batch_train_loss,0.08729338645935059,1051,1751136927639
contrastive loss,batch_train_loss,0.10601068288087845,1052,1751136933519
contrastive loss,batch_train_loss,0.112152099609375,1053,1751136939774
contrastive loss,batch_train_loss,0.10923747718334198,1054,1751136946127
contrastive loss,batch_train_loss,0.12405162304639816,1055,1751136951923
contrastive loss,batch_train_loss,0.10531722009181976,1056,1751136974266
contrastive loss,batch_train_loss,0.10281027853488922,1057,1751136980488
contrastive loss,batch_train_loss,0.08674170076847076,1058,1751136988392
contrastive loss,batch_train_loss,0.1132296696305275,1059,1751136995981
contrastive loss,batch_train_loss,0.10401890426874161,1060,1751137003175
contrastive loss,batch_train_loss,0.14037509262561798,1061,1751137008394
contrastive loss,batch_train_loss,0.1010901927947998,1062,1751137013451
contrastive loss,batch_train_loss,0.10352340340614319,1063,1751137018642
contrastive loss,batch_train_loss,0.11538983881473541,1064,1751137023935
contrastive loss,batch_train_loss,0.1283530443906784,1065,1751137028856
contrastive loss,batch_train_loss,0.09981536120176315,1066,1751137033776
contrastive loss,batch_train_loss,0.12385331094264984,1067,1751137038376
contrastive loss,batch_train_loss,0.09287296235561371,1068,1751137043544
contrastive loss,batch_train_loss,0.10527004301548004,1069,1751137049115
contrastive loss,batch_train_loss,0.10985162854194641,1070,1751137053831
contrastive loss,batch_train_loss,0.10802840441465378,1071,1751137058483
contrastive loss,batch_train_loss,0.11568097025156021,1072,1751137062929
contrastive loss,batch_train_loss,0.1242038756608963,1073,1751137067364
contrastive loss,batch_train_loss,0.09486986696720123,1074,1751137071847
contrastive loss,batch_train_loss,0.09642910212278366,1075,1751137076699
contrastive loss,batch_train_loss,0.11165256798267365,1076,1751137081659
contrastive loss,batch_train_loss,0.11526991426944733,1077,1751137087486
contrastive loss,batch_train_loss,0.10907192528247833,1078,1751137113421
contrastive loss,batch_train_loss,0.10004410147666931,1079,1751137121375
contrastive loss,batch_train_loss,0.1168329119682312,1080,1751137128935
contrastive loss,batch_train_loss,0.09908464550971985,1081,1751137136348
contrastive loss,batch_train_loss,0.09146060049533844,1082,1751137143677
contrastive loss,batch_train_loss,0.10360860824584961,1083,1751137151428
contrastive loss,batch_train_loss,0.0979207381606102,1084,1751137158875
contrastive loss,batch_train_loss,0.1000073030591011,1085,1751137166357
contrastive loss,batch_train_loss,0.10725625604391098,1086,1751137173849
contrastive loss,batch_train_loss,0.11556863784790039,1087,1751137181434
contrastive loss,batch_train_loss,0.10681194067001343,1088,1751137189017
contrastive loss,batch_train_loss,0.09136277437210083,1089,1751137196660
contrastive loss,batch_train_loss,0.09656699001789093,1090,1751137204261
contrastive loss,batch_train_loss,0.09453640878200531,1091,1751137211932
contrastive loss,batch_train_loss,0.1050686240196228,1092,1751137220104
contrastive loss,batch_train_loss,0.10283572226762772,1093,1751137227989
contrastive loss,batch_train_loss,0.11386685073375702,1094,1751137235852
contrastive loss,batch_train_loss,0.11114874482154846,1095,1751137243961
contrastive loss,batch_train_loss,0.08593594282865524,1096,1751137251786
contrastive loss,batch_train_loss,0.09487226605415344,1097,1751137259253
contrastive loss,batch_train_loss,0.10808601975440979,1098,1751137267649
contrastive loss,batch_train_loss,0.09286089241504669,1099,1751137276129
contrastive loss,batch_train_loss,0.1159643828868866,1100,1751137301280
contrastive loss,batch_train_loss,0.09500306844711304,1101,1751137309013
contrastive loss,batch_train_loss,0.1060003861784935,1102,1751137316542
contrastive loss,batch_train_loss,0.10802018642425537,1103,1751137324045
contrastive loss,batch_train_loss,0.08839323371648788,1104,1751137332342
contrastive loss,batch_train_loss,0.11267468333244324,1105,1751137340348
contrastive loss,batch_train_loss,0.0895376056432724,1106,1751137347895
contrastive loss,batch_train_loss,0.0880369022488594,1107,1751137355466
contrastive loss,batch_train_loss,0.11394533514976501,1108,1751137362847
contrastive loss,batch_train_loss,0.10563206672668457,1109,1751137370170
contrastive loss,batch_train_loss,0.11590512841939926,1110,1751137377484
contrastive loss,batch_train_loss,0.10851892828941345,1111,1751137384913
contrastive loss,batch_train_loss,0.12405321002006531,1112,1751137392253
contrastive loss,batch_train_loss,0.09725674986839294,1113,1751137399486
contrastive loss,batch_train_loss,0.11995859444141388,1114,1751137406859
contrastive loss,batch_train_loss,0.10162359476089478,1115,1751137414153
contrastive loss,batch_train_loss,0.09405137598514557,1116,1751137421347
contrastive loss,batch_train_loss,0.13960063457489014,1117,1751137428582
contrastive loss,batch_train_loss,0.11379438638687134,1118,1751137435772
contrastive loss,batch_train_loss,0.10397984832525253,1119,1751137443008
contrastive loss,batch_train_loss,0.08518455922603607,1120,1751137451538
contrastive loss,batch_train_loss,0.11176079511642456,1121,1751137458851
contrastive loss,batch_train_loss,0.10306878387928009,1122,1751137486953
contrastive loss,batch_train_loss,0.12253639101982117,1123,1751137494949
contrastive loss,batch_train_loss,0.11100798845291138,1124,1751137503084
contrastive loss,batch_train_loss,0.10493431985378265,1125,1751137510986
contrastive loss,batch_train_loss,0.11076384037733078,1126,1751137518765
contrastive loss,batch_train_loss,0.10186395049095154,1127,1751137526419
contrastive loss,batch_train_loss,0.09908665716648102,1128,1751137534308
contrastive loss,batch_train_loss,0.0978841632604599,1129,1751137542006
contrastive loss,batch_train_loss,0.10349871218204498,1130,1751137550077
contrastive loss,batch_train_loss,0.11577531695365906,1131,1751137558076
contrastive loss,batch_train_loss,0.10947033762931824,1132,1751137565994
contrastive loss,batch_train_loss,0.10569275915622711,1133,1751137571553
contrastive loss,batch_train_loss,0.09105417877435684,1134,1751137578093
contrastive loss,batch_train_loss,0.11299202591180801,1135,1751137583598
contrastive loss,batch_train_loss,0.09905365854501724,1136,1751137588619
contrastive loss,batch_train_loss,0.10248010605573654,1137,1751137594087
contrastive loss,batch_train_loss,0.10018990933895111,1138,1751137598859
contrastive loss,batch_train_loss,0.08971308916807175,1139,1751137603315
contrastive loss,batch_train_loss,0.1015920639038086,1140,1751137608004
contrastive loss,batch_train_loss,0.08838275820016861,1141,1751137612799
contrastive loss,batch_train_loss,0.10466206818819046,1142,1751137617534
contrastive loss,batch_train_loss,0.08604732900857925,1143,1751137622114
multi-similarity loss,training loss,0.28330149433829566,0,1751226798553
multi-similarity loss,training loss,0.21215146576816385,1,1751226812867
multi-similarity loss,training loss,0.19166342710906809,2,1751226827143
multi-similarity loss,training loss,0.16887240653688257,3,1751226841400
multi-similarity loss,training loss,0.14790300584652208,4,1751226855614
multi-similarity loss,training loss,0.13860904933376747,5,1751226869810
multi-similarity loss,training loss,0.12535128742456436,6,1751226884056
multi-similarity loss,training loss,0.11481013352220709,7,1751226898248
multi-similarity loss,training loss,0.11181586811488325,8,1751226912426
multi-similarity loss,training loss,0.10105811906131831,9,1751226926631
multi-similarity loss,training loss,0.09709813073277473,10,1751226941137
multi-similarity loss,training loss,0.08780632438984784,11,1751226958273
multi-similarity loss,training loss,0.08385192467407747,12,1751226979288
multi-similarity loss,training loss,0.07541681081056595,13,1751226996798
multi-similarity loss,training loss,0.0726286330345002,14,1751227013165
multi-similarity loss,training loss,0.06788166849450632,15,1751227029298
multi-similarity loss,training loss,0.06386282244189219,16,1751227045881
multi-similarity loss,training loss,0.05854646014896306,17,1751227062280
multi-similarity loss,training loss,0.05400363677604632,18,1751227078121
multi-similarity loss,training loss,0.051258409057151184,19,1751227096298
multi-similarity loss,training loss,0.05070750296793201,20,1751227112552
multi-similarity loss,training loss,0.04428415593098511,21,1751227128427
multi-similarity loss,training loss,0.04202361506494609,22,1751227144226
multi-similarity loss,training loss,0.03702587905255231,23,1751227160232
multi-similarity loss,training loss,0.036913194354962216,24,1751227176055
multi-similarity loss,training loss,0.03241051665761254,25,1751227192392
multi-similarity loss,training loss,0.032880829985846176,26,1751227208826
multi-similarity loss,training loss,0.029728272760456257,27,1751227224911
multi-similarity loss,training loss,0.027140682393854313,28,1751227240572
multi-similarity loss,training loss,0.025408863470974295,29,1751227256209
multi-similarity loss,training loss,0.022539648439057848,30,1751227271851
multi-similarity loss,training loss,0.0228807517666031,31,1751227287745
multi-similarity loss,training loss,0.021419726947153158,32,1751227303867
multi-similarity loss,training loss,0.01908799654550173,33,1751227321098
multi-similarity loss,training loss,0.01781169841573997,34,1751227338506
multi-similarity loss,training loss,0.015808604191988707,35,1751227355284
multi-similarity loss,training loss,0.015143405307422985,36,1751227371590
multi-similarity loss,training loss,0.015528335659341379,37,1751227388605
multi-similarity loss,training loss,0.013222688216377388,38,1751227404882
multi-similarity loss,training loss,0.013503670819442381,39,1751227421095
multi-similarity loss,training loss,0.01279249478300864,40,1751227437611
multi-similarity loss,training loss,0.012852927796881308,41,1751227454664
multi-similarity loss,training loss,0.011979040562767874,42,1751227472557
multi-similarity loss,training loss,0.01062489421614869,43,1751227489102
multi-similarity loss,training loss,0.010636774230409752,44,1751227505268
multi-similarity loss,training loss,0.010503895961764183,45,1751227521355
multi-similarity loss,training loss,0.007716643370010636,46,1751227537289
multi-similarity loss,training loss,0.008689782561056993,47,1751227553082
multi-similarity loss,training loss,0.008086346555501223,48,1751227569345
multi-similarity loss,training loss,0.0079801409420642,49,1751227585565
multi-similarity loss,training loss,0.006877997932447629,50,1751227601706
multi-similarity loss,training loss,0.006409597286785191,51,1751227617644
multi-similarity loss,training loss,0.0063352183206006885,52,1751227637775
multi-similarity loss,training loss,0.006392511750825427,53,1751227654274
multi-similarity loss,training loss,0.007190044186162678,54,1751227670455
multi-similarity loss,training loss,0.006009716889820993,55,1751227686538
multi-similarity loss,training loss,0.005785815227268772,56,1751227702958
multi-similarity loss,training loss,0.005365896049294282,57,1751227719099
multi-similarity loss,training loss,0.00552240251140161,58,1751227735128
multi-similarity loss,training loss,0.004665813461708074,59,1751227751185
multi-similarity loss,training loss,0.004902000004552643,60,1751227767358
multi-similarity loss,training loss,0.004931163286197592,61,1751227784850
multi-similarity loss,training loss,0.004556605327789756,62,1751227802648
multi-similarity loss,training loss,0.00459211808629334,63,1751227816963
multi-similarity loss,training loss,0.004160733851180835,64,1751227831206
multi-similarity loss,training loss,0.0038910581391643395,65,1751227845420
multi-similarity loss,training loss,0.0037160671093839815,66,1751227859674
multi-similarity loss,training loss,0.004085577452893962,67,1751227873873
multi-similarity loss,training loss,0.003982329032045196,68,1751227888095
multi-similarity loss,training loss,0.004200019053479826,69,1751227902328
multi-similarity loss,training loss,0.003897528026506982,70,1751227916691
multi-similarity loss,training loss,0.0036510119204070757,71,1751227931336
multi-similarity loss,training loss,0.003678454435430467,72,1751227946809
multi-similarity loss,training loss,0.0036405766890807586,73,1751227964412
multi-similarity loss,training loss,0.0035067546308379283,74,1751227981029
multi-similarity loss,training loss,0.00369970429032533,75,1751227997255
multi-similarity loss,training loss,0.0032261174108663745,76,1751228016477
multi-similarity loss,training loss,0.0032698375553908672,77,1751228030870
multi-similarity loss,training loss,0.0036920958558436146,78,1751228047395
multi-similarity loss,training loss,0.00323525130410086,79,1751228065323
multi-similarity loss,validation loss,0.22822432965040207,0,1751226798553
multi-similarity loss,validation loss,0.1889553020397822,1,1751226812867
multi-similarity loss,validation loss,0.16307577987511954,2,1751226827143
multi-similarity loss,validation loss,0.158612127105395,3,1751226841400
multi-similarity loss,validation loss,0.1342073380947113,4,1751226855614
multi-similarity loss,validation loss,0.12881254528959593,5,1751226869810
multi-similarity loss,validation loss,0.12289098774393399,6,1751226884056
multi-similarity loss,validation loss,0.10758959626158078,7,1751226898248
multi-similarity loss,validation loss,0.11446139092246692,8,1751226912426
multi-similarity loss,validation loss,0.09183802517751853,9,1751226926631
multi-similarity loss,validation loss,0.08804790551463763,10,1751226941137
multi-similarity loss,validation loss,0.08256597568591435,11,1751226958273
multi-similarity loss,validation loss,0.07740234086910884,12,1751226979288
multi-similarity loss,validation loss,0.07011521297196548,13,1751226996798
multi-similarity loss,validation loss,0.06875594953695933,14,1751227013165
multi-similarity loss,validation loss,0.06820508403082688,15,1751227029298
multi-similarity loss,validation loss,0.0653724018484354,16,1751227045881
multi-similarity loss,validation loss,0.05218137428164482,17,1751227062280
multi-similarity loss,validation loss,0.049581714595357575,18,1751227078121
multi-similarity loss,validation loss,0.04970996764798959,19,1751227096298
multi-similarity loss,validation loss,0.041459664391974606,20,1751227112552
multi-similarity loss,validation loss,0.03940329638620218,21,1751227128427
multi-similarity loss,validation loss,0.036713424449165664,22,1751227144226
multi-similarity loss,validation loss,0.03534012598296007,23,1751227160232
multi-similarity loss,validation loss,0.029713387911518414,24,1751227176055
multi-similarity loss,validation loss,0.03157321270555258,25,1751227192392
multi-similarity loss,validation loss,0.02316004845003287,26,1751227208826
multi-similarity loss,validation loss,0.025913693942129612,27,1751227224911
multi-similarity loss,validation loss,0.022286129494508106,28,1751227240572
multi-similarity loss,validation loss,0.021068713006873924,29,1751227256209
multi-similarity loss,validation loss,0.021575501343856256,30,1751227271851
multi-similarity loss,validation loss,0.02017766920228799,31,1751227287745
multi-similarity loss,validation loss,0.02228765655308962,32,1751227303867
multi-similarity loss,validation loss,0.017118741758167744,33,1751227321098
multi-similarity loss,validation loss,0.015104891266673803,34,1751227338506
multi-similarity loss,validation loss,0.01449138888468345,35,1751227355284
multi-similarity loss,validation loss,0.012665269120285908,36,1751227371590
multi-similarity loss,validation loss,0.010320565585667888,37,1751227388605
multi-similarity loss,validation loss,0.013127502830078205,38,1751227404882
multi-similarity loss,validation loss,0.010749007109552622,39,1751227421095
multi-similarity loss,validation loss,0.01007419164913396,40,1751227437611
multi-similarity loss,validation loss,0.010919565179695686,41,1751227454664
multi-similarity loss,validation loss,0.008698097430169582,42,1751227472557
multi-similarity loss,validation loss,0.008216944445545474,43,1751227489102
multi-similarity loss,validation loss,0.009539120636569956,44,1751227505268
multi-similarity loss,validation loss,0.008365901187062263,45,1751227521355
multi-similarity loss,validation loss,0.007066743603597085,46,1751227537289
multi-similarity loss,validation loss,0.007746321770052115,47,1751227553082
multi-similarity loss,validation loss,0.007319524670795848,48,1751227569345
multi-similarity loss,validation loss,0.006460552530673643,49,1751227585565
multi-similarity loss,validation loss,0.008104552747681737,50,1751227601706
multi-similarity loss,validation loss,0.006266625986124079,51,1751227617644
multi-similarity loss,validation loss,0.0064255009541132795,52,1751227637775
multi-similarity loss,validation loss,0.005205946469989915,53,1751227654274
multi-similarity loss,validation loss,0.005748683509106438,54,1751227670455
multi-similarity loss,validation loss,0.005891068916146954,55,1751227686538
multi-similarity loss,validation loss,0.004247207078151405,56,1751227702958
multi-similarity loss,validation loss,0.005858157606174548,57,1751227719099
multi-similarity loss,validation loss,0.005920371079506974,58,1751227735128
multi-similarity loss,validation loss,0.004680642470096548,59,1751227751185
multi-similarity loss,validation loss,0.003928893750223021,60,1751227767358
multi-similarity loss,validation loss,0.0040339333936572075,61,1751227784850
multi-similarity loss,validation loss,0.004142623491740475,62,1751227802648
multi-similarity loss,validation loss,0.003609458120384564,63,1751227816963
multi-similarity loss,validation loss,0.0033604434963005283,64,1751227831206
multi-similarity loss,validation loss,0.002889798216832181,65,1751227845420
multi-similarity loss,validation loss,0.0035557330896457038,66,1751227859674
multi-similarity loss,validation loss,0.0028930826617094376,67,1751227873873
multi-similarity loss,validation loss,0.002895193232689053,68,1751227888095
multi-similarity loss,validation loss,0.0033422779427686087,69,1751227902328
multi-similarity loss,validation loss,0.002849118124383191,70,1751227916691
multi-similarity loss,validation loss,0.0029404453234747052,71,1751227931336
multi-similarity loss,validation loss,0.003595943523881336,72,1751227946809
multi-similarity loss,validation loss,0.003170314283731083,73,1751227964412
multi-similarity loss,validation loss,0.002186492226125362,74,1751227981029
multi-similarity loss,validation loss,0.0032170646203060946,75,1751227997255
multi-similarity loss,validation loss,0.002716836674759785,76,1751228016477
multi-similarity loss,validation loss,0.002993572251095126,77,1751228030870
multi-similarity loss,validation loss,0.0023293349659070373,78,1751228047395
multi-similarity loss,validation loss,0.002466177917085588,79,1751228065323
multi-similarity loss,accuracy,0.609129814550642,0,1751226798553
multi-similarity loss,accuracy,0.6119828815977175,1,1751226812867
multi-similarity loss,accuracy,0.644793152639087,2,1751226827143
multi-similarity loss,accuracy,0.5991440798858774,3,1751226841400
multi-similarity loss,accuracy,0.6576319543509273,4,1751226855614
multi-similarity loss,accuracy,0.6490727532097005,5,1751226869810
multi-similarity loss,accuracy,0.6405135520684736,6,1751226884056
multi-similarity loss,accuracy,0.6476462196861626,7,1751226898248
multi-similarity loss,accuracy,0.6932952924393724,8,1751226912426
multi-similarity loss,accuracy,0.7089871611982882,9,1751226926631
multi-similarity loss,accuracy,0.7018544935805991,10,1751226941137
multi-similarity loss,accuracy,0.7018544935805991,11,1751226958273
multi-similarity loss,accuracy,0.7360912981455064,12,1751226979288
multi-similarity loss,accuracy,0.7532097004279601,13,1751226996798
multi-similarity loss,accuracy,0.7945791726105563,14,1751227013165
multi-similarity loss,accuracy,0.7631954350927247,15,1751227029298
multi-similarity loss,accuracy,0.7546362339514978,16,1751227045881
multi-similarity loss,accuracy,0.7860199714693296,17,1751227062280
multi-similarity loss,accuracy,0.8245363766048502,18,1751227078121
multi-similarity loss,accuracy,0.8074179743223966,19,1751227096298
multi-similarity loss,accuracy,0.8487874465049928,20,1751227112552
multi-similarity loss,accuracy,0.8373751783166904,21,1751227128427
multi-similarity loss,accuracy,0.8216833095577746,22,1751227144226
multi-similarity loss,accuracy,0.8445078459343794,23,1751227160232
multi-similarity loss,accuracy,0.8630527817403709,24,1751227176055
multi-similarity loss,accuracy,0.8701854493580599,25,1751227192392
multi-similarity loss,accuracy,0.9072753209700428,26,1751227208826
multi-similarity loss,accuracy,0.9015691868758916,27,1751227224911
multi-similarity loss,accuracy,0.9243937232524965,28,1751227240572
multi-similarity loss,accuracy,0.9229671897289586,29,1751227256209
multi-similarity loss,accuracy,0.8987161198288159,30,1751227271851
multi-similarity loss,accuracy,0.9072753209700428,31,1751227287745
multi-similarity loss,accuracy,0.9144079885877318,32,1751227303867
multi-similarity loss,accuracy,0.9172610556348074,33,1751227321098
multi-similarity loss,accuracy,0.948644793152639,34,1751227338506
multi-similarity loss,accuracy,0.9472182596291013,35,1751227355284
multi-similarity loss,accuracy,0.9586305278174037,36,1751227371590
multi-similarity loss,accuracy,0.9686162624821684,37,1751227388605
multi-similarity loss,accuracy,0.9415121255349501,38,1751227404882
multi-similarity loss,accuracy,0.9586305278174037,39,1751227421095
multi-similarity loss,accuracy,0.9586305278174037,40,1751227437611
multi-similarity loss,accuracy,0.9586305278174037,41,1751227454664
multi-similarity loss,accuracy,0.9586305278174037,42,1751227472557
multi-similarity loss,accuracy,0.9629101283880172,43,1751227489102
multi-similarity loss,accuracy,0.9714693295292439,44,1751227505268
multi-similarity loss,accuracy,0.9586305278174037,45,1751227521355
multi-similarity loss,accuracy,0.9643366619115549,46,1751227537289
multi-similarity loss,accuracy,0.9714693295292439,47,1751227553082
multi-similarity loss,accuracy,0.9743223965763196,48,1751227569345
multi-similarity loss,accuracy,0.9714693295292439,49,1751227585565
multi-similarity loss,accuracy,0.9714693295292439,50,1751227601706
multi-similarity loss,accuracy,0.9714693295292439,51,1751227617644
multi-similarity loss,accuracy,0.9800285306704708,52,1751227637775
multi-similarity loss,accuracy,0.9728958630527818,53,1751227654274
multi-similarity loss,accuracy,0.985734664764622,54,1751227670455
multi-similarity loss,accuracy,0.9700427960057061,55,1751227686538
multi-similarity loss,accuracy,0.9771754636233951,56,1751227702958
multi-similarity loss,accuracy,0.978601997146933,57,1751227719099
multi-similarity loss,accuracy,0.9814550641940085,58,1751227735128
multi-similarity loss,accuracy,0.9714693295292439,59,1751227751185
multi-similarity loss,accuracy,0.9828815977175464,60,1751227767358
multi-similarity loss,accuracy,0.9885877318116976,61,1751227784850
multi-similarity loss,accuracy,0.9814550641940085,62,1751227802648
multi-similarity loss,accuracy,0.978601997146933,63,1751227816963
multi-similarity loss,accuracy,0.9885877318116976,64,1751227831206
multi-similarity loss,accuracy,0.9942938659058488,65,1751227845420
multi-similarity loss,accuracy,0.9885877318116976,66,1751227859674
multi-similarity loss,accuracy,0.9942938659058488,67,1751227873873
multi-similarity loss,accuracy,0.9843081312410842,68,1751227888095
multi-similarity loss,accuracy,0.9885877318116976,69,1751227902328
multi-similarity loss,accuracy,0.9871611982881597,70,1751227916691
multi-similarity loss,accuracy,0.9971469329529244,71,1751227931336
multi-similarity loss,accuracy,0.9871611982881597,72,1751227946809
multi-similarity loss,accuracy,0.9942938659058488,73,1751227964412
multi-similarity loss,accuracy,0.9957203994293866,74,1751227981029
multi-similarity loss,accuracy,0.9814550641940085,75,1751227997255
multi-similarity loss,accuracy,0.9885877318116976,76,1751228016477
multi-similarity loss,accuracy,0.9900142653352354,77,1751228030870
multi-similarity loss,accuracy,0.992867332382311,78,1751228047395
multi-similarity loss,accuracy,0.9942938659058488,79,1751228065323
multi-similarity loss,F1-score,0.7204081632188983,0,1751226798553
multi-similarity loss,F1-score,0.7207392196661631,1,1751226812867
multi-similarity loss,F1-score,0.7466937944596688,2,1751226827143
multi-similarity loss,F1-score,0.69687162886465,3,1751226841400
multi-similarity loss,F1-score,0.7484276729089823,4,1751226855614
multi-similarity loss,F1-score,0.7343412526531542,5,1751226869810
multi-similarity loss,F1-score,0.7307692307226415,6,1751226884056
multi-similarity loss,F1-score,0.7300546447621682,7,1751226898248
multi-similarity loss,F1-score,0.7705442902405729,8,1751226912426
multi-similarity loss,F1-score,0.7806451612425604,9,1751226926631
multi-similarity loss,F1-score,0.7670011147796935,10,1751226941137
multi-similarity loss,F1-score,0.7685492801296444,11,1751226958273
multi-similarity loss,F1-score,0.7866205305171649,12,1751226979288
multi-similarity loss,F1-score,0.8013777267026042,13,1751226996798
multi-similarity loss,F1-score,0.8424507658153895,14,1751227013165
multi-similarity loss,F1-score,0.8087557603202621,15,1751227029298
multi-similarity loss,F1-score,0.7881773398534754,16,1751227045881
multi-similarity loss,F1-score,0.8287671232389092,17,1751227062280
multi-similarity loss,F1-score,0.862262038024633,18,1751227078121
multi-similarity loss,F1-score,0.8383233532444808,19,1751227096298
multi-similarity loss,F1-score,0.8671679197501636,20,1751227112552
multi-similarity loss,F1-score,0.8642857142364295,21,1751227128427
multi-similarity loss,F1-score,0.8378728922986558,22,1751227144226
multi-similarity loss,F1-score,0.8678787878294185,23,1751227160232
multi-similarity loss,F1-score,0.8746736291933127,24,1751227176055
multi-similarity loss,F1-score,0.8837803320066437,25,1751227192392
multi-similarity loss,F1-score,0.9152542372382559,26,1751227208826
multi-similarity loss,F1-score,0.9127686472320712,27,1751227224911
multi-similarity loss,F1-score,0.928475033688178,28,1751227240572
multi-similarity loss,F1-score,0.9266304347326261,29,1751227256209
multi-similarity loss,F1-score,0.8987161197790441,30,1751227271851
multi-similarity loss,F1-score,0.9163449162950092,31,1751227287745
multi-similarity loss,F1-score,0.9162011172685309,32,1751227303867
multi-similarity loss,F1-score,0.9240837695835541,33,1751227321098
multi-similarity loss,F1-score,0.9526315788972298,34,1751227338506
multi-similarity loss,F1-score,0.9503355704196669,35,1751227355284
multi-similarity loss,F1-score,0.9616908850224647,36,1751227371590
multi-similarity loss,F1-score,0.968390804547473,37,1751227388605
multi-similarity loss,F1-score,0.945406125116342,38,1751227404882
multi-similarity loss,F1-score,0.9592123768837093,39,1751227421095
multi-similarity loss,F1-score,0.9595536959051838,40,1751227437611
multi-similarity loss,F1-score,0.9602194786878024,41,1751227454664
multi-similarity loss,F1-score,0.9606512889593147,42,1751227472557
multi-similarity loss,F1-score,0.9640883977398439,43,1751227489102
multi-similarity loss,F1-score,0.9736147756753716,44,1751227505268
multi-similarity loss,F1-score,0.9599999999498152,45,1751227521355
multi-similarity loss,F1-score,0.9640287769282047,46,1751227537289
multi-similarity loss,F1-score,0.972375690557485,47,1751227553082
multi-similarity loss,F1-score,0.9746478872737013,48,1751227569345
multi-similarity loss,F1-score,0.9726775955781869,49,1751227585565
multi-similarity loss,F1-score,0.9715909090406735,50,1751227601706
multi-similarity loss,F1-score,0.972899728947063,51,1751227617644
multi-similarity loss,F1-score,0.97935103239811,52,1751227637775
multi-similarity loss,F1-score,0.9736477114615538,53,1751227654274
multi-similarity loss,F1-score,0.98655913973469,54,1751227670455
multi-similarity loss,F1-score,0.970792767682735,55,1751227686538
multi-similarity loss,F1-score,0.9763313608964848,56,1751227702958
multi-similarity loss,F1-score,0.9796472184029436,57,1751227719099
multi-similarity loss,F1-score,0.9815602836376818,58,1751227735128
multi-similarity loss,F1-score,0.9709302325078997,59,1751227751185
multi-similarity loss,F1-score,0.9826589594873032,60,1751227767358
multi-similarity loss,F1-score,0.989041095840146,61,1751227784850
multi-similarity loss,F1-score,0.9822161422206089,62,1751227802648
multi-similarity loss,F1-score,0.9787234042050641,63,1751227816963
multi-similarity loss,F1-score,0.9883720929729752,64,1751227831206
multi-similarity loss,F1-score,0.9941002949349592,65,1751227845420
multi-similarity loss,F1-score,0.9887640448935489,66,1751227859674
multi-similarity loss,F1-score,0.9940828401863941,67,1751227873873
multi-similarity loss,F1-score,0.9841726618202329,68,1751227888095
multi-similarity loss,F1-score,0.9892183287907095,69,1751227902328
multi-similarity loss,F1-score,0.9871244634690391,70,1751227916691
multi-similarity loss,F1-score,0.9971509971007135,71,1751227931336
multi-similarity loss,F1-score,0.9875518671696516,72,1751227946809
multi-similarity loss,F1-score,0.9944598337447399,73,1751227964412
multi-similarity loss,F1-score,0.9958158995313131,74,1751227981029
multi-similarity loss,F1-score,0.9812409811907158,75,1751227997255
multi-similarity loss,F1-score,0.9885714285211499,76,1751228016477
multi-similarity loss,F1-score,0.9901547116234253,77,1751228030870
multi-similarity loss,F1-score,0.9931034482255905,78,1751228047395
multi-similarity loss,F1-score,0.9944134077709529,79,1751228065323
multi-similarity loss,precision,0.5657051282050375,0,1751226798553
multi-similarity loss,precision,0.5652173913042567,1,1751226812867
multi-similarity loss,precision,0.595779220779124,2,1751226827143
multi-similarity loss,precision,0.5383333333332436,3,1751226841400
multi-similarity loss,precision,0.5979899497486435,4,1751226855614
multi-similarity loss,precision,0.5802047781568975,5,1751226869810
multi-similarity loss,precision,0.5767284991567324,6,1751226884056
multi-similarity loss,precision,0.5758620689654179,7,1751226898248
multi-similarity loss,precision,0.6278260869564125,8,1751226912426
multi-similarity loss,precision,0.6402116402115272,9,1751226926631
multi-similarity loss,precision,0.6231884057969885,10,1751226941137
multi-similarity loss,precision,0.6252252252251125,11,1751226958273
multi-similarity loss,precision,0.6507633587785017,12,1751226979288
multi-similarity loss,precision,0.6698656429941132,13,1751226996798
multi-similarity loss,precision,0.7277882797730193,14,1751227013165
multi-similarity loss,precision,0.680232558139403,15,1751227029298
multi-similarity loss,precision,0.6517311608959976,16,1751227045881
multi-similarity loss,precision,0.7089843749998614,17,1751227062280
multi-similarity loss,precision,0.7593688362917634,18,1751227078121
multi-similarity loss,precision,0.7231404958676192,19,1751227096298
multi-similarity loss,precision,0.7654867256635475,20,1751227112552
multi-similarity loss,precision,0.7610062893080166,21,1751227128427
multi-similarity loss,precision,0.7225950782996147,22,1751227144226
multi-similarity loss,precision,0.7682403433474746,23,1751227160232
multi-similarity loss,precision,0.7808857808855989,24,1751227176055
multi-similarity loss,precision,0.7917620137297959,25,1751227192392
multi-similarity loss,precision,0.8437499999997972,26,1751227208826
multi-similarity loss,precision,0.839534883720735,27,1751227224911
multi-similarity loss,precision,0.8686868686866493,28,1751227240572
multi-similarity loss,precision,0.8632911392402878,29,1751227256209
multi-similarity loss,precision,0.8181818181816057,30,1751227271851
multi-similarity loss,precision,0.8476190476188459,31,1751227287745
multi-similarity loss,precision,0.8453608247420502,32,1751227303867
multi-similarity loss,precision,0.8588807785885988,33,1751227321098
multi-similarity loss,precision,0.9095477386932388,34,1751227338506
multi-similarity loss,precision,0.9053708439895383,35,1751227355284
multi-similarity loss,precision,0.9285714285711917,36,1751227371590
multi-similarity loss,precision,0.9387186629523848,37,1751227388605
multi-similarity loss,precision,0.8964646464644201,38,1751227404882
multi-similarity loss,precision,0.9216216216213725,39,1751227421095
multi-similarity loss,precision,0.9222520107236134,40,1751227437611
multi-similarity loss,precision,0.925925925925681,41,1751227454664
multi-similarity loss,precision,0.9242819843339624,42,1751227472557
multi-similarity loss,precision,0.9331550802136542,43,1751227489102
multi-similarity loss,precision,0.9485861182516842,44,1751227505268
multi-similarity loss,precision,0.9230769230766782,45,1751227521355
multi-similarity loss,precision,0.9305555555552971,46,1751227537289
multi-similarity loss,precision,0.9539295392951345,47,1751227553082
multi-similarity loss,precision,0.9505494505491895,48,1751227569345
multi-similarity loss,precision,0.946808510638046,49,1751227585565
multi-similarity loss,precision,0.9447513812152086,50,1751227601706
multi-similarity loss,precision,0.9472295514509375,51,1751227617644
multi-similarity loss,precision,0.959537572254058,52,1751227637775
multi-similarity loss,precision,0.9486486486483923,53,1751227654274
multi-similarity loss,precision,0.9734748010607498,54,1751227670455
multi-similarity loss,precision,0.9432432432429884,55,1751227686538
multi-similarity loss,precision,0.9537572254332504,56,1751227702958
multi-similarity loss,precision,0.9601063829784681,57,1751227719099
multi-similarity loss,precision,0.9637883008353861,58,1751227735128
multi-similarity loss,precision,0.9435028248584906,59,1751227751185
multi-similarity loss,precision,0.9659090909088165,60,1751227767358
multi-similarity loss,precision,0.9783197831975669,61,1751227784850
multi-similarity loss,precision,0.9650537634406008,62,1751227802648
multi-similarity loss,precision,0.9583333333330671,63,1751227816963
multi-similarity loss,precision,0.9770114942525928,64,1751227831206
multi-similarity loss,precision,0.9882697947211179,65,1751227845420
multi-similarity loss,precision,0.9777777777775062,66,1751227859674
multi-similarity loss,precision,0.9882352941173564,67,1751227873873
multi-similarity loss,precision,0.9688385269119069,68,1751227888095
multi-similarity loss,precision,0.9786666666664057,69,1751227902328
multi-similarity loss,precision,0.9745762711861654,70,1751227916691
multi-similarity loss,precision,0.9943181818178993,71,1751227931336
multi-similarity loss,precision,0.9754098360653073,72,1751227946809
multi-similarity loss,precision,0.9889807162531711,73,1751227964412
multi-similarity loss,precision,0.9916666666663912,74,1751227981029
multi-similarity loss,precision,0.9631728045323051,75,1751227997255
multi-similarity loss,precision,0.9801699716711104,76,1751228016477
multi-similarity loss,precision,0.9805013927573871,77,1751228030870
multi-similarity loss,precision,0.9863013698627435,78,1751228047395
multi-similarity loss,precision,0.9888888888886143,79,1751228065323
multi-similarity loss,Recall,0.9915730337075866,0,1751226798553
multi-similarity loss,Recall,0.994334277620115,1,1751226812867
multi-similarity loss,Recall,0.9999999999997276,2,1751226827143
multi-similarity loss,Recall,0.9877675840975573,3,1751226841400
multi-similarity loss,Recall,0.9999999999997199,4,1751226855614
multi-similarity loss,Recall,0.9999999999997059,5,1751226869810
multi-similarity loss,Recall,0.9970845481046656,6,1751226884056
multi-similarity loss,Recall,0.9970149253728368,7,1751226898248
multi-similarity loss,Recall,0.997237569060498,8,1751226912426
multi-similarity loss,Recall,0.9999999999997246,9,1751226926631
multi-similarity loss,Recall,0.9971014492750734,10,1751226941137
multi-similarity loss,Recall,0.9971264367813227,11,1751226958273
multi-similarity loss,Recall,0.9941690962096227,12,1751226979288
multi-similarity loss,Recall,0.9971428571425722,13,1751226996798
multi-similarity loss,Recall,0.9999999999997403,14,1751227013165
multi-similarity loss,Recall,0.9971590909088076,15,1751227029298
multi-similarity loss,Recall,0.9968847352021817,16,1751227045881
multi-similarity loss,Recall,0.9972527472524734,17,1751227062280
multi-similarity loss,Recall,0.9974093264246121,18,1751227078121
multi-similarity loss,Recall,0.9971509971507131,19,1751227096298
multi-similarity loss,Recall,0.999999999999711,20,1751227112552
multi-similarity loss,Recall,0.9999999999997246,21,1751227128427
multi-similarity loss,Recall,0.9969135802466059,22,1751227144226
multi-similarity loss,Recall,0.997214484679388,23,1751227160232
multi-similarity loss,Recall,0.9940652818988148,24,1751227176055
multi-similarity loss,Recall,0.999999999999711,25,1751227192392
multi-similarity loss,Recall,0.9999999999997151,26,1751227208826
multi-similarity loss,Recall,0.999999999999723,27,1751227224911
multi-similarity loss,Recall,0.9971014492750734,28,1751227240572
multi-similarity loss,Recall,0.9999999999997068,29,1751227256209
multi-similarity loss,Recall,0.9968354430376593,30,1751227271851
multi-similarity loss,Recall,0.9971988795515414,31,1751227287745
multi-similarity loss,Recall,0.9999999999996951,32,1751227303867
multi-similarity loss,Recall,0.9999999999997168,33,1751227321098
multi-similarity loss,Recall,0.9999999999997238,34,1751227338506
multi-similarity loss,Recall,0.9999999999997176,35,1751227355284
multi-similarity loss,Recall,0.9972602739723295,36,1751227371590
multi-similarity loss,Recall,0.9999999999997033,37,1751227388605
multi-similarity loss,Recall,0.9999999999997183,38,1751227404882
multi-similarity loss,Recall,0.9999999999997068,39,1751227421095
multi-similarity loss,Recall,0.9999999999997093,40,1751227437611
multi-similarity loss,Recall,0.9971509971507131,41,1751227454664
multi-similarity loss,Recall,0.9999999999997176,42,1751227472557
multi-similarity loss,Recall,0.9971428571425722,43,1751227489102
multi-similarity loss,Recall,0.999999999999729,44,1751227505268
multi-similarity loss,Recall,0.9999999999997127,45,1751227521355
multi-similarity loss,Recall,0.9999999999997016,46,1751227537289
multi-similarity loss,Recall,0.9915492957743686,47,1751227553082
multi-similarity loss,Recall,0.999999999999711,48,1751227569345
multi-similarity loss,Recall,0.9999999999997191,49,1751227585565
multi-similarity loss,Recall,0.9999999999997077,50,1751227601706
multi-similarity loss,Recall,0.9999999999997214,51,1751227617644
multi-similarity loss,Recall,0.9999999999996988,52,1751227637775
multi-similarity loss,Recall,0.9999999999997151,53,1751227654274
multi-similarity loss,Recall,0.9999999999997276,54,1751227670455
multi-similarity loss,Recall,0.9999999999997135,55,1751227686538
multi-similarity loss,Recall,0.999999999999697,56,1751227702958
multi-similarity loss,Recall,0.999999999999723,57,1751227719099
multi-similarity loss,Recall,0.999999999999711,58,1751227735128
multi-similarity loss,Recall,0.9999999999997007,59,1751227751185
multi-similarity loss,Recall,0.9999999999997059,60,1751227767358
multi-similarity loss,Recall,0.999999999999723,61,1751227784850
multi-similarity loss,Recall,0.9999999999997214,62,1751227802648
multi-similarity loss,Recall,0.9999999999997102,63,1751227816963
multi-similarity loss,Recall,0.9999999999997059,64,1751227831206
multi-similarity loss,Recall,0.9999999999997033,65,1751227845420
multi-similarity loss,Recall,0.9999999999997159,66,1751227859674
multi-similarity loss,Recall,0.9999999999997025,67,1751227873873
multi-similarity loss,Recall,0.9999999999997077,68,1751227888095
multi-similarity loss,Recall,0.9999999999997276,69,1751227902328
multi-similarity loss,Recall,0.9999999999997102,70,1751227916691
multi-similarity loss,Recall,0.9999999999997143,71,1751227931336
multi-similarity loss,Recall,0.9999999999997199,72,1751227946809
multi-similarity loss,Recall,0.9999999999997214,73,1751227964412
multi-similarity loss,Recall,0.9999999999997199,74,1751227981029
multi-similarity loss,Recall,0.9999999999997059,75,1751227997255
multi-similarity loss,Recall,0.9971181556193093,76,1751228016477
multi-similarity loss,Recall,0.9999999999997159,77,1751228030870
multi-similarity loss,Recall,0.9999999999997222,78,1751228047395
multi-similarity loss,Recall,0.9999999999997191,79,1751228065323
multi-similarity loss,batch_train_loss,0.34980952739715576,0,1751226783791
multi-similarity loss,batch_train_loss,0.31870484352111816,1,1751226784371
multi-similarity loss,batch_train_loss,0.3295694887638092,2,1751226784938
multi-similarity loss,batch_train_loss,0.34376516938209534,3,1751226785514
multi-similarity loss,batch_train_loss,0.3308587670326233,4,1751226786083
multi-similarity loss,batch_train_loss,0.27894479036331177,5,1751226786640
multi-similarity loss,batch_train_loss,0.2934636175632477,6,1751226787208
multi-similarity loss,batch_train_loss,0.31190621852874756,7,1751226787769
multi-similarity loss,batch_train_loss,0.273634135723114,8,1751226788317
multi-similarity loss,batch_train_loss,0.30829057097435,9,1751226788884
multi-similarity loss,batch_train_loss,0.2520850598812103,10,1751226789471
multi-similarity loss,batch_train_loss,0.2736985683441162,11,1751226790026
multi-similarity loss,batch_train_loss,0.23597340285778046,12,1751226790574
multi-similarity loss,batch_train_loss,0.26870933175086975,13,1751226791111
multi-similarity loss,batch_train_loss,0.24147914350032806,14,1751226791666
multi-similarity loss,batch_train_loss,0.2869455814361572,15,1751226792214
multi-similarity loss,batch_train_loss,0.27117034792900085,16,1751226792763
multi-similarity loss,batch_train_loss,0.27197110652923584,17,1751226793315
multi-similarity loss,batch_train_loss,0.2714242935180664,18,1751226793873
multi-similarity loss,batch_train_loss,0.28261280059814453,19,1751226794438
multi-similarity loss,batch_train_loss,0.21824875473976135,20,1751226794965
multi-similarity loss,batch_train_loss,0.2193673551082611,21,1751226795438
multi-similarity loss,batch_train_loss,0.23403844237327576,22,1751226799146
multi-similarity loss,batch_train_loss,0.2450595498085022,23,1751226799664
multi-similarity loss,batch_train_loss,0.1972878873348236,24,1751226800176
multi-similarity loss,batch_train_loss,0.20053765177726746,25,1751226800682
multi-similarity loss,batch_train_loss,0.2109907865524292,26,1751226801186
multi-similarity loss,batch_train_loss,0.19957435131072998,27,1751226801699
multi-similarity loss,batch_train_loss,0.22098921239376068,28,1751226802208
multi-similarity loss,batch_train_loss,0.2205812931060791,29,1751226802718
multi-similarity loss,batch_train_loss,0.23043790459632874,30,1751226803225
multi-similarity loss,batch_train_loss,0.2298453152179718,31,1751226803728
multi-similarity loss,batch_train_loss,0.22305184602737427,32,1751226804237
multi-similarity loss,batch_train_loss,0.22380013763904572,33,1751226804743
multi-similarity loss,batch_train_loss,0.2345174103975296,34,1751226805253
multi-similarity loss,batch_train_loss,0.23710200190544128,35,1751226805758
multi-similarity loss,batch_train_loss,0.20580528676509857,36,1751226806263
multi-similarity loss,batch_train_loss,0.16789433360099792,37,1751226806765
multi-similarity loss,batch_train_loss,0.1948733925819397,38,1751226807271
multi-similarity loss,batch_train_loss,0.2234419286251068,39,1751226807780
multi-similarity loss,batch_train_loss,0.19176062941551208,40,1751226808292
multi-similarity loss,batch_train_loss,0.2013864815235138,41,1751226808793
multi-similarity loss,batch_train_loss,0.1872701346874237,42,1751226809302
multi-similarity loss,batch_train_loss,0.18708626925945282,43,1751226809765
multi-similarity loss,batch_train_loss,0.19525688886642456,44,1751226813450
multi-similarity loss,batch_train_loss,0.22298535704612732,45,1751226813960
multi-similarity loss,batch_train_loss,0.20510968565940857,46,1751226814467
multi-similarity loss,batch_train_loss,0.2044025957584381,47,1751226814971
multi-similarity loss,batch_train_loss,0.20238026976585388,48,1751226815479
multi-similarity loss,batch_train_loss,0.1692524552345276,49,1751226815980
multi-similarity loss,batch_train_loss,0.1813221424818039,50,1751226816486
multi-similarity loss,batch_train_loss,0.19481901824474335,51,1751226816988
multi-similarity loss,batch_train_loss,0.20972494781017303,52,1751226817494
multi-similarity loss,batch_train_loss,0.19800777733325958,53,1751226818000
multi-similarity loss,batch_train_loss,0.2084096372127533,54,1751226818509
multi-similarity loss,batch_train_loss,0.19351992011070251,55,1751226819011
multi-similarity loss,batch_train_loss,0.19027367234230042,56,1751226819516
multi-similarity loss,batch_train_loss,0.19220906496047974,57,1751226820017
multi-similarity loss,batch_train_loss,0.16624054312705994,58,1751226820520
multi-similarity loss,batch_train_loss,0.16570787131786346,59,1751226821021
multi-similarity loss,batch_train_loss,0.21213576197624207,60,1751226821529
multi-similarity loss,batch_train_loss,0.20107287168502808,61,1751226822033
multi-similarity loss,batch_train_loss,0.18505078554153442,62,1751226822538
multi-similarity loss,batch_train_loss,0.19208404421806335,63,1751226823038
multi-similarity loss,batch_train_loss,0.1492956578731537,64,1751226823554
multi-similarity loss,batch_train_loss,0.17733442783355713,65,1751226824028
multi-similarity loss,batch_train_loss,0.1649743616580963,66,1751226827738
multi-similarity loss,batch_train_loss,0.16003867983818054,67,1751226828246
multi-similarity loss,batch_train_loss,0.16192469000816345,68,1751226828749
multi-similarity loss,batch_train_loss,0.1813494861125946,69,1751226829253
multi-similarity loss,batch_train_loss,0.17886130511760712,70,1751226829760
multi-similarity loss,batch_train_loss,0.16112768650054932,71,1751226830260
multi-similarity loss,batch_train_loss,0.14516954123973846,72,1751226830764
multi-similarity loss,batch_train_loss,0.193855419754982,73,1751226831269
multi-similarity loss,batch_train_loss,0.19985009729862213,74,1751226831772
multi-similarity loss,batch_train_loss,0.18201158940792084,75,1751226832276
multi-similarity loss,batch_train_loss,0.19418473541736603,76,1751226832779
multi-similarity loss,batch_train_loss,0.16634111106395721,77,1751226833280
multi-similarity loss,batch_train_loss,0.15220792591571808,78,1751226833783
multi-similarity loss,batch_train_loss,0.16207356750965118,79,1751226834288
multi-similarity loss,batch_train_loss,0.165509894490242,80,1751226834795
multi-similarity loss,batch_train_loss,0.17984583973884583,81,1751226835296
multi-similarity loss,batch_train_loss,0.14498095214366913,82,1751226835802
multi-similarity loss,batch_train_loss,0.18388326466083527,83,1751226836304
multi-similarity loss,batch_train_loss,0.15204434096813202,84,1751226836806
multi-similarity loss,batch_train_loss,0.16934829950332642,85,1751226837312
multi-similarity loss,batch_train_loss,0.14364485442638397,86,1751226837819
multi-similarity loss,batch_train_loss,0.17196530103683472,87,1751226838283
multi-similarity loss,batch_train_loss,0.14881911873817444,88,1751226841992
multi-similarity loss,batch_train_loss,0.1360042691230774,89,1751226842500
multi-similarity loss,batch_train_loss,0.20542442798614502,90,1751226843008
multi-similarity loss,batch_train_loss,0.14210477471351624,91,1751226843509
multi-similarity loss,batch_train_loss,0.16725274920463562,92,1751226844010
multi-similarity loss,batch_train_loss,0.1649692952632904,93,1751226844522
multi-similarity loss,batch_train_loss,0.14659011363983154,94,1751226845024
multi-similarity loss,batch_train_loss,0.1513964831829071,95,1751226845522
multi-similarity loss,batch_train_loss,0.16675719618797302,96,1751226846028
multi-similarity loss,batch_train_loss,0.1496250033378601,97,1751226846529
multi-similarity loss,batch_train_loss,0.18736760318279266,98,1751226847038
multi-similarity loss,batch_train_loss,0.13723503053188324,99,1751226847538
multi-similarity loss,batch_train_loss,0.14666391909122467,100,1751226848044
multi-similarity loss,batch_train_loss,0.13355256617069244,101,1751226848543
multi-similarity loss,batch_train_loss,0.12048090249300003,102,1751226849045
multi-similarity loss,batch_train_loss,0.13611973822116852,103,1751226849552
multi-similarity loss,batch_train_loss,0.15703000128269196,104,1751226850053
multi-similarity loss,batch_train_loss,0.14318051934242249,105,1751226850556
multi-similarity loss,batch_train_loss,0.14829204976558685,106,1751226851059
multi-similarity loss,batch_train_loss,0.1256217211484909,107,1751226851558
multi-similarity loss,batch_train_loss,0.11847734451293945,108,1751226852063
multi-similarity loss,batch_train_loss,0.12090130150318146,109,1751226852524
multi-similarity loss,batch_train_loss,0.13199615478515625,110,1751226856204
multi-similarity loss,batch_train_loss,0.13427318632602692,111,1751226856715
multi-similarity loss,batch_train_loss,0.13773486018180847,112,1751226857217
multi-similarity loss,batch_train_loss,0.13848191499710083,113,1751226857719
multi-similarity loss,batch_train_loss,0.13989460468292236,114,1751226858223
multi-similarity loss,batch_train_loss,0.13395193219184875,115,1751226858721
multi-similarity loss,batch_train_loss,0.14029574394226074,116,1751226859225
multi-similarity loss,batch_train_loss,0.15900662541389465,117,1751226859723
multi-similarity loss,batch_train_loss,0.14416413009166718,118,1751226860234
multi-similarity loss,batch_train_loss,0.1455707848072052,119,1751226860735
multi-similarity loss,batch_train_loss,0.1481950283050537,120,1751226861238
multi-similarity loss,batch_train_loss,0.11103662848472595,121,1751226861736
multi-similarity loss,batch_train_loss,0.13172805309295654,122,1751226862243
multi-similarity loss,batch_train_loss,0.14958694577217102,123,1751226862743
multi-similarity loss,batch_train_loss,0.1342993676662445,124,1751226863248
multi-similarity loss,batch_train_loss,0.1774093210697174,125,1751226863748
multi-similarity loss,batch_train_loss,0.14261355996131897,126,1751226864252
multi-similarity loss,batch_train_loss,0.13586170971393585,127,1751226864752
multi-similarity loss,batch_train_loss,0.13547879457473755,128,1751226865252
multi-similarity loss,batch_train_loss,0.13220781087875366,129,1751226865753
multi-similarity loss,batch_train_loss,0.12228133529424667,130,1751226866259
multi-similarity loss,batch_train_loss,0.12333059310913086,131,1751226866718
multi-similarity loss,batch_train_loss,0.12694919109344482,132,1751226870401
multi-similarity loss,batch_train_loss,0.14945319294929504,133,1751226870911
multi-similarity loss,batch_train_loss,0.15111342072486877,134,1751226871414
multi-similarity loss,batch_train_loss,0.13059768080711365,135,1751226871916
multi-similarity loss,batch_train_loss,0.12906911969184875,136,1751226872421
multi-similarity loss,batch_train_loss,0.12890751659870148,137,1751226872920
multi-similarity loss,batch_train_loss,0.12220010161399841,138,1751226873425
multi-similarity loss,batch_train_loss,0.13340574502944946,139,1751226873928
multi-similarity loss,batch_train_loss,0.12866425514221191,140,1751226874434
multi-similarity loss,batch_train_loss,0.14417164027690887,141,1751226874933
multi-similarity loss,batch_train_loss,0.12056347727775574,142,1751226875444
multi-similarity loss,batch_train_loss,0.1113378256559372,143,1751226875950
multi-similarity loss,batch_train_loss,0.1311601996421814,144,1751226876456
multi-similarity loss,batch_train_loss,0.11793962121009827,145,1751226876957
multi-similarity loss,batch_train_loss,0.11438855528831482,146,1751226877465
multi-similarity loss,batch_train_loss,0.10865110158920288,147,1751226877965
multi-similarity loss,batch_train_loss,0.10070447623729706,148,1751226878468
multi-similarity loss,batch_train_loss,0.12281173467636108,149,1751226878972
multi-similarity loss,batch_train_loss,0.13902214169502258,150,1751226879472
multi-similarity loss,batch_train_loss,0.12236976623535156,151,1751226879970
multi-similarity loss,batch_train_loss,0.10870896279811859,152,1751226880476
multi-similarity loss,batch_train_loss,0.1155385971069336,153,1751226880936
multi-similarity loss,batch_train_loss,0.11432065069675446,154,1751226884647
multi-similarity loss,batch_train_loss,0.10963252931833267,155,1751226885144
multi-similarity loss,batch_train_loss,0.1270882487297058,156,1751226885650
multi-similarity loss,batch_train_loss,0.13004177808761597,157,1751226886151
multi-similarity loss,batch_train_loss,0.12010529637336731,158,1751226886654
multi-similarity loss,batch_train_loss,0.11705384403467178,159,1751226887155
multi-similarity loss,batch_train_loss,0.11378239095211029,160,1751226887663
multi-similarity loss,batch_train_loss,0.12601013481616974,161,1751226888166
multi-similarity loss,batch_train_loss,0.12483159452676773,162,1751226888668
multi-similarity loss,batch_train_loss,0.11479754745960236,163,1751226889171
multi-similarity loss,batch_train_loss,0.11912385374307632,164,1751226889678
multi-similarity loss,batch_train_loss,0.12444137036800385,165,1751226890183
multi-similarity loss,batch_train_loss,0.09945766627788544,166,1751226890686
multi-similarity loss,batch_train_loss,0.1106947809457779,167,1751226891190
multi-similarity loss,batch_train_loss,0.10540582239627838,168,1751226891694
multi-similarity loss,batch_train_loss,0.1061469092965126,169,1751226892194
multi-similarity loss,batch_train_loss,0.11091873049736023,170,1751226892702
multi-similarity loss,batch_train_loss,0.12366527318954468,171,1751226893203
multi-similarity loss,batch_train_loss,0.11083999276161194,172,1751226893706
multi-similarity loss,batch_train_loss,0.11118028312921524,173,1751226894204
multi-similarity loss,batch_train_loss,0.09198462963104248,174,1751226894703
multi-similarity loss,batch_train_loss,0.11429961025714874,175,1751226895166
multi-similarity loss,batch_train_loss,0.1400536596775055,176,1751226898840
multi-similarity loss,batch_train_loss,0.1191750168800354,177,1751226899340
multi-similarity loss,batch_train_loss,0.09962977468967438,178,1751226899845
multi-similarity loss,batch_train_loss,0.09244634211063385,179,1751226900351
multi-similarity loss,batch_train_loss,0.12250123172998428,180,1751226900855
multi-similarity loss,batch_train_loss,0.10262718796730042,181,1751226901360
multi-similarity loss,batch_train_loss,0.11877895891666412,182,1751226901867
multi-similarity loss,batch_train_loss,0.12719133496284485,183,1751226902369
multi-similarity loss,batch_train_loss,0.10312303155660629,184,1751226902869
multi-similarity loss,batch_train_loss,0.13536006212234497,185,1751226903371
multi-similarity loss,batch_train_loss,0.0975949764251709,186,1751226903867
multi-similarity loss,batch_train_loss,0.12608975172042847,187,1751226904373
multi-similarity loss,batch_train_loss,0.10447485744953156,188,1751226904875
multi-similarity loss,batch_train_loss,0.12057036906480789,189,1751226905376
multi-similarity loss,batch_train_loss,0.09005919098854065,190,1751226905874
multi-similarity loss,batch_train_loss,0.10253282636404037,191,1751226906376
multi-similarity loss,batch_train_loss,0.12322990596294403,192,1751226906879
multi-similarity loss,batch_train_loss,0.12132149189710617,193,1751226907382
multi-similarity loss,batch_train_loss,0.09634648263454437,194,1751226907883
multi-similarity loss,batch_train_loss,0.0958482101559639,195,1751226908383
multi-similarity loss,batch_train_loss,0.1195109561085701,196,1751226908887
multi-similarity loss,batch_train_loss,0.10148347914218903,197,1751226909347
multi-similarity loss,batch_train_loss,0.09198026359081268,198,1751226912973
multi-similarity loss,batch_train_loss,0.10432364046573639,199,1751226913486
multi-similarity loss,batch_train_loss,0.1113618016242981,200,1751226913993
multi-similarity loss,batch_train_loss,0.11901919543743134,201,1751226914496
multi-similarity loss,batch_train_loss,0.10921642184257507,202,1751226914998
multi-similarity loss,batch_train_loss,0.11704006046056747,203,1751226915499
multi-similarity loss,batch_train_loss,0.09406211972236633,204,1751226916000
multi-similarity loss,batch_train_loss,0.10803443193435669,205,1751226916504
multi-similarity loss,batch_train_loss,0.10060543566942215,206,1751226917008
multi-similarity loss,batch_train_loss,0.10016996413469315,207,1751226917510
multi-similarity loss,batch_train_loss,0.09540042281150818,208,1751226918010
multi-similarity loss,batch_train_loss,0.09714928269386292,209,1751226918513
multi-similarity loss,batch_train_loss,0.09845562279224396,210,1751226919019
multi-similarity loss,batch_train_loss,0.09424537420272827,211,1751226919524
multi-similarity loss,batch_train_loss,0.09177406132221222,212,1751226920028
multi-similarity loss,batch_train_loss,0.0998786985874176,213,1751226920532
multi-similarity loss,batch_train_loss,0.11334399878978729,214,1751226921037
multi-similarity loss,batch_train_loss,0.10306905210018158,215,1751226921535
multi-similarity loss,batch_train_loss,0.08028747141361237,216,1751226922039
multi-similarity loss,batch_train_loss,0.09231908619403839,217,1751226922537
multi-similarity loss,batch_train_loss,0.10627566277980804,218,1751226923042
multi-similarity loss,batch_train_loss,0.09526655077934265,219,1751226923507
multi-similarity loss,batch_train_loss,0.10125576704740524,220,1751226927251
multi-similarity loss,batch_train_loss,0.09072713553905487,221,1751226927813
multi-similarity loss,batch_train_loss,0.103584423661232,222,1751226928400
multi-similarity loss,batch_train_loss,0.09825252741575241,223,1751226928930
multi-similarity loss,batch_train_loss,0.09901943802833557,224,1751226929440
multi-similarity loss,batch_train_loss,0.10236631333827972,225,1751226929944
multi-similarity loss,batch_train_loss,0.10221511125564575,226,1751226930450
multi-similarity loss,batch_train_loss,0.08741432428359985,227,1751226930948
multi-similarity loss,batch_train_loss,0.09096919000148773,228,1751226931456
multi-similarity loss,batch_train_loss,0.10529440641403198,229,1751226931957
multi-similarity loss,batch_train_loss,0.11931971460580826,230,1751226932461
multi-similarity loss,batch_train_loss,0.09940710663795471,231,1751226933081
multi-similarity loss,batch_train_loss,0.08685988932847977,232,1751226933583
multi-similarity loss,batch_train_loss,0.08742021769285202,233,1751226934087
multi-similarity loss,batch_train_loss,0.09158651530742645,234,1751226934590
multi-similarity loss,batch_train_loss,0.09248144924640656,235,1751226935088
multi-similarity loss,batch_train_loss,0.09213609248399734,236,1751226935594
multi-similarity loss,batch_train_loss,0.07624386250972748,237,1751226936090
multi-similarity loss,batch_train_loss,0.10206805169582367,238,1751226936595
multi-similarity loss,batch_train_loss,0.10125738382339478,239,1751226937101
multi-similarity loss,batch_train_loss,0.10719554126262665,240,1751226937613
multi-similarity loss,batch_train_loss,0.09908441454172134,241,1751226938079
multi-similarity loss,batch_train_loss,0.08645099401473999,242,1751226941723
multi-similarity loss,batch_train_loss,0.0705786794424057,243,1751226942230
multi-similarity loss,batch_train_loss,0.08889682590961456,244,1751226942800
multi-similarity loss,batch_train_loss,0.09535959362983704,245,1751226943989
multi-similarity loss,batch_train_loss,0.09142151474952698,246,1751226945527
multi-similarity loss,batch_train_loss,0.07583709061145782,247,1751226946267
multi-similarity loss,batch_train_loss,0.09653259813785553,248,1751226946826
multi-similarity loss,batch_train_loss,0.08059771358966827,249,1751226947338
multi-similarity loss,batch_train_loss,0.10223077237606049,250,1751226947844
multi-similarity loss,batch_train_loss,0.08580656349658966,251,1751226948344
multi-similarity loss,batch_train_loss,0.08317679166793823,252,1751226948846
multi-similarity loss,batch_train_loss,0.08572512865066528,253,1751226949348
multi-similarity loss,batch_train_loss,0.10465438663959503,254,1751226949853
multi-similarity loss,batch_train_loss,0.0846291035413742,255,1751226950355
multi-similarity loss,batch_train_loss,0.09321746975183487,256,1751226950879
multi-similarity loss,batch_train_loss,0.10352620482444763,257,1751226951383
multi-similarity loss,batch_train_loss,0.0982542484998703,258,1751226951888
multi-similarity loss,batch_train_loss,0.08968476951122284,259,1751226952389
multi-similarity loss,batch_train_loss,0.07311960309743881,260,1751226952905
multi-similarity loss,batch_train_loss,0.08339256048202515,261,1751226953413
multi-similarity loss,batch_train_loss,0.07497358322143555,262,1751226953973
multi-similarity loss,batch_train_loss,0.08367294073104858,263,1751226954533
multi-similarity loss,batch_train_loss,0.0806717574596405,264,1751226960476
multi-similarity loss,batch_train_loss,0.09401369094848633,265,1751226961813
multi-similarity loss,batch_train_loss,0.08978867530822754,266,1751226962443
multi-similarity loss,batch_train_loss,0.10182256251573563,267,1751226963011
multi-similarity loss,batch_train_loss,0.06983707845211029,268,1751226963601
multi-similarity loss,batch_train_loss,0.09095070511102676,269,1751226964154
multi-similarity loss,batch_train_loss,0.07911306619644165,270,1751226964717
multi-similarity loss,batch_train_loss,0.08605599403381348,271,1751226965273
multi-similarity loss,batch_train_loss,0.0823933482170105,272,1751226965857
multi-similarity loss,batch_train_loss,0.0761425793170929,273,1751226966407
multi-similarity loss,batch_train_loss,0.07144011557102203,274,1751226966982
multi-similarity loss,batch_train_loss,0.08931858837604523,275,1751226967542
multi-similarity loss,batch_train_loss,0.08201371133327484,276,1751226968111
multi-similarity loss,batch_train_loss,0.0808110237121582,277,1751226968688
multi-similarity loss,batch_train_loss,0.07988264411687851,278,1751226969278
multi-similarity loss,batch_train_loss,0.07438962161540985,279,1751226969834
multi-similarity loss,batch_train_loss,0.07970878481864929,280,1751226970413
multi-similarity loss,batch_train_loss,0.10247217118740082,281,1751226970963
multi-similarity loss,batch_train_loss,0.08937715739011765,282,1751226971548
multi-similarity loss,batch_train_loss,0.08295025676488876,283,1751226972121
multi-similarity loss,batch_train_loss,0.09353164583444595,284,1751226972694
multi-similarity loss,batch_train_loss,0.06805716454982758,285,1751226975138
multi-similarity loss,batch_train_loss,0.06922239065170288,286,1751226979939
multi-similarity loss,batch_train_loss,0.08214446902275085,287,1751226980461
multi-similarity loss,batch_train_loss,0.07190115749835968,288,1751226980980
multi-similarity loss,batch_train_loss,0.08138900995254517,289,1751226981507
multi-similarity loss,batch_train_loss,0.07328229397535324,290,1751226982024
multi-similarity loss,batch_train_loss,0.06906973570585251,291,1751226982583
multi-similarity loss,batch_train_loss,0.09132438898086548,292,1751226983153
multi-similarity loss,batch_train_loss,0.08503871411085129,293,1751226983687
multi-similarity loss,batch_train_loss,0.07396653294563293,294,1751226984207
multi-similarity loss,batch_train_loss,0.07392467558383942,295,1751226984759
multi-similarity loss,batch_train_loss,0.07343027740716934,296,1751226985270
multi-similarity loss,batch_train_loss,0.06999369710683823,297,1751226985790
multi-similarity loss,batch_train_loss,0.0684434249997139,298,1751226986298
multi-similarity loss,batch_train_loss,0.07006102800369263,299,1751226986803
multi-similarity loss,batch_train_loss,0.07217848300933838,300,1751226987357
multi-similarity loss,batch_train_loss,0.05921342223882675,301,1751226987908
multi-similarity loss,batch_train_loss,0.08183522522449493,302,1751226990041
multi-similarity loss,batch_train_loss,0.0838109701871872,303,1751226991333
multi-similarity loss,batch_train_loss,0.09400704503059387,304,1751226992115
multi-similarity loss,batch_train_loss,0.06899923086166382,305,1751226992647
multi-similarity loss,batch_train_loss,0.0745323896408081,306,1751226993180
multi-similarity loss,batch_train_loss,0.07140127569437027,307,1751226993665
multi-similarity loss,batch_train_loss,0.07452298700809479,308,1751226997399
multi-similarity loss,batch_train_loss,0.07788129150867462,309,1751226997911
multi-similarity loss,batch_train_loss,0.0694512277841568,310,1751226998416
multi-similarity loss,batch_train_loss,0.05381544679403305,311,1751226998920
multi-similarity loss,batch_train_loss,0.07873283326625824,312,1751226999425
multi-similarity loss,batch_train_loss,0.06038178876042366,313,1751226999928
multi-similarity loss,batch_train_loss,0.09426005929708481,314,1751227000432
multi-similarity loss,batch_train_loss,0.09239090979099274,315,1751227000954
multi-similarity loss,batch_train_loss,0.07935909181833267,316,1751227001474
multi-similarity loss,batch_train_loss,0.0674174502491951,317,1751227001990
multi-similarity loss,batch_train_loss,0.06322179734706879,318,1751227002513
multi-similarity loss,batch_train_loss,0.06732732057571411,319,1751227003047
multi-similarity loss,batch_train_loss,0.07675646245479584,320,1751227005091
multi-similarity loss,batch_train_loss,0.08780275285243988,321,1751227006026
multi-similarity loss,batch_train_loss,0.06812772899866104,322,1751227006574
multi-similarity loss,batch_train_loss,0.07384832203388214,323,1751227007084
multi-similarity loss,batch_train_loss,0.060162320733070374,324,1751227007606
multi-similarity loss,batch_train_loss,0.07436882704496384,325,1751227008126
multi-similarity loss,batch_train_loss,0.07598607242107391,326,1751227008630
multi-similarity loss,batch_train_loss,0.0625545084476471,327,1751227009133
multi-similarity loss,batch_train_loss,0.07649767398834229,328,1751227009638
multi-similarity loss,batch_train_loss,0.06296305358409882,329,1751227010100
multi-similarity loss,batch_train_loss,0.0709279477596283,330,1751227013769
multi-similarity loss,batch_train_loss,0.06378842890262604,331,1751227014277
multi-similarity loss,batch_train_loss,0.06723768264055252,332,1751227014781
multi-similarity loss,batch_train_loss,0.06053204461932182,333,1751227015282
multi-similarity loss,batch_train_loss,0.069172702729702,334,1751227015787
multi-similarity loss,batch_train_loss,0.05844676122069359,335,1751227016288
multi-similarity loss,batch_train_loss,0.07087264955043793,336,1751227016788
multi-similarity loss,batch_train_loss,0.06885267794132233,337,1751227017290
multi-similarity loss,batch_train_loss,0.06859615445137024,338,1751227017795
multi-similarity loss,batch_train_loss,0.08856715261936188,339,1751227018605
multi-similarity loss,batch_train_loss,0.08227884769439697,340,1751227020601
multi-similarity loss,batch_train_loss,0.060250479727983475,341,1751227021195
multi-similarity loss,batch_train_loss,0.07941988110542297,342,1751227021713
multi-similarity loss,batch_train_loss,0.06664399057626724,343,1751227022213
multi-similarity loss,batch_train_loss,0.05893661826848984,344,1751227022711
multi-similarity loss,batch_train_loss,0.06875275075435638,345,1751227023210
multi-similarity loss,batch_train_loss,0.0663687139749527,346,1751227023712
multi-similarity loss,batch_train_loss,0.061680570244789124,347,1751227024214
multi-similarity loss,batch_train_loss,0.07756371796131134,348,1751227024718
multi-similarity loss,batch_train_loss,0.06377211213111877,349,1751227025222
multi-similarity loss,batch_train_loss,0.057312291115522385,350,1751227025731
multi-similarity loss,batch_train_loss,0.06342253088951111,351,1751227026196
multi-similarity loss,batch_train_loss,0.05662333220243454,352,1751227029900
multi-similarity loss,batch_train_loss,0.0583653561770916,353,1751227030408
multi-similarity loss,batch_train_loss,0.054879505187273026,354,1751227030908
multi-similarity loss,batch_train_loss,0.0579870380461216,355,1751227031405
multi-similarity loss,batch_train_loss,0.07257833331823349,356,1751227031910
multi-similarity loss,batch_train_loss,0.06635528802871704,357,1751227032410
multi-similarity loss,batch_train_loss,0.06090433895587921,358,1751227032918
multi-similarity loss,batch_train_loss,0.07740029692649841,359,1751227034361
multi-similarity loss,batch_train_loss,0.0698535144329071,360,1751227036188
multi-similarity loss,batch_train_loss,0.06027599796652794,361,1751227036763
multi-similarity loss,batch_train_loss,0.06905021518468857,362,1751227037265
multi-similarity loss,batch_train_loss,0.07278747856616974,363,1751227037768
multi-similarity loss,batch_train_loss,0.05937162786722183,364,1751227038302
multi-similarity loss,batch_train_loss,0.06445346772670746,365,1751227038807
multi-similarity loss,batch_train_loss,0.06756430864334106,366,1751227039318
multi-similarity loss,batch_train_loss,0.06371426582336426,367,1751227039818
multi-similarity loss,batch_train_loss,0.06693396717309952,368,1751227040321
multi-similarity loss,batch_train_loss,0.0648467093706131,369,1751227040827
multi-similarity loss,batch_train_loss,0.05798254907131195,370,1751227041332
multi-similarity loss,batch_train_loss,0.0543188750743866,371,1751227041834
multi-similarity loss,batch_train_loss,0.07272283732891083,372,1751227042334
multi-similarity loss,batch_train_loss,0.05601279065012932,373,1751227042793
multi-similarity loss,batch_train_loss,0.05217965692281723,374,1751227046478
multi-similarity loss,batch_train_loss,0.06018463522195816,375,1751227046993
multi-similarity loss,batch_train_loss,0.0505995899438858,376,1751227047512
multi-similarity loss,batch_train_loss,0.06786355376243591,377,1751227048045
multi-similarity loss,batch_train_loss,0.051274098455905914,378,1751227050186
multi-similarity loss,batch_train_loss,0.0615062415599823,379,1751227051234
multi-similarity loss,batch_train_loss,0.05930856615304947,380,1751227051757
multi-similarity loss,batch_train_loss,0.07313981652259827,381,1751227052257
multi-similarity loss,batch_train_loss,0.07516595721244812,382,1751227052760
multi-similarity loss,batch_train_loss,0.06060221418738365,383,1751227053266
multi-similarity loss,batch_train_loss,0.058167196810245514,384,1751227053767
multi-similarity loss,batch_train_loss,0.06341587752103806,385,1751227054265
multi-similarity loss,batch_train_loss,0.05165678262710571,386,1751227054764
multi-similarity loss,batch_train_loss,0.04857959225773811,387,1751227055262
multi-similarity loss,batch_train_loss,0.06275083124637604,388,1751227055765
multi-similarity loss,batch_train_loss,0.05422438681125641,389,1751227056260
multi-similarity loss,batch_train_loss,0.04470682889223099,390,1751227056756
multi-similarity loss,batch_train_loss,0.06875576823949814,391,1751227057255
multi-similarity loss,batch_train_loss,0.04532972723245621,392,1751227057759
multi-similarity loss,batch_train_loss,0.05368325859308243,393,1751227058257
multi-similarity loss,batch_train_loss,0.06550005078315735,394,1751227058758
multi-similarity loss,batch_train_loss,0.05942749232053757,395,1751227059222
multi-similarity loss,batch_train_loss,0.06610569357872009,396,1751227062887
multi-similarity loss,batch_train_loss,0.040594324469566345,397,1751227063492
multi-similarity loss,batch_train_loss,0.05823827162384987,398,1751227065106
multi-similarity loss,batch_train_loss,0.05772439017891884,399,1751227066064
multi-similarity loss,batch_train_loss,0.05344504117965698,400,1751227066591
multi-similarity loss,batch_train_loss,0.04628666490316391,401,1751227067086
multi-similarity loss,batch_train_loss,0.051796719431877136,402,1751227067587
multi-similarity loss,batch_train_loss,0.06547214090824127,403,1751227068093
multi-similarity loss,batch_train_loss,0.05922283977270126,404,1751227068592
multi-similarity loss,batch_train_loss,0.042153552174568176,405,1751227069095
multi-similarity loss,batch_train_loss,0.04897771030664444,406,1751227069596
multi-similarity loss,batch_train_loss,0.057635679841041565,407,1751227070097
multi-similarity loss,batch_train_loss,0.04167991131544113,408,1751227070594
multi-similarity loss,batch_train_loss,0.04657693952322006,409,1751227071091
multi-similarity loss,batch_train_loss,0.05657915771007538,410,1751227071593
multi-similarity loss,batch_train_loss,0.057030826807022095,411,1751227072090
multi-similarity loss,batch_train_loss,0.06158732622861862,412,1751227072591
multi-similarity loss,batch_train_loss,0.05661717802286148,413,1751227073092
multi-similarity loss,batch_train_loss,0.06077796220779419,414,1751227073593
multi-similarity loss,batch_train_loss,0.05532345175743103,415,1751227074091
multi-similarity loss,batch_train_loss,0.055569376796483994,416,1751227074595
multi-similarity loss,batch_train_loss,0.048684850335121155,417,1751227075060
multi-similarity loss,batch_train_loss,0.06229803338646889,418,1751227078782
multi-similarity loss,batch_train_loss,0.046073541045188904,419,1751227080032
multi-similarity loss,batch_train_loss,0.052028875797986984,420,1751227081543
multi-similarity loss,batch_train_loss,0.047849077731370926,421,1751227082063
multi-similarity loss,batch_train_loss,0.04405677691102028,422,1751227082562
multi-similarity loss,batch_train_loss,0.05625427886843681,423,1751227083065
multi-similarity loss,batch_train_loss,0.0559622123837471,424,1751227083568
multi-similarity loss,batch_train_loss,0.0600317120552063,425,1751227084064
multi-similarity loss,batch_train_loss,0.06387737393379211,426,1751227084570
multi-similarity loss,batch_train_loss,0.054370325058698654,427,1751227085068
multi-similarity loss,batch_train_loss,0.04873855412006378,428,1751227085564
multi-similarity loss,batch_train_loss,0.054262951016426086,429,1751227086064
multi-similarity loss,batch_train_loss,0.04223737493157387,430,1751227086567
multi-similarity loss,batch_train_loss,0.05490823835134506,431,1751227087067
multi-similarity loss,batch_train_loss,0.0424785241484642,432,1751227087566
multi-similarity loss,batch_train_loss,0.03679472580552101,433,1751227088069
multi-similarity loss,batch_train_loss,0.04489092528820038,434,1751227088574
multi-similarity loss,batch_train_loss,0.05485774204134941,435,1751227089072
multi-similarity loss,batch_train_loss,0.04605117812752724,436,1751227089570
multi-similarity loss,batch_train_loss,0.057438451796770096,437,1751227090069
multi-similarity loss,batch_train_loss,0.05125568434596062,438,1751227090574
multi-similarity loss,batch_train_loss,0.05096844211220741,439,1751227091029
multi-similarity loss,batch_train_loss,0.056291062384843826,440,1751227096952
multi-similarity loss,batch_train_loss,0.0549265518784523,441,1751227097538
multi-similarity loss,batch_train_loss,0.049394987523555756,442,1751227098063
multi-similarity loss,batch_train_loss,0.049860432744026184,443,1751227098570
multi-similarity loss,batch_train_loss,0.03586418554186821,444,1751227099078
multi-similarity loss,batch_train_loss,0.0513303242623806,445,1751227099591
multi-similarity loss,batch_train_loss,0.057947367429733276,446,1751227100097
multi-similarity loss,batch_train_loss,0.04996106028556824,447,1751227100594
multi-similarity loss,batch_train_loss,0.052595920860767365,448,1751227101097
multi-similarity loss,batch_train_loss,0.05184519290924072,449,1751227101597
multi-similarity loss,batch_train_loss,0.044598743319511414,450,1751227102102
multi-similarity loss,batch_train_loss,0.05636664852499962,451,1751227102600
multi-similarity loss,batch_train_loss,0.045337826013565063,452,1751227103101
multi-similarity loss,batch_train_loss,0.062171414494514465,453,1751227103599
multi-similarity loss,batch_train_loss,0.05535297840833664,454,1751227104101
multi-similarity loss,batch_train_loss,0.06119002029299736,455,1751227104606
multi-similarity loss,batch_train_loss,0.04568471759557724,456,1751227105105
multi-similarity loss,batch_train_loss,0.05774160474538803,457,1751227105627
multi-similarity loss,batch_train_loss,0.05420027673244476,458,1751227106133
multi-similarity loss,batch_train_loss,0.04264916479587555,459,1751227106633
multi-similarity loss,batch_train_loss,0.04279655963182449,460,1751227107138
multi-similarity loss,batch_train_loss,0.03745802491903305,461,1751227107598
multi-similarity loss,batch_train_loss,0.04094293713569641,462,1751227113143
multi-similarity loss,batch_train_loss,0.05135626345872879,463,1751227113652
multi-similarity loss,batch_train_loss,0.04844347760081291,464,1751227114147
multi-similarity loss,batch_train_loss,0.054877378046512604,465,1751227114644
multi-similarity loss,batch_train_loss,0.058599989861249924,466,1751227115151
multi-similarity loss,batch_train_loss,0.053671419620513916,467,1751227115649
multi-similarity loss,batch_train_loss,0.042560309171676636,468,1751227116156
multi-similarity loss,batch_train_loss,0.04868975281715393,469,1751227116655
multi-similarity loss,batch_train_loss,0.03990665823221207,470,1751227117155
multi-similarity loss,batch_train_loss,0.03924402594566345,471,1751227117651
multi-similarity loss,batch_train_loss,0.043786607682704926,472,1751227118159
multi-similarity loss,batch_train_loss,0.04666905105113983,473,1751227118654
multi-similarity loss,batch_train_loss,0.04605334252119064,474,1751227119158
multi-similarity loss,batch_train_loss,0.037877436727285385,475,1751227119656
multi-similarity loss,batch_train_loss,0.04031652212142944,476,1751227120156
multi-similarity loss,batch_train_loss,0.04912606626749039,477,1751227120658
multi-similarity loss,batch_train_loss,0.04180500656366348,478,1751227121157
multi-similarity loss,batch_train_loss,0.033880338072776794,479,1751227121650
multi-similarity loss,batch_train_loss,0.03725603222846985,480,1751227122156
multi-similarity loss,batch_train_loss,0.037892866879701614,481,1751227122654
multi-similarity loss,batch_train_loss,0.04291388392448425,482,1751227123160
multi-similarity loss,batch_train_loss,0.038382064551115036,483,1751227123634
multi-similarity loss,batch_train_loss,0.05898364633321762,484,1751227129023
multi-similarity loss,batch_train_loss,0.03741635009646416,485,1751227129523
multi-similarity loss,batch_train_loss,0.036871716380119324,486,1751227130027
multi-similarity loss,batch_train_loss,0.04449872672557831,487,1751227130524
multi-similarity loss,batch_train_loss,0.04009160399436951,488,1751227131025
multi-similarity loss,batch_train_loss,0.039598237723112106,489,1751227131520
multi-similarity loss,batch_train_loss,0.04824574291706085,490,1751227132016
multi-similarity loss,batch_train_loss,0.04307547211647034,491,1751227132519
multi-similarity loss,batch_train_loss,0.03759423643350601,492,1751227133022
multi-similarity loss,batch_train_loss,0.036313243210315704,493,1751227133527
multi-similarity loss,batch_train_loss,0.03996715694665909,494,1751227134028
multi-similarity loss,batch_train_loss,0.04407984018325806,495,1751227134524
multi-similarity loss,batch_train_loss,0.03925500065088272,496,1751227135026
multi-similarity loss,batch_train_loss,0.04609569534659386,497,1751227135522
multi-similarity loss,batch_train_loss,0.04401010274887085,498,1751227136024
multi-similarity loss,batch_train_loss,0.032856833189725876,499,1751227136526
multi-similarity loss,batch_train_loss,0.048950426280498505,500,1751227137028
multi-similarity loss,batch_train_loss,0.04459160566329956,501,1751227137532
multi-similarity loss,batch_train_loss,0.03711997717618942,502,1751227138026
multi-similarity loss,batch_train_loss,0.04434378072619438,503,1751227138543
multi-similarity loss,batch_train_loss,0.03633488714694977,504,1751227139406
multi-similarity loss,batch_train_loss,0.04422524943947792,505,1751227140873
multi-similarity loss,batch_train_loss,0.03420241177082062,506,1751227144818
multi-similarity loss,batch_train_loss,0.04013540595769882,507,1751227145320
multi-similarity loss,batch_train_loss,0.04291179031133652,508,1751227145821
multi-similarity loss,batch_train_loss,0.03794395178556442,509,1751227146324
multi-similarity loss,batch_train_loss,0.03505837172269821,510,1751227146826
multi-similarity loss,batch_train_loss,0.03603605180978775,511,1751227147327
multi-similarity loss,batch_train_loss,0.03897436708211899,512,1751227147827
multi-similarity loss,batch_train_loss,0.03527115285396576,513,1751227148332
multi-similarity loss,batch_train_loss,0.03985138610005379,514,1751227148832
multi-similarity loss,batch_train_loss,0.045836132019758224,515,1751227149334
multi-similarity loss,batch_train_loss,0.03367076441645622,516,1751227149834
multi-similarity loss,batch_train_loss,0.03993433341383934,517,1751227150338
multi-similarity loss,batch_train_loss,0.035757046192884445,518,1751227150842
multi-similarity loss,batch_train_loss,0.0382659025490284,519,1751227151341
multi-similarity loss,batch_train_loss,0.03422810137271881,520,1751227151842
multi-similarity loss,batch_train_loss,0.0459924042224884,521,1751227152342
multi-similarity loss,batch_train_loss,0.032811619341373444,522,1751227152842
multi-similarity loss,batch_train_loss,0.038385581225156784,523,1751227153340
multi-similarity loss,batch_train_loss,0.03256010264158249,524,1751227154317
multi-similarity loss,batch_train_loss,0.03183809667825699,525,1751227156019
multi-similarity loss,batch_train_loss,0.03134801611304283,526,1751227156695
multi-similarity loss,batch_train_loss,0.03355634957551956,527,1751227157174
multi-similarity loss,batch_train_loss,0.0421423614025116,528,1751227160823
multi-similarity loss,batch_train_loss,0.04340880364179611,529,1751227161323
multi-similarity loss,batch_train_loss,0.036430325359106064,530,1751227161826
multi-similarity loss,batch_train_loss,0.03118792362511158,531,1751227162325
multi-similarity loss,batch_train_loss,0.0404815673828125,532,1751227162826
multi-similarity loss,batch_train_loss,0.039421938359737396,533,1751227163322
multi-similarity loss,batch_train_loss,0.03239847719669342,534,1751227163828
multi-similarity loss,batch_train_loss,0.029348183423280716,535,1751227164329
multi-similarity loss,batch_train_loss,0.04089248180389404,536,1751227164831
multi-similarity loss,batch_train_loss,0.03488852083683014,537,1751227165332
multi-similarity loss,batch_train_loss,0.036030612885951996,538,1751227165832
multi-similarity loss,batch_train_loss,0.03566757217049599,539,1751227166333
multi-similarity loss,batch_train_loss,0.033634722232818604,540,1751227166838
multi-similarity loss,batch_train_loss,0.040363162755966187,541,1751227167339
multi-similarity loss,batch_train_loss,0.047734685242176056,542,1751227167843
multi-similarity loss,batch_train_loss,0.030663926154375076,543,1751227168341
multi-similarity loss,batch_train_loss,0.037873707711696625,544,1751227168865
multi-similarity loss,batch_train_loss,0.03567659482359886,545,1751227169586
multi-similarity loss,batch_train_loss,0.040815189480781555,546,1751227171374
multi-similarity loss,batch_train_loss,0.038187071681022644,547,1751227172042
multi-similarity loss,batch_train_loss,0.032515063881874084,548,1751227172556
multi-similarity loss,batch_train_loss,0.03232738375663757,549,1751227173021
multi-similarity loss,batch_train_loss,0.024788400158286095,550,1751227176660
multi-similarity loss,batch_train_loss,0.032754480838775635,551,1751227177166
multi-similarity loss,batch_train_loss,0.026675153523683548,552,1751227177666
multi-similarity loss,batch_train_loss,0.024490837007761,553,1751227178160
multi-similarity loss,batch_train_loss,0.03583639860153198,554,1751227178663
multi-similarity loss,batch_train_loss,0.03624551743268967,555,1751227179160
multi-similarity loss,batch_train_loss,0.03129711002111435,556,1751227179662
multi-similarity loss,batch_train_loss,0.038628414273262024,557,1751227180158
multi-similarity loss,batch_train_loss,0.032837625592947006,558,1751227180664
multi-similarity loss,batch_train_loss,0.04154089838266373,559,1751227181161
multi-similarity loss,batch_train_loss,0.03919924795627594,560,1751227181662
multi-similarity loss,batch_train_loss,0.03162223845720291,561,1751227182160
multi-similarity loss,batch_train_loss,0.02586193196475506,562,1751227182660
multi-similarity loss,batch_train_loss,0.03973431885242462,563,1751227183159
multi-similarity loss,batch_train_loss,0.032497160136699677,564,1751227183676
multi-similarity loss,batch_train_loss,0.02625095285475254,565,1751227185225
multi-similarity loss,batch_train_loss,0.0285420510917902,566,1751227186840
multi-similarity loss,batch_train_loss,0.041948579251766205,567,1751227187377
multi-similarity loss,batch_train_loss,0.029505960643291473,568,1751227187870
multi-similarity loss,batch_train_loss,0.03268576040863991,569,1751227188370
multi-similarity loss,batch_train_loss,0.029995456337928772,570,1751227188875
multi-similarity loss,batch_train_loss,0.03009287267923355,571,1751227189334
multi-similarity loss,batch_train_loss,0.03142635151743889,572,1751227192946
multi-similarity loss,batch_train_loss,0.03503824770450592,573,1751227193455
multi-similarity loss,batch_train_loss,0.03161204606294632,574,1751227193953
multi-similarity loss,batch_train_loss,0.028552670031785965,575,1751227194453
multi-similarity loss,batch_train_loss,0.03490442782640457,576,1751227194959
multi-similarity loss,batch_train_loss,0.03989185020327568,577,1751227195459
multi-similarity loss,batch_train_loss,0.03101232647895813,578,1751227195958
multi-similarity loss,batch_train_loss,0.04172798991203308,579,1751227196456
multi-similarity loss,batch_train_loss,0.03548126295208931,580,1751227196964
multi-similarity loss,batch_train_loss,0.03655451536178589,581,1751227197464
multi-similarity loss,batch_train_loss,0.03700278699398041,582,1751227197965
multi-similarity loss,batch_train_loss,0.03256843239068985,583,1751227198461
multi-similarity loss,batch_train_loss,0.02891475334763527,584,1751227199218
multi-similarity loss,batch_train_loss,0.03254178166389465,585,1751227201723
multi-similarity loss,batch_train_loss,0.029194988310337067,586,1751227202285
multi-similarity loss,batch_train_loss,0.022724181413650513,587,1751227202787
multi-similarity loss,batch_train_loss,0.0345856249332428,588,1751227203292
multi-similarity loss,batch_train_loss,0.04173725098371506,589,1751227203793
multi-similarity loss,batch_train_loss,0.027367495000362396,590,1751227204296
multi-similarity loss,batch_train_loss,0.027213972061872482,591,1751227204799
multi-similarity loss,batch_train_loss,0.036539673805236816,592,1751227205300
multi-similarity loss,batch_train_loss,0.026785630732774734,593,1751227205759
multi-similarity loss,batch_train_loss,0.021320221945643425,594,1751227209414
multi-similarity loss,batch_train_loss,0.02596033737063408,595,1751227209922
multi-similarity loss,batch_train_loss,0.038781411945819855,596,1751227210422
multi-similarity loss,batch_train_loss,0.028661929070949554,597,1751227210920
multi-similarity loss,batch_train_loss,0.03454970568418503,598,1751227211420
multi-similarity loss,batch_train_loss,0.02035600319504738,599,1751227211922
multi-similarity loss,batch_train_loss,0.027765240520238876,600,1751227212421
multi-similarity loss,batch_train_loss,0.02991870790719986,601,1751227212921
multi-similarity loss,batch_train_loss,0.024211755022406578,602,1751227213425
multi-similarity loss,batch_train_loss,0.036797504872083664,603,1751227213946
multi-similarity loss,batch_train_loss,0.0365736186504364,604,1751227214844
multi-similarity loss,batch_train_loss,0.026711158454418182,605,1751227216856
multi-similarity loss,batch_train_loss,0.03629892319440842,606,1751227217381
multi-similarity loss,batch_train_loss,0.028997352346777916,607,1751227217879
multi-similarity loss,batch_train_loss,0.031146597117185593,608,1751227218376
multi-similarity loss,batch_train_loss,0.03178082033991814,609,1751227218882
multi-similarity loss,batch_train_loss,0.03128411993384361,610,1751227219385
multi-similarity loss,batch_train_loss,0.04102400317788124,611,1751227219887
multi-similarity loss,batch_train_loss,0.020576849579811096,612,1751227220389
multi-similarity loss,batch_train_loss,0.03227143734693527,613,1751227220888
multi-similarity loss,batch_train_loss,0.02538737654685974,614,1751227221385
multi-similarity loss,batch_train_loss,0.023646926507353783,615,1751227221850
multi-similarity loss,batch_train_loss,0.02882147766649723,616,1751227225455
multi-similarity loss,batch_train_loss,0.029120327904820442,617,1751227225953
multi-similarity loss,batch_train_loss,0.02749008499085903,618,1751227226454
multi-similarity loss,batch_train_loss,0.024455752223730087,619,1751227226955
multi-similarity loss,batch_train_loss,0.03142973408102989,620,1751227227458
multi-similarity loss,batch_train_loss,0.02713850885629654,621,1751227227958
multi-similarity loss,batch_train_loss,0.027358822524547577,622,1751227228461
multi-similarity loss,batch_train_loss,0.022572316229343414,623,1751227228972
multi-similarity loss,batch_train_loss,0.03297782689332962,624,1751227229938
multi-similarity loss,batch_train_loss,0.03207351267337799,625,1751227231390
multi-similarity loss,batch_train_loss,0.026928331702947617,626,1751227232044
multi-similarity loss,batch_train_loss,0.02347540855407715,627,1751227232560
multi-similarity loss,batch_train_loss,0.021607644855976105,628,1751227233059
multi-similarity loss,batch_train_loss,0.025531310588121414,629,1751227233560
multi-similarity loss,batch_train_loss,0.0303559061139822,630,1751227234071
multi-similarity loss,batch_train_loss,0.025943100452423096,631,1751227234573
multi-similarity loss,batch_train_loss,0.021242134273052216,632,1751227235071
multi-similarity loss,batch_train_loss,0.020692128688097,633,1751227235569
multi-similarity loss,batch_train_loss,0.03456023335456848,634,1751227236070
multi-similarity loss,batch_train_loss,0.0258394256234169,635,1751227236565
multi-similarity loss,batch_train_loss,0.02628864347934723,636,1751227237065
multi-similarity loss,batch_train_loss,0.03119238093495369,637,1751227237521
multi-similarity loss,batch_train_loss,0.023418158292770386,638,1751227241179
multi-similarity loss,batch_train_loss,0.026927322149276733,639,1751227241686
multi-similarity loss,batch_train_loss,0.02570454776287079,640,1751227242190
multi-similarity loss,batch_train_loss,0.032933399081230164,641,1751227242687
multi-similarity loss,batch_train_loss,0.02037363499403,642,1751227243188
multi-similarity loss,batch_train_loss,0.020217090845108032,643,1751227243688
multi-similarity loss,batch_train_loss,0.03725767880678177,644,1751227244242
multi-similarity loss,batch_train_loss,0.0195758193731308,645,1751227245221
multi-similarity loss,batch_train_loss,0.014368697069585323,646,1751227246667
multi-similarity loss,batch_train_loss,0.023382334038615227,647,1751227247190
multi-similarity loss,batch_train_loss,0.022069204598665237,648,1751227247694
multi-similarity loss,batch_train_loss,0.03442203626036644,649,1751227248194
multi-similarity loss,batch_train_loss,0.019547302275896072,650,1751227248693
multi-similarity loss,batch_train_loss,0.02231862023472786,651,1751227249197
multi-similarity loss,batch_train_loss,0.024164356291294098,652,1751227249698
multi-similarity loss,batch_train_loss,0.025309419259428978,653,1751227250200
multi-similarity loss,batch_train_loss,0.026437412947416306,654,1751227250704
multi-similarity loss,batch_train_loss,0.03194576874375343,655,1751227251206
multi-similarity loss,batch_train_loss,0.027152981609106064,656,1751227251710
multi-similarity loss,batch_train_loss,0.029570728540420532,657,1751227252207
multi-similarity loss,batch_train_loss,0.024255167692899704,658,1751227252710
multi-similarity loss,batch_train_loss,0.027643315494060516,659,1751227253171
multi-similarity loss,batch_train_loss,0.02516818232834339,660,1751227256805
multi-similarity loss,batch_train_loss,0.024750694632530212,661,1751227257314
multi-similarity loss,batch_train_loss,0.019470680505037308,662,1751227257817
multi-similarity loss,batch_train_loss,0.020911522209644318,663,1751227258316
multi-similarity loss,batch_train_loss,0.022735606878995895,664,1751227258832
multi-similarity loss,batch_train_loss,0.020825862884521484,665,1751227259410
multi-similarity loss,batch_train_loss,0.020022541284561157,666,1751227260737
multi-similarity loss,batch_train_loss,0.01524424459785223,667,1751227261805
multi-similarity loss,batch_train_loss,0.02668898180127144,668,1751227262329
multi-similarity loss,batch_train_loss,0.017868010327219963,669,1751227262823
multi-similarity loss,batch_train_loss,0.024310974404215813,670,1751227263325
multi-similarity loss,batch_train_loss,0.018635623157024384,671,1751227263826
multi-similarity loss,batch_train_loss,0.029394522309303284,672,1751227264330
multi-similarity loss,batch_train_loss,0.029880113899707794,673,1751227264832
multi-similarity loss,batch_train_loss,0.025688951835036278,674,1751227265334
multi-similarity loss,batch_train_loss,0.02300369180738926,675,1751227265832
multi-similarity loss,batch_train_loss,0.026293523609638214,676,1751227266330
multi-similarity loss,batch_train_loss,0.017145078629255295,677,1751227266826
multi-similarity loss,batch_train_loss,0.01989644020795822,678,1751227267331
multi-similarity loss,batch_train_loss,0.022044263780117035,679,1751227267834
multi-similarity loss,batch_train_loss,0.02204853668808937,680,1751227268333
multi-similarity loss,batch_train_loss,0.023844217881560326,681,1751227268794
multi-similarity loss,batch_train_loss,0.02600523829460144,682,1751227272395
multi-similarity loss,batch_train_loss,0.02391178347170353,683,1751227272907
multi-similarity loss,batch_train_loss,0.025189023464918137,684,1751227273407
multi-similarity loss,batch_train_loss,0.021920323371887207,685,1751227273912
multi-similarity loss,batch_train_loss,0.0228562094271183,686,1751227274629
multi-similarity loss,batch_train_loss,0.025324683636426926,687,1751227276288
multi-similarity loss,batch_train_loss,0.021346770226955414,688,1751227277240
multi-similarity loss,batch_train_loss,0.021235501393675804,689,1751227277749
multi-similarity loss,batch_train_loss,0.02153071016073227,690,1751227278254
multi-similarity loss,batch_train_loss,0.026169421151280403,691,1751227278755
multi-similarity loss,batch_train_loss,0.020829884335398674,692,1751227279257
multi-similarity loss,batch_train_loss,0.023195946589112282,693,1751227279762
multi-similarity loss,batch_train_loss,0.020333508029580116,694,1751227280262
multi-similarity loss,batch_train_loss,0.015466560609638691,695,1751227280757
multi-similarity loss,batch_train_loss,0.01689170114696026,696,1751227281259
multi-similarity loss,batch_train_loss,0.027275878936052322,697,1751227281757
multi-similarity loss,batch_train_loss,0.03148631006479263,698,1751227282261
multi-similarity loss,batch_train_loss,0.027083061635494232,699,1751227282759
multi-similarity loss,batch_train_loss,0.020901577547192574,700,1751227283263
multi-similarity loss,batch_train_loss,0.01700892113149166,701,1751227283762
multi-similarity loss,batch_train_loss,0.02591729909181595,702,1751227284262
multi-similarity loss,batch_train_loss,0.021496225148439407,703,1751227284719
multi-similarity loss,batch_train_loss,0.01911918632686138,704,1751227288356
multi-similarity loss,batch_train_loss,0.025793354958295822,705,1751227288863
multi-similarity loss,batch_train_loss,0.021411389112472534,706,1751227289575
multi-similarity loss,batch_train_loss,0.020280078053474426,707,1751227291290
multi-similarity loss,batch_train_loss,0.024110132828354836,708,1751227292217
multi-similarity loss,batch_train_loss,0.016136493533849716,709,1751227292741
multi-similarity loss,batch_train_loss,0.017518842592835426,710,1751227293248
multi-similarity loss,batch_train_loss,0.022740377113223076,711,1751227293758
multi-similarity loss,batch_train_loss,0.022666696459054947,712,1751227294264
multi-similarity loss,batch_train_loss,0.02900029346346855,713,1751227294777
multi-similarity loss,batch_train_loss,0.0189276821911335,714,1751227295288
multi-similarity loss,batch_train_loss,0.016970133408904076,715,1751227295787
multi-similarity loss,batch_train_loss,0.03239727020263672,716,1751227296292
multi-similarity loss,batch_train_loss,0.01979006826877594,717,1751227296797
multi-similarity loss,batch_train_loss,0.018375901505351067,718,1751227297299
multi-similarity loss,batch_train_loss,0.021040022373199463,719,1751227297800
multi-similarity loss,batch_train_loss,0.012098516337573528,720,1751227298304
multi-similarity loss,batch_train_loss,0.02064984291791916,721,1751227298805
multi-similarity loss,batch_train_loss,0.024255160242319107,722,1751227299308
multi-similarity loss,batch_train_loss,0.022151898592710495,723,1751227299808
multi-similarity loss,batch_train_loss,0.025402426719665527,724,1751227300314
multi-similarity loss,batch_train_loss,0.020398225635290146,725,1751227300774
multi-similarity loss,batch_train_loss,0.018175987526774406,726,1751227304490
multi-similarity loss,batch_train_loss,0.01963477022945881,727,1751227306175
multi-similarity loss,batch_train_loss,0.023219335824251175,728,1751227307135
multi-similarity loss,batch_train_loss,0.0150471031665802,729,1751227307654
multi-similarity loss,batch_train_loss,0.021052833646535873,730,1751227308155
multi-similarity loss,batch_train_loss,0.024747833609580994,731,1751227308653
multi-similarity loss,batch_train_loss,0.021086320281028748,732,1751227309158
multi-similarity loss,batch_train_loss,0.014530942775309086,733,1751227309655
multi-similarity loss,batch_train_loss,0.018328621983528137,734,1751227310155
multi-similarity loss,batch_train_loss,0.02169647440314293,735,1751227310650
multi-similarity loss,batch_train_loss,0.019060220569372177,736,1751227311149
multi-similarity loss,batch_train_loss,0.02118905633687973,737,1751227311643
multi-similarity loss,batch_train_loss,0.015221992507576942,738,1751227312143
multi-similarity loss,batch_train_loss,0.019694101065397263,739,1751227312641
multi-similarity loss,batch_train_loss,0.021640148013830185,740,1751227313140
multi-similarity loss,batch_train_loss,0.019461410120129585,741,1751227313649
multi-similarity loss,batch_train_loss,0.016741223633289337,742,1751227314147
multi-similarity loss,batch_train_loss,0.017342569306492805,743,1751227314645
multi-similarity loss,batch_train_loss,0.021442940458655357,744,1751227315146
multi-similarity loss,batch_train_loss,0.016028642654418945,745,1751227315642
multi-similarity loss,batch_train_loss,0.020891357213258743,746,1751227316143
multi-similarity loss,batch_train_loss,0.013702038675546646,747,1751227316603
multi-similarity loss,batch_train_loss,0.018055561929941177,748,1751227322642
multi-similarity loss,batch_train_loss,0.011997678317129612,749,1751227323375
multi-similarity loss,batch_train_loss,0.013350306078791618,750,1751227323904
multi-similarity loss,batch_train_loss,0.019400233402848244,751,1751227324402
multi-similarity loss,batch_train_loss,0.020588912069797516,752,1751227324904
multi-similarity loss,batch_train_loss,0.025054151192307472,753,1751227325401
multi-similarity loss,batch_train_loss,0.021127287298440933,754,1751227325906
multi-similarity loss,batch_train_loss,0.02296302281320095,755,1751227326404
multi-similarity loss,batch_train_loss,0.024366948753595352,756,1751227326906
multi-similarity loss,batch_train_loss,0.013128536753356457,757,1751227327405
multi-similarity loss,batch_train_loss,0.020503684878349304,758,1751227327910
multi-similarity loss,batch_train_loss,0.0203610397875309,759,1751227328410
multi-similarity loss,batch_train_loss,0.016191840171813965,760,1751227328909
multi-similarity loss,batch_train_loss,0.015990115702152252,761,1751227329409
multi-similarity loss,batch_train_loss,0.017970634624361992,762,1751227329910
multi-similarity loss,batch_train_loss,0.013081773184239864,763,1751227330405
multi-similarity loss,batch_train_loss,0.012981262058019638,764,1751227330915
multi-similarity loss,batch_train_loss,0.015592614188790321,765,1751227331415
multi-similarity loss,batch_train_loss,0.017309609800577164,766,1751227331917
multi-similarity loss,batch_train_loss,0.017208512872457504,767,1751227332415
multi-similarity loss,batch_train_loss,0.019862424582242966,768,1751227332921
multi-similarity loss,batch_train_loss,0.014771214686334133,769,1751227333378
multi-similarity loss,batch_train_loss,0.026811853051185608,770,1751227339108
multi-similarity loss,batch_train_loss,0.01498874370008707,771,1751227339609
multi-similarity loss,batch_train_loss,0.01202751137316227,772,1751227340110
multi-similarity loss,batch_train_loss,0.021558836102485657,773,1751227340604
multi-similarity loss,batch_train_loss,0.014534255489706993,774,1751227341104
multi-similarity loss,batch_train_loss,0.02462703362107277,775,1751227341607
multi-similarity loss,batch_train_loss,0.015513804741203785,776,1751227342104
multi-similarity loss,batch_train_loss,0.014664812944829464,777,1751227342600
multi-similarity loss,batch_train_loss,0.018854789435863495,778,1751227343096
multi-similarity loss,batch_train_loss,0.014450106769800186,779,1751227343596
multi-similarity loss,batch_train_loss,0.015262819826602936,780,1751227344100
multi-similarity loss,batch_train_loss,0.012255020439624786,781,1751227344595
multi-similarity loss,batch_train_loss,0.014377005398273468,782,1751227345094
multi-similarity loss,batch_train_loss,0.015198229812085629,783,1751227345589
multi-similarity loss,batch_train_loss,0.014423392713069916,784,1751227346087
multi-similarity loss,batch_train_loss,0.014688404276967049,785,1751227346584
multi-similarity loss,batch_train_loss,0.016242654994130135,786,1751227347086
multi-similarity loss,batch_train_loss,0.009803633205592632,787,1751227347583
multi-similarity loss,batch_train_loss,0.013798844069242477,788,1751227348081
multi-similarity loss,batch_train_loss,0.013459195382893085,789,1751227348577
multi-similarity loss,batch_train_loss,0.014938198029994965,790,1751227349089
multi-similarity loss,batch_train_loss,0.01531014684587717,791,1751227349709
multi-similarity loss,batch_train_loss,0.015628453344106674,792,1751227355893
multi-similarity loss,batch_train_loss,0.016815895214676857,793,1751227356404
multi-similarity loss,batch_train_loss,0.013861032202839851,794,1751227356903
multi-similarity loss,batch_train_loss,0.019992314279079437,795,1751227357402
multi-similarity loss,batch_train_loss,0.014680993743240833,796,1751227357904
multi-similarity loss,batch_train_loss,0.01636386662721634,797,1751227358412
multi-similarity loss,batch_train_loss,0.009981065057218075,798,1751227358906
multi-similarity loss,batch_train_loss,0.01587919518351555,799,1751227359406
multi-similarity loss,batch_train_loss,0.01639806106686592,800,1751227359913
multi-similarity loss,batch_train_loss,0.013136160559952259,801,1751227360408
multi-similarity loss,batch_train_loss,0.01888762041926384,802,1751227360910
multi-similarity loss,batch_train_loss,0.011257870122790337,803,1751227361406
multi-similarity loss,batch_train_loss,0.015713315457105637,804,1751227361906
multi-similarity loss,batch_train_loss,0.01707151159644127,805,1751227362405
multi-similarity loss,batch_train_loss,0.011219589971005917,806,1751227362907
multi-similarity loss,batch_train_loss,0.01807485520839691,807,1751227363404
multi-similarity loss,batch_train_loss,0.015295998193323612,808,1751227363901
multi-similarity loss,batch_train_loss,0.019094953313469887,809,1751227364416
multi-similarity loss,batch_train_loss,0.010651519522070885,810,1751227366315
multi-similarity loss,batch_train_loss,0.012254267930984497,811,1751227367512
multi-similarity loss,batch_train_loss,0.018043335527181625,812,1751227368082
multi-similarity loss,batch_train_loss,0.012853042222559452,813,1751227368554
multi-similarity loss,batch_train_loss,0.013858139514923096,814,1751227372186
multi-similarity loss,batch_train_loss,0.016493838280439377,815,1751227372685
multi-similarity loss,batch_train_loss,0.022508038207888603,816,1751227373181
multi-similarity loss,batch_train_loss,0.017877748236060143,817,1751227373674
multi-similarity loss,batch_train_loss,0.010905984789133072,818,1751227374170
multi-similarity loss,batch_train_loss,0.009066496975719929,819,1751227374665
multi-similarity loss,batch_train_loss,0.011998816393315792,820,1751227375165
multi-similarity loss,batch_train_loss,0.02260584384202957,821,1751227375665
multi-similarity loss,batch_train_loss,0.01385878399014473,822,1751227376190
multi-similarity loss,batch_train_loss,0.015285368077456951,823,1751227376713
multi-similarity loss,batch_train_loss,0.017223553732037544,824,1751227377256
multi-similarity loss,batch_train_loss,0.017932971939444542,825,1751227377780
multi-similarity loss,batch_train_loss,0.012289391830563545,826,1751227378281
multi-similarity loss,batch_train_loss,0.015337977558374405,827,1751227378780
multi-similarity loss,batch_train_loss,0.01780971884727478,828,1751227379300
multi-similarity loss,batch_train_loss,0.016877641901373863,829,1751227380152
multi-similarity loss,batch_train_loss,0.02149091102182865,830,1751227382865
multi-similarity loss,batch_train_loss,0.010882438160479069,831,1751227383429
multi-similarity loss,batch_train_loss,0.011827265843749046,832,1751227383942
multi-similarity loss,batch_train_loss,0.017487499862909317,833,1751227384481
multi-similarity loss,batch_train_loss,0.01174715906381607,834,1751227385008
multi-similarity loss,batch_train_loss,0.016257796436548233,835,1751227385475
multi-similarity loss,batch_train_loss,0.01232767105102539,836,1751227389257
multi-similarity loss,batch_train_loss,0.011359857395291328,837,1751227389764
multi-similarity loss,batch_train_loss,0.01186876930296421,838,1751227390261
multi-similarity loss,batch_train_loss,0.01882084645330906,839,1751227390765
multi-similarity loss,batch_train_loss,0.01500312052667141,840,1751227391266
multi-similarity loss,batch_train_loss,0.011499489657580853,841,1751227391764
multi-similarity loss,batch_train_loss,0.014324864372611046,842,1751227392264
multi-similarity loss,batch_train_loss,0.010600019246339798,843,1751227392765
multi-similarity loss,batch_train_loss,0.008882024325430393,844,1751227393264
multi-similarity loss,batch_train_loss,0.015099242329597473,845,1751227393767
multi-similarity loss,batch_train_loss,0.010274071246385574,846,1751227394282
multi-similarity loss,batch_train_loss,0.019015993922948837,847,1751227395083
multi-similarity loss,batch_train_loss,0.011688921600580215,848,1751227396996
multi-similarity loss,batch_train_loss,0.014209228567779064,849,1751227397782
multi-similarity loss,batch_train_loss,0.012446360662579536,850,1751227398290
multi-similarity loss,batch_train_loss,0.012597601860761642,851,1751227398839
multi-similarity loss,batch_train_loss,0.0097866365686059,852,1751227399340
multi-similarity loss,batch_train_loss,0.013701156713068485,853,1751227399840
multi-similarity loss,batch_train_loss,0.011832473799586296,854,1751227400342
multi-similarity loss,batch_train_loss,0.016175314784049988,855,1751227400841
multi-similarity loss,batch_train_loss,0.017937183380126953,856,1751227401346
multi-similarity loss,batch_train_loss,0.01144829299300909,857,1751227401808
multi-similarity loss,batch_train_loss,0.016375016421079636,858,1751227405454
multi-similarity loss,batch_train_loss,0.013746049255132675,859,1751227405960
multi-similarity loss,batch_train_loss,0.01536303386092186,860,1751227406461
multi-similarity loss,batch_train_loss,0.011186977848410606,861,1751227406962
multi-similarity loss,batch_train_loss,0.015923675149679184,862,1751227407467
multi-similarity loss,batch_train_loss,0.009416166692972183,863,1751227407970
multi-similarity loss,batch_train_loss,0.013625454157590866,864,1751227408477
multi-similarity loss,batch_train_loss,0.013267740607261658,865,1751227408973
multi-similarity loss,batch_train_loss,0.013796962797641754,866,1751227409558
multi-similarity loss,batch_train_loss,0.0157671719789505,867,1751227410941
multi-similarity loss,batch_train_loss,0.010262218303978443,868,1751227412484
multi-similarity loss,batch_train_loss,0.013772964477539062,869,1751227413004
multi-similarity loss,batch_train_loss,0.014683029614388943,870,1751227413517
multi-similarity loss,batch_train_loss,0.015045316889882088,871,1751227414027
multi-similarity loss,batch_train_loss,0.00810372456908226,872,1751227414533
multi-similarity loss,batch_train_loss,0.014915850944817066,873,1751227415035
multi-similarity loss,batch_train_loss,0.01495559886097908,874,1751227415546
multi-similarity loss,batch_train_loss,0.008445978164672852,875,1751227416052
multi-similarity loss,batch_train_loss,0.017825309187173843,876,1751227416563
multi-similarity loss,batch_train_loss,0.01665138453245163,877,1751227417062
multi-similarity loss,batch_train_loss,0.015224019065499306,878,1751227417566
multi-similarity loss,batch_train_loss,0.008727114647626877,879,1751227418027
multi-similarity loss,batch_train_loss,0.011434941552579403,880,1751227421649
multi-similarity loss,batch_train_loss,0.008307177573442459,881,1751227422158
multi-similarity loss,batch_train_loss,0.014386736787855625,882,1751227422662
multi-similarity loss,batch_train_loss,0.025393351912498474,883,1751227423163
multi-similarity loss,batch_train_loss,0.011888708919286728,884,1751227423666
multi-similarity loss,batch_train_loss,0.016762763261795044,885,1751227424164
multi-similarity loss,batch_train_loss,0.014904595911502838,886,1751227424804
multi-similarity loss,batch_train_loss,0.011988066136837006,887,1751227426169
multi-similarity loss,batch_train_loss,0.013507574796676636,888,1751227427197
multi-similarity loss,batch_train_loss,0.009038258343935013,889,1751227427758
multi-similarity loss,batch_train_loss,0.013031937181949615,890,1751227428282
multi-similarity loss,batch_train_loss,0.015949103981256485,891,1751227428796
multi-similarity loss,batch_train_loss,0.010420123115181923,892,1751227429320
multi-similarity loss,batch_train_loss,0.009650344029068947,893,1751227429841
multi-similarity loss,batch_train_loss,0.01293361745774746,894,1751227430407
multi-similarity loss,batch_train_loss,0.012574911117553711,895,1751227430947
multi-similarity loss,batch_train_loss,0.013276414945721626,896,1751227431510
multi-similarity loss,batch_train_loss,0.010031532496213913,897,1751227432127
multi-similarity loss,batch_train_loss,0.01039859652519226,898,1751227432642
multi-similarity loss,batch_train_loss,0.010900488123297691,899,1751227433342
multi-similarity loss,batch_train_loss,0.016220562160015106,900,1751227433876
multi-similarity loss,batch_train_loss,0.008435078896582127,901,1751227434392
multi-similarity loss,batch_train_loss,0.013083603233098984,902,1751227438253
multi-similarity loss,batch_train_loss,0.01571778953075409,903,1751227438759
multi-similarity loss,batch_train_loss,0.014165693894028664,904,1751227439314
multi-similarity loss,batch_train_loss,0.009580908343195915,905,1751227440342
multi-similarity loss,batch_train_loss,0.009835119359195232,906,1751227442814
multi-similarity loss,batch_train_loss,0.0171793382614851,907,1751227443379
multi-similarity loss,batch_train_loss,0.010532045736908913,908,1751227443885
multi-similarity loss,batch_train_loss,0.006714118644595146,909,1751227444391
multi-similarity loss,batch_train_loss,0.007669341750442982,910,1751227444895
multi-similarity loss,batch_train_loss,0.013631930574774742,911,1751227445400
multi-similarity loss,batch_train_loss,0.011241830885410309,912,1751227445903
multi-similarity loss,batch_train_loss,0.014526961371302605,913,1751227446405
multi-similarity loss,batch_train_loss,0.014603504911065102,914,1751227446912
multi-similarity loss,batch_train_loss,0.013662803918123245,915,1751227447412
multi-similarity loss,batch_train_loss,0.013032762333750725,916,1751227447919
multi-similarity loss,batch_train_loss,0.014169177040457726,917,1751227448514
multi-similarity loss,batch_train_loss,0.019100412726402283,918,1751227449023
multi-similarity loss,batch_train_loss,0.018999610096216202,919,1751227449528
multi-similarity loss,batch_train_loss,0.013689853250980377,920,1751227450034
multi-similarity loss,batch_train_loss,0.008954609744250774,921,1751227450537
multi-similarity loss,batch_train_loss,0.009084400720894337,922,1751227451047
multi-similarity loss,batch_train_loss,0.01358859520405531,923,1751227451511
multi-similarity loss,batch_train_loss,0.015973493456840515,924,1751227455383
multi-similarity loss,batch_train_loss,0.008754922077059746,925,1751227456443
multi-similarity loss,batch_train_loss,0.012444359250366688,926,1751227457638
multi-similarity loss,batch_train_loss,0.011934430338442326,927,1751227458166
multi-similarity loss,batch_train_loss,0.012745519168674946,928,1751227458681
multi-similarity loss,batch_train_loss,0.013258764520287514,929,1751227459180
multi-similarity loss,batch_train_loss,0.0121074840426445,930,1751227459687
multi-similarity loss,batch_train_loss,0.016774725168943405,931,1751227460190
multi-similarity loss,batch_train_loss,0.008893899619579315,932,1751227460695
multi-similarity loss,batch_train_loss,0.01218609232455492,933,1751227461211
multi-similarity loss,batch_train_loss,0.01497824490070343,934,1751227461752
multi-similarity loss,batch_train_loss,0.011586325243115425,935,1751227462254
multi-similarity loss,batch_train_loss,0.012673735618591309,936,1751227462763
multi-similarity loss,batch_train_loss,0.011557821184396744,937,1751227463263
multi-similarity loss,batch_train_loss,0.011943397112190723,938,1751227463772
multi-similarity loss,batch_train_loss,0.011476559564471245,939,1751227464308
multi-similarity loss,batch_train_loss,0.0070941261947155,940,1751227464819
multi-similarity loss,batch_train_loss,0.007699746638536453,941,1751227465322
multi-similarity loss,batch_train_loss,0.016402119770646095,942,1751227465827
multi-similarity loss,batch_train_loss,0.01392333209514618,943,1751227466333
multi-similarity loss,batch_train_loss,0.011515866965055466,944,1751227466839
multi-similarity loss,batch_train_loss,0.007613927125930786,945,1751227467302
multi-similarity loss,batch_train_loss,0.010488023050129414,946,1751227473429
multi-similarity loss,batch_train_loss,0.010718020610511303,947,1751227474026
multi-similarity loss,batch_train_loss,0.00995112769305706,948,1751227474585
multi-similarity loss,batch_train_loss,0.00819744449108839,949,1751227475135
multi-similarity loss,batch_train_loss,0.016210202127695084,950,1751227475652
multi-similarity loss,batch_train_loss,0.017721371725201607,951,1751227476177
multi-similarity loss,batch_train_loss,0.008123470470309258,952,1751227476694
multi-similarity loss,batch_train_loss,0.012716196477413177,953,1751227477195
multi-similarity loss,batch_train_loss,0.012084197252988815,954,1751227477710
multi-similarity loss,batch_train_loss,0.010224459692835808,955,1751227478219
multi-similarity loss,batch_train_loss,0.0072601791471242905,956,1751227478756
multi-similarity loss,batch_train_loss,0.008645695634186268,957,1751227479276
multi-similarity loss,batch_train_loss,0.007773036602884531,958,1751227479777
multi-similarity loss,batch_train_loss,0.008615871891379356,959,1751227480279
multi-similarity loss,batch_train_loss,0.00904054194688797,960,1751227480815
multi-similarity loss,batch_train_loss,0.012182768434286118,961,1751227481312
multi-similarity loss,batch_train_loss,0.013422427698969841,962,1751227481815
multi-similarity loss,batch_train_loss,0.014608168974518776,963,1751227482320
multi-similarity loss,batch_train_loss,0.010944942943751812,964,1751227482820
multi-similarity loss,batch_train_loss,0.00809012446552515,965,1751227483319
multi-similarity loss,batch_train_loss,0.006890825927257538,966,1751227483824
multi-similarity loss,batch_train_loss,0.00983857549726963,967,1751227484285
multi-similarity loss,batch_train_loss,0.008886503987014294,968,1751227489717
multi-similarity loss,batch_train_loss,0.009298264980316162,969,1751227490230
multi-similarity loss,batch_train_loss,0.008810732513666153,970,1751227490732
multi-similarity loss,batch_train_loss,0.013417399488389492,971,1751227491234
multi-similarity loss,batch_train_loss,0.01407256443053484,972,1751227491739
multi-similarity loss,batch_train_loss,0.012912001460790634,973,1751227492244
multi-similarity loss,batch_train_loss,0.011678359471261501,974,1751227492751
multi-similarity loss,batch_train_loss,0.008452869951725006,975,1751227493251
multi-similarity loss,batch_train_loss,0.013628995977342129,976,1751227493754
multi-similarity loss,batch_train_loss,0.011776963248848915,977,1751227494260
multi-similarity loss,batch_train_loss,0.008114133961498737,978,1751227494791
multi-similarity loss,batch_train_loss,0.008062472566962242,979,1751227495291
multi-similarity loss,batch_train_loss,0.01165054365992546,980,1751227495796
multi-similarity loss,batch_train_loss,0.010749967768788338,981,1751227496299
multi-similarity loss,batch_train_loss,0.006487918086349964,982,1751227496800
multi-similarity loss,batch_train_loss,0.009320060722529888,983,1751227497300
multi-similarity loss,batch_train_loss,0.01193028874695301,984,1751227497799
multi-similarity loss,batch_train_loss,0.011001329869031906,985,1751227498299
multi-similarity loss,batch_train_loss,0.010434279218316078,986,1751227498802
multi-similarity loss,batch_train_loss,0.010060172528028488,987,1751227499300
multi-similarity loss,batch_train_loss,0.011058911681175232,988,1751227499828
multi-similarity loss,batch_train_loss,0.012204298749566078,989,1751227501497
multi-similarity loss,batch_train_loss,0.007912426255643368,990,1751227505813
multi-similarity loss,batch_train_loss,0.011088322848081589,991,1751227506324
multi-similarity loss,batch_train_loss,0.00997881218791008,992,1751227506829
multi-similarity loss,batch_train_loss,0.008993575349450111,993,1751227507330
multi-similarity loss,batch_train_loss,0.009760769084095955,994,1751227507835
multi-similarity loss,batch_train_loss,0.011030013673007488,995,1751227508334
multi-similarity loss,batch_train_loss,0.007859604433178902,996,1751227508838
multi-similarity loss,batch_train_loss,0.010958947241306305,997,1751227509340
multi-similarity loss,batch_train_loss,0.009682228788733482,998,1751227509846
multi-similarity loss,batch_train_loss,0.01392478309571743,999,1751227510344
multi-similarity loss,batch_train_loss,0.011212300509214401,1000,1751227510848
multi-similarity loss,batch_train_loss,0.012541601434350014,1001,1751227511348
multi-similarity loss,batch_train_loss,0.011763615533709526,1002,1751227511851
multi-similarity loss,batch_train_loss,0.009537658654153347,1003,1751227512351
multi-similarity loss,batch_train_loss,0.01007064338773489,1004,1751227512855
multi-similarity loss,batch_train_loss,0.010334045626223087,1005,1751227513358
multi-similarity loss,batch_train_loss,0.009290354326367378,1006,1751227513871
multi-similarity loss,batch_train_loss,0.014583166688680649,1007,1751227514372
multi-similarity loss,batch_train_loss,0.010493390262126923,1008,1751227514920
multi-similarity loss,batch_train_loss,0.009283476509153843,1009,1751227517100
multi-similarity loss,batch_train_loss,0.011293511837720871,1010,1751227517757
multi-similarity loss,batch_train_loss,0.009492463432252407,1011,1751227518227
multi-similarity loss,batch_train_loss,0.007825414650142193,1012,1751227521910
multi-similarity loss,batch_train_loss,0.006577208638191223,1013,1751227522415
multi-similarity loss,batch_train_loss,0.006148207001388073,1014,1751227522917
multi-similarity loss,batch_train_loss,0.006626737304031849,1015,1751227523412
multi-similarity loss,batch_train_loss,0.007862336933612823,1016,1751227523913
multi-similarity loss,batch_train_loss,0.0069807651452720165,1017,1751227524415
multi-similarity loss,batch_train_loss,0.007596432697027922,1018,1751227524918
multi-similarity loss,batch_train_loss,0.01253943145275116,1019,1751227525417
multi-similarity loss,batch_train_loss,0.010409077629446983,1020,1751227525921
multi-similarity loss,batch_train_loss,0.0074422527104616165,1021,1751227526420
multi-similarity loss,batch_train_loss,0.007776470854878426,1022,1751227526919
multi-similarity loss,batch_train_loss,0.007634297478944063,1023,1751227527414
multi-similarity loss,batch_train_loss,0.010909700766205788,1024,1751227527919
multi-similarity loss,batch_train_loss,0.006223306991159916,1025,1751227528417
multi-similarity loss,batch_train_loss,0.007121964357793331,1026,1751227528920
multi-similarity loss,batch_train_loss,0.009289312176406384,1027,1751227529425
multi-similarity loss,batch_train_loss,0.0070715127512812614,1028,1751227530095
multi-similarity loss,batch_train_loss,0.00793449766933918,1029,1751227532124
multi-similarity loss,batch_train_loss,0.0033402475528419018,1030,1751227532739
multi-similarity loss,batch_train_loss,0.007521352730691433,1031,1751227533248
multi-similarity loss,batch_train_loss,0.007371482905000448,1032,1751227533751
multi-similarity loss,batch_train_loss,0.007564143743366003,1033,1751227534213
multi-similarity loss,batch_train_loss,0.008202772587537766,1034,1751227537892
multi-similarity loss,batch_train_loss,0.009293417446315289,1035,1751227538398
multi-similarity loss,batch_train_loss,0.004689226392656565,1036,1751227538901
multi-similarity loss,batch_train_loss,0.010502837598323822,1037,1751227539403
multi-similarity loss,batch_train_loss,0.010178188793361187,1038,1751227539902
multi-similarity loss,batch_train_loss,0.008491536602377892,1039,1751227540406
multi-similarity loss,batch_train_loss,0.011022482998669147,1040,1751227540909
multi-similarity loss,batch_train_loss,0.005584568250924349,1041,1751227541409
multi-similarity loss,batch_train_loss,0.010906284675002098,1042,1751227541910
multi-similarity loss,batch_train_loss,0.00995955616235733,1043,1751227542410
multi-similarity loss,batch_train_loss,0.005395387765020132,1044,1751227542914
multi-similarity loss,batch_train_loss,0.009160943329334259,1045,1751227543412
multi-similarity loss,batch_train_loss,0.007167765870690346,1046,1751227543914
multi-similarity loss,batch_train_loss,0.01001529861241579,1047,1751227544411
multi-similarity loss,batch_train_loss,0.014727368019521236,1048,1751227544942
multi-similarity loss,batch_train_loss,0.0056981658563017845,1049,1751227545801
multi-similarity loss,batch_train_loss,0.008186673745512962,1050,1751227547451
multi-similarity loss,batch_train_loss,0.008729154244065285,1051,1751227548029
multi-similarity loss,batch_train_loss,0.011298021301627159,1052,1751227548541
multi-similarity loss,batch_train_loss,0.009555046446621418,1053,1751227549036
multi-similarity loss,batch_train_loss,0.005534488707780838,1054,1751227549540
multi-similarity loss,batch_train_loss,0.006876030936837196,1055,1751227550001
multi-similarity loss,batch_train_loss,0.005788456182926893,1056,1751227553642
multi-similarity loss,batch_train_loss,0.0028167059645056725,1057,1751227554147
multi-similarity loss,batch_train_loss,0.013326629996299744,1058,1751227554654
multi-similarity loss,batch_train_loss,0.01017529983073473,1059,1751227555162
multi-similarity loss,batch_train_loss,0.008306344971060753,1060,1751227555668
multi-similarity loss,batch_train_loss,0.012152250856161118,1061,1751227556171
multi-similarity loss,batch_train_loss,0.0067385779693722725,1062,1751227556675
multi-similarity loss,batch_train_loss,0.010878052562475204,1063,1751227557196
multi-similarity loss,batch_train_loss,0.010975009761750698,1064,1751227557699
multi-similarity loss,batch_train_loss,0.005271085537970066,1065,1751227558200
multi-similarity loss,batch_train_loss,0.010104382410645485,1066,1751227558701
multi-similarity loss,batch_train_loss,0.004858185537159443,1067,1751227559197
multi-similarity loss,batch_train_loss,0.007734588347375393,1068,1751227559722
multi-similarity loss,batch_train_loss,0.011627620086073875,1069,1751227560863
multi-similarity loss,batch_train_loss,0.005591726861894131,1070,1751227562616
multi-similarity loss,batch_train_loss,0.007386980578303337,1071,1751227563146
multi-similarity loss,batch_train_loss,0.00829975213855505,1072,1751227563654
multi-similarity loss,batch_train_loss,0.009428979828953743,1073,1751227564155
multi-similarity loss,batch_train_loss,0.004706209991127253,1074,1751227564663
multi-similarity loss,batch_train_loss,0.007202313281595707,1075,1751227565168
multi-similarity loss,batch_train_loss,0.006263752467930317,1076,1751227565671
multi-similarity loss,batch_train_loss,0.008266719058156013,1077,1751227566186
multi-similarity loss,batch_train_loss,0.00890233926475048,1078,1751227569913
multi-similarity loss,batch_train_loss,0.009846951812505722,1079,1751227570436
multi-similarity loss,batch_train_loss,0.010144839063286781,1080,1751227570956
multi-similarity loss,batch_train_loss,0.008530222810804844,1081,1751227571462
multi-similarity loss,batch_train_loss,0.00947735458612442,1082,1751227571970
multi-similarity loss,batch_train_loss,0.007123458664864302,1083,1751227572476
multi-similarity loss,batch_train_loss,0.0030788383446633816,1084,1751227573004
multi-similarity loss,batch_train_loss,0.007108941208571196,1085,1751227573517
multi-similarity loss,batch_train_loss,0.006906670518219471,1086,1751227574037
multi-similarity loss,batch_train_loss,0.007903562858700752,1087,1751227574539
multi-similarity loss,batch_train_loss,0.00804865825921297,1088,1751227575337
multi-similarity loss,batch_train_loss,0.009446181356906891,1089,1751227577213
multi-similarity loss,batch_train_loss,0.0060074664652347565,1090,1751227577892
multi-similarity loss,batch_train_loss,0.009602616541087627,1091,1751227578398
multi-similarity loss,batch_train_loss,0.003947795368731022,1092,1751227578906
multi-similarity loss,batch_train_loss,0.008454596623778343,1093,1751227579420
multi-similarity loss,batch_train_loss,0.008916102349758148,1094,1751227579939
multi-similarity loss,batch_train_loss,0.010431768372654915,1095,1751227580448
multi-similarity loss,batch_train_loss,0.008743144571781158,1096,1751227580959
multi-similarity loss,batch_train_loss,0.0035039284266531467,1097,1751227581464
multi-similarity loss,batch_train_loss,0.010364862158894539,1098,1751227581967
multi-similarity loss,batch_train_loss,0.009072801098227501,1099,1751227582432
multi-similarity loss,batch_train_loss,0.005274229217320681,1100,1751227586166
multi-similarity loss,batch_train_loss,0.00549880089238286,1101,1751227586690
multi-similarity loss,batch_train_loss,0.006945217028260231,1102,1751227587242
multi-similarity loss,batch_train_loss,0.017635991796851158,1103,1751227587762
multi-similarity loss,batch_train_loss,0.0077438754960894585,1104,1751227588273
multi-similarity loss,batch_train_loss,0.009295720607042313,1105,1751227588776
multi-similarity loss,batch_train_loss,0.007637436967343092,1106,1751227589299
multi-similarity loss,batch_train_loss,0.007505605462938547,1107,1751227589823
multi-similarity loss,batch_train_loss,0.008230948820710182,1108,1751227590573
multi-similarity loss,batch_train_loss,0.00458548404276371,1109,1751227592537
multi-similarity loss,batch_train_loss,0.005988921970129013,1110,1751227593118
multi-similarity loss,batch_train_loss,0.0033499826677143574,1111,1751227593624
multi-similarity loss,batch_train_loss,0.0037008034996688366,1112,1751227594132
multi-similarity loss,batch_train_loss,0.005261765792965889,1113,1751227594632
multi-similarity loss,batch_train_loss,0.008999770507216454,1114,1751227595135
multi-similarity loss,batch_train_loss,0.005718317814171314,1115,1751227595632
multi-similarity loss,batch_train_loss,0.005742063745856285,1116,1751227596131
multi-similarity loss,batch_train_loss,0.008129604160785675,1117,1751227596632
multi-similarity loss,batch_train_loss,0.00682047801092267,1118,1751227597138
multi-similarity loss,batch_train_loss,0.007107620593160391,1119,1751227597637
multi-similarity loss,batch_train_loss,0.0036690728738904,1120,1751227598140
multi-similarity loss,batch_train_loss,0.0064742425456643105,1121,1751227598604
multi-similarity loss,batch_train_loss,0.009398255497217178,1122,1751227602253
multi-similarity loss,batch_train_loss,0.0067676967009902,1123,1751227602755
multi-similarity loss,batch_train_loss,0.007554603740572929,1124,1751227603260
multi-similarity loss,batch_train_loss,0.00328579219058156,1125,1751227603758
multi-similarity loss,batch_train_loss,0.006283493712544441,1126,1751227604258
multi-similarity loss,batch_train_loss,0.006479503121227026,1127,1751227604770
multi-similarity loss,batch_train_loss,0.00595971941947937,1128,1751227605377
multi-similarity loss,batch_train_loss,0.005675924941897392,1129,1751227607294
multi-similarity loss,batch_train_loss,0.0077660419046878815,1130,1751227607950
multi-similarity loss,batch_train_loss,0.0058611975982785225,1131,1751227608454
multi-similarity loss,batch_train_loss,0.005760053638368845,1132,1751227608956
multi-similarity loss,batch_train_loss,0.005098558962345123,1133,1751227609451
multi-similarity loss,batch_train_loss,0.008664256893098354,1134,1751227609955
multi-similarity loss,batch_train_loss,0.005057690665125847,1135,1751227610455
multi-similarity loss,batch_train_loss,0.003317431081086397,1136,1751227610954
multi-similarity loss,batch_train_loss,0.009187241084873676,1137,1751227611452
multi-similarity loss,batch_train_loss,0.006708869710564613,1138,1751227611954
multi-similarity loss,batch_train_loss,0.005180071108043194,1139,1751227612450
multi-similarity loss,batch_train_loss,0.007227455265820026,1140,1751227612974
multi-similarity loss,batch_train_loss,0.005286470986902714,1141,1751227613488
multi-similarity loss,batch_train_loss,0.006612927652895451,1142,1751227614017
multi-similarity loss,batch_train_loss,0.007877884432673454,1143,1751227614493
multi-similarity loss,batch_train_loss,0.005828271619975567,1144,1751227618287
multi-similarity loss,batch_train_loss,0.007435341365635395,1145,1751227618799
multi-similarity loss,batch_train_loss,0.008331749588251114,1146,1751227619305
multi-similarity loss,batch_train_loss,0.006361473351716995,1147,1751227619812
multi-similarity loss,batch_train_loss,0.00807296670973301,1148,1751227620540
multi-similarity loss,batch_train_loss,0.005312773864716291,1149,1751227625039
multi-similarity loss,batch_train_loss,0.009355399757623672,1150,1751227625556
multi-similarity loss,batch_train_loss,0.007027677726000547,1151,1751227626077
multi-similarity loss,batch_train_loss,0.0044092293828725815,1152,1751227626579
multi-similarity loss,batch_train_loss,0.00931260921061039,1153,1751227627096
multi-similarity loss,batch_train_loss,0.00225088675506413,1154,1751227627599
multi-similarity loss,batch_train_loss,0.006458672694861889,1155,1751227628100
multi-similarity loss,batch_train_loss,0.005058733746409416,1156,1751227628602
multi-similarity loss,batch_train_loss,0.004935758654028177,1157,1751227629099
multi-similarity loss,batch_train_loss,0.007249004207551479,1158,1751227629604
multi-similarity loss,batch_train_loss,0.006392774172127247,1159,1751227630108
multi-similarity loss,batch_train_loss,0.005879218224436045,1160,1751227630610
multi-similarity loss,batch_train_loss,0.005473829805850983,1161,1751227631106
multi-similarity loss,batch_train_loss,0.005617291666567326,1162,1751227631607
multi-similarity loss,batch_train_loss,0.009186604991555214,1163,1751227632108
multi-similarity loss,batch_train_loss,0.00548949558287859,1164,1751227632606
multi-similarity loss,batch_train_loss,0.003935039974749088,1165,1751227633076
multi-similarity loss,batch_train_loss,0.0047933850437402725,1166,1751227638388
multi-similarity loss,batch_train_loss,0.008428318426012993,1167,1751227638930
multi-similarity loss,batch_train_loss,0.006681876257061958,1168,1751227639460
multi-similarity loss,batch_train_loss,0.005367135629057884,1169,1751227639962
multi-similarity loss,batch_train_loss,0.00474253436550498,1170,1751227640466
multi-similarity loss,batch_train_loss,0.002670406363904476,1171,1751227640964
multi-similarity loss,batch_train_loss,0.0028568492271006107,1172,1751227641466
multi-similarity loss,batch_train_loss,0.006318545434623957,1173,1751227641964
multi-similarity loss,batch_train_loss,0.0095061045140028,1174,1751227642464
multi-similarity loss,batch_train_loss,0.011218547821044922,1175,1751227642964
multi-similarity loss,batch_train_loss,0.00430242158472538,1176,1751227643466
multi-similarity loss,batch_train_loss,0.005237833596765995,1177,1751227643965
multi-similarity loss,batch_train_loss,0.005720387678593397,1178,1751227644466
multi-similarity loss,batch_train_loss,0.0078221270814538,1179,1751227644968
multi-similarity loss,batch_train_loss,0.0056768679060041904,1180,1751227645470
multi-similarity loss,batch_train_loss,0.005388748832046986,1181,1751227645968
multi-similarity loss,batch_train_loss,0.010829750448465347,1182,1751227646468
multi-similarity loss,batch_train_loss,0.008898383006453514,1183,1751227646967
multi-similarity loss,batch_train_loss,0.009152036160230637,1184,1751227647469
multi-similarity loss,batch_train_loss,0.005878082942217588,1185,1751227647966
multi-similarity loss,batch_train_loss,0.00497177941724658,1186,1751227648470
multi-similarity loss,batch_train_loss,0.004173136781901121,1187,1751227648930
multi-similarity loss,batch_train_loss,0.004975263960659504,1188,1751227654877
multi-similarity loss,batch_train_loss,0.007908566854894161,1189,1751227655379
multi-similarity loss,batch_train_loss,0.004344945773482323,1190,1751227655878
multi-similarity loss,batch_train_loss,0.008759726770222187,1191,1751227656374
multi-similarity loss,batch_train_loss,0.006641688756644726,1192,1751227656871
multi-similarity loss,batch_train_loss,0.007870109751820564,1193,1751227657370
multi-similarity loss,batch_train_loss,0.012552119791507721,1194,1751227657874
multi-similarity loss,batch_train_loss,0.005642932374030352,1195,1751227658368
multi-similarity loss,batch_train_loss,0.007941821590065956,1196,1751227658872
multi-similarity loss,batch_train_loss,0.010739968158304691,1197,1751227659369
multi-similarity loss,batch_train_loss,0.010274545289576054,1198,1751227659874
multi-similarity loss,batch_train_loss,0.00791928544640541,1199,1751227660367
multi-similarity loss,batch_train_loss,0.004677911289036274,1200,1751227660868
multi-similarity loss,batch_train_loss,0.008239375427365303,1201,1751227661367
multi-similarity loss,batch_train_loss,0.002582221757620573,1202,1751227661869
multi-similarity loss,batch_train_loss,0.0061155641451478004,1203,1751227662367
multi-similarity loss,batch_train_loss,0.006259451620280743,1204,1751227662916
multi-similarity loss,batch_train_loss,0.008023636415600777,1205,1751227663417
multi-similarity loss,batch_train_loss,0.008952752687036991,1206,1751227663925
multi-similarity loss,batch_train_loss,0.006886924616992474,1207,1751227664424
multi-similarity loss,batch_train_loss,0.007686331868171692,1208,1751227664939
multi-similarity loss,batch_train_loss,0.003185827750712633,1209,1751227665550
multi-similarity loss,batch_train_loss,0.0048710256814956665,1210,1751227671049
multi-similarity loss,batch_train_loss,0.005457878112792969,1211,1751227671550
multi-similarity loss,batch_train_loss,0.005352171137928963,1212,1751227672047
multi-similarity loss,batch_train_loss,0.006798834539949894,1213,1751227672547
multi-similarity loss,batch_train_loss,0.007201374974101782,1214,1751227673045
multi-similarity loss,batch_train_loss,0.006708434317260981,1215,1751227673540
multi-similarity loss,batch_train_loss,0.006461807992309332,1216,1751227674045
multi-similarity loss,batch_train_loss,0.004669508431106806,1217,1751227674542
multi-similarity loss,batch_train_loss,0.00602089986205101,1218,1751227675044
multi-similarity loss,batch_train_loss,0.0080389603972435,1219,1751227675543
multi-similarity loss,batch_train_loss,0.0036687918473035097,1220,1751227676044
multi-similarity loss,batch_train_loss,0.007418832741677761,1221,1751227676546
multi-similarity loss,batch_train_loss,0.007813652977347374,1222,1751227677049
multi-similarity loss,batch_train_loss,0.006958991289138794,1223,1751227677555
multi-similarity loss,batch_train_loss,0.0031478404998779297,1224,1751227678061
multi-similarity loss,batch_train_loss,0.006225257180631161,1225,1751227678559
multi-similarity loss,batch_train_loss,0.0035001011565327644,1226,1751227679057
multi-similarity loss,batch_train_loss,0.006002308800816536,1227,1751227679555
multi-similarity loss,batch_train_loss,0.007521933875977993,1228,1751227680086
multi-similarity loss,batch_train_loss,0.004668695852160454,1229,1751227681077
multi-similarity loss,batch_train_loss,0.006478849798440933,1230,1751227682915
multi-similarity loss,batch_train_loss,0.007227620109915733,1231,1751227683425
multi-similarity loss,batch_train_loss,0.007332268171012402,1232,1751227687084
multi-similarity loss,batch_train_loss,0.006082656793296337,1233,1751227687582
multi-similarity loss,batch_train_loss,0.005507033318281174,1234,1751227688088
multi-similarity loss,batch_train_loss,0.006415867246687412,1235,1751227688581
multi-similarity loss,batch_train_loss,0.004643414169549942,1236,1751227689085
multi-similarity loss,batch_train_loss,0.005344683304429054,1237,1751227689586
multi-similarity loss,batch_train_loss,0.004297852516174316,1238,1751227690095
multi-similarity loss,batch_train_loss,0.006808759644627571,1239,1751227690598
multi-similarity loss,batch_train_loss,0.003696771804243326,1240,1751227691095
multi-similarity loss,batch_train_loss,0.0061615947633981705,1241,1751227691593
multi-similarity loss,batch_train_loss,0.005952955689281225,1242,1751227692092
multi-similarity loss,batch_train_loss,0.005817331839352846,1243,1751227692589
multi-similarity loss,batch_train_loss,0.00552251935005188,1244,1751227693090
multi-similarity loss,batch_train_loss,0.003832852002233267,1245,1751227693589
multi-similarity loss,batch_train_loss,0.007181944325566292,1246,1751227694101
multi-similarity loss,batch_train_loss,0.007681491319090128,1247,1751227694595
multi-similarity loss,batch_train_loss,0.0053872475400567055,1248,1751227695107
multi-similarity loss,batch_train_loss,0.006558714900165796,1249,1751227696557
multi-similarity loss,batch_train_loss,0.006325876340270042,1250,1751227698401
multi-similarity loss,batch_train_loss,0.007203537505120039,1251,1751227698912
multi-similarity loss,batch_train_loss,0.005198849365115166,1252,1751227699415
multi-similarity loss,batch_train_loss,0.004333713091909885,1253,1751227699873
multi-similarity loss,batch_train_loss,0.005090997088700533,1254,1751227703596
multi-similarity loss,batch_train_loss,0.008732604794204235,1255,1751227704099
multi-similarity loss,batch_train_loss,0.006755228154361248,1256,1751227704602
multi-similarity loss,batch_train_loss,0.003875213675200939,1257,1751227705106
multi-similarity loss,batch_train_loss,0.004125772975385189,1258,1751227705654
multi-similarity loss,batch_train_loss,0.005743505898863077,1259,1751227706152
multi-similarity loss,batch_train_loss,0.008457937277853489,1260,1751227706661
multi-similarity loss,batch_train_loss,0.005792026408016682,1261,1751227707164
multi-similarity loss,batch_train_loss,0.007126509677618742,1262,1751227707683
multi-similarity loss,batch_train_loss,0.004928275011479855,1263,1751227708182
multi-similarity loss,batch_train_loss,0.0050049638375639915,1264,1751227708684
multi-similarity loss,batch_train_loss,0.0064405957236886024,1265,1751227709184
multi-similarity loss,batch_train_loss,0.004820577800273895,1266,1751227709691
multi-similarity loss,batch_train_loss,0.005260425619781017,1267,1751227710202
multi-similarity loss,batch_train_loss,0.003456217236816883,1268,1751227711397
multi-similarity loss,batch_train_loss,0.005001680925488472,1269,1751227712804
multi-similarity loss,batch_train_loss,0.004469624720513821,1270,1751227713473
multi-similarity loss,batch_train_loss,0.005254069808870554,1271,1751227713983
multi-similarity loss,batch_train_loss,0.004278362262994051,1272,1751227714508
multi-similarity loss,batch_train_loss,0.0053011272102594376,1273,1751227715012
multi-similarity loss,batch_train_loss,0.005372163839638233,1274,1751227715524
multi-similarity loss,batch_train_loss,0.0027618331369012594,1275,1751227715988
multi-similarity loss,batch_train_loss,0.006496373564004898,1276,1751227719682
multi-similarity loss,batch_train_loss,0.005167825613170862,1277,1751227720191
multi-similarity loss,batch_train_loss,0.007322011515498161,1278,1751227720701
multi-similarity loss,batch_train_loss,0.008314963430166245,1279,1751227721204
multi-similarity loss,batch_train_loss,0.006778067909181118,1280,1751227721708
multi-similarity loss,batch_train_loss,0.00690102856606245,1281,1751227722214
multi-similarity loss,batch_train_loss,0.00466523040086031,1282,1751227722716
multi-similarity loss,batch_train_loss,0.004525310359895229,1283,1751227723217
multi-similarity loss,batch_train_loss,0.00391049962490797,1284,1751227723721
multi-similarity loss,batch_train_loss,0.008312723599374294,1285,1751227724229
multi-similarity loss,batch_train_loss,0.0030393959023058414,1286,1751227724730
multi-similarity loss,batch_train_loss,0.003300319891422987,1287,1751227725243
multi-similarity loss,batch_train_loss,0.004176901187747717,1288,1751227726400
multi-similarity loss,batch_train_loss,0.003965322859585285,1289,1751227728035
multi-similarity loss,batch_train_loss,0.006419697776436806,1290,1751227728559
multi-similarity loss,batch_train_loss,0.00589084392413497,1291,1751227729061
multi-similarity loss,batch_train_loss,0.0033219214528799057,1292,1751227729564
multi-similarity loss,batch_train_loss,0.005764881614595652,1293,1751227730065
multi-similarity loss,batch_train_loss,0.00670004915446043,1294,1751227730569
multi-similarity loss,batch_train_loss,0.004267771728336811,1295,1751227731071
multi-similarity loss,batch_train_loss,0.005952785257250071,1296,1751227731577
multi-similarity loss,batch_train_loss,0.0062989299185574055,1297,1751227732034
multi-similarity loss,batch_train_loss,0.004804486874490976,1298,1751227735669
multi-similarity loss,batch_train_loss,0.0043566664680838585,1299,1751227736178
multi-similarity loss,batch_train_loss,0.005931246094405651,1300,1751227736684
multi-similarity loss,batch_train_loss,0.005450477823615074,1301,1751227737188
multi-similarity loss,batch_train_loss,0.005211947485804558,1302,1751227737690
multi-similarity loss,batch_train_loss,0.0034772860817611217,1303,1751227738192
multi-similarity loss,batch_train_loss,0.004168292973190546,1304,1751227738696
multi-similarity loss,batch_train_loss,0.003696276107802987,1305,1751227739196
multi-similarity loss,batch_train_loss,0.007148801814764738,1306,1751227739699
multi-similarity loss,batch_train_loss,0.005728227086365223,1307,1751227740207
multi-similarity loss,batch_train_loss,0.002912276890128851,1308,1751227741351
multi-similarity loss,batch_train_loss,0.005576483905315399,1309,1751227743032
multi-similarity loss,batch_train_loss,0.003387216944247484,1310,1751227743571
multi-similarity loss,batch_train_loss,0.00549287348985672,1311,1751227744074
multi-similarity loss,batch_train_loss,0.0038940059021115303,1312,1751227744582
multi-similarity loss,batch_train_loss,0.004266408272087574,1313,1751227745086
multi-similarity loss,batch_train_loss,0.002720991149544716,1314,1751227745588
multi-similarity loss,batch_train_loss,0.004644209519028664,1315,1751227746089
multi-similarity loss,batch_train_loss,0.004494989290833473,1316,1751227746596
multi-similarity loss,batch_train_loss,0.00528861815109849,1317,1751227747103
multi-similarity loss,batch_train_loss,0.00585632398724556,1318,1751227747608
multi-similarity loss,batch_train_loss,0.004139789845794439,1319,1751227748071
multi-similarity loss,batch_train_loss,0.006856332533061504,1320,1751227751778
multi-similarity loss,batch_train_loss,0.008360333740711212,1321,1751227752287
multi-similarity loss,batch_train_loss,0.005345766432583332,1322,1751227752792
multi-similarity loss,batch_train_loss,0.005218240898102522,1323,1751227753289
multi-similarity loss,batch_train_loss,0.0032879274804145098,1324,1751227753796
multi-similarity loss,batch_train_loss,0.004032365046441555,1325,1751227754298
multi-similarity loss,batch_train_loss,0.0033523673191666603,1326,1751227754804
multi-similarity loss,batch_train_loss,0.001868084422312677,1327,1751227755353
multi-similarity loss,batch_train_loss,0.005868762731552124,1328,1751227756215
multi-similarity loss,batch_train_loss,0.007609688676893711,1329,1751227758207
multi-similarity loss,batch_train_loss,0.005916884168982506,1330,1751227758734
multi-similarity loss,batch_train_loss,0.0035026702098548412,1331,1751227759236
multi-similarity loss,batch_train_loss,0.006656183861196041,1332,1751227759779
multi-similarity loss,batch_train_loss,0.0029419679194688797,1333,1751227760279
multi-similarity loss,batch_train_loss,0.0039794608019292355,1334,1751227760789
multi-similarity loss,batch_train_loss,0.007019917946308851,1335,1751227761294
multi-similarity loss,batch_train_loss,0.005369327496737242,1336,1751227761801
multi-similarity loss,batch_train_loss,0.003192898817360401,1337,1751227762297
multi-similarity loss,batch_train_loss,0.0046303365379571915,1338,1751227762806
multi-similarity loss,batch_train_loss,0.004212105181068182,1339,1751227763301
multi-similarity loss,batch_train_loss,0.005654213950037956,1340,1751227763806
multi-similarity loss,batch_train_loss,0.0029681639280170202,1341,1751227764269
multi-similarity loss,batch_train_loss,0.00529080256819725,1342,1751227767995
multi-similarity loss,batch_train_loss,0.006325303576886654,1343,1751227768500
multi-similarity loss,batch_train_loss,0.0059051066637039185,1344,1751227769016
multi-similarity loss,batch_train_loss,0.006136350333690643,1345,1751227769561
multi-similarity loss,batch_train_loss,0.005465248133987188,1346,1751227770155
multi-similarity loss,batch_train_loss,0.006887715309858322,1347,1751227770838
multi-similarity loss,batch_train_loss,0.0041176616214215755,1348,1751227773882
multi-similarity loss,batch_train_loss,0.0051643988117575645,1349,1751227774619
multi-similarity loss,batch_train_loss,0.0031326180323958397,1350,1751227775140
multi-similarity loss,batch_train_loss,0.006188798695802689,1351,1751227775650
multi-similarity loss,batch_train_loss,0.006545261479914188,1352,1751227776188
multi-similarity loss,batch_train_loss,0.006624456960707903,1353,1751227776695
multi-similarity loss,batch_train_loss,0.0031931563280522823,1354,1751227777202
multi-similarity loss,batch_train_loss,0.0040327939204871655,1355,1751227777709
multi-similarity loss,batch_train_loss,0.003026681486517191,1356,1751227778216
multi-similarity loss,batch_train_loss,0.0031695449724793434,1357,1751227778717
multi-similarity loss,batch_train_loss,0.0035003202501684427,1358,1751227779218
multi-similarity loss,batch_train_loss,0.004882117733359337,1359,1751227779724
multi-similarity loss,batch_train_loss,0.0049420688301324844,1360,1751227780229
multi-similarity loss,batch_train_loss,0.0029777023009955883,1361,1751227780725
multi-similarity loss,batch_train_loss,0.006412142422050238,1362,1751227781224
multi-similarity loss,batch_train_loss,0.004565341863781214,1363,1751227781690
multi-similarity loss,batch_train_loss,0.005014306865632534,1364,1751227785458
multi-similarity loss,batch_train_loss,0.003973502665758133,1365,1751227785991
multi-similarity loss,batch_train_loss,0.0021598304156214,1366,1751227786518
multi-similarity loss,batch_train_loss,0.004823353141546249,1367,1751227787032
multi-similarity loss,batch_train_loss,0.00373362610116601,1368,1751227787562
multi-similarity loss,batch_train_loss,0.005546921864151955,1369,1751227788104
multi-similarity loss,batch_train_loss,0.0031379079446196556,1370,1751227788628
multi-similarity loss,batch_train_loss,0.005967000499367714,1371,1751227789142
multi-similarity loss,batch_train_loss,0.0040362197905778885,1372,1751227789664
multi-similarity loss,batch_train_loss,0.0068892743438482285,1373,1751227790175
multi-similarity loss,batch_train_loss,0.003661637892946601,1374,1751227790712
multi-similarity loss,batch_train_loss,0.0027244198136031628,1375,1751227791223
multi-similarity loss,batch_train_loss,0.0021152631379663944,1376,1751227791732
multi-similarity loss,batch_train_loss,0.0034613802563399076,1377,1751227792365
multi-similarity loss,batch_train_loss,0.006195101886987686,1378,1751227792986
multi-similarity loss,batch_train_loss,0.003145284950733185,1379,1751227793503
multi-similarity loss,batch_train_loss,0.00501377135515213,1380,1751227794027
multi-similarity loss,batch_train_loss,0.003125542774796486,1381,1751227794527
multi-similarity loss,batch_train_loss,0.0115909893065691,1382,1751227795050
multi-similarity loss,batch_train_loss,0.0043218377977609634,1383,1751227795553
multi-similarity loss,batch_train_loss,0.006148940417915583,1384,1751227796051
multi-similarity loss,batch_train_loss,0.003459203988313675,1385,1751227796519
multi-similarity loss,batch_train_loss,0.0053910305723547935,1386,1751227803269
multi-similarity loss,batch_train_loss,0.00648999959230423,1387,1751227803834
multi-similarity loss,batch_train_loss,0.0044586872681975365,1388,1751227804370
multi-similarity loss,batch_train_loss,0.0039031209889799356,1389,1751227804870
multi-similarity loss,batch_train_loss,0.0028512668795883656,1390,1751227805373
multi-similarity loss,batch_train_loss,0.0021732053719460964,1391,1751227805874
multi-similarity loss,batch_train_loss,0.005586492829024792,1392,1751227806382
multi-similarity loss,batch_train_loss,0.004330587573349476,1393,1751227806883
multi-similarity loss,batch_train_loss,0.004497647285461426,1394,1751227807388
multi-similarity loss,batch_train_loss,0.002762937918305397,1395,1751227807885
multi-similarity loss,batch_train_loss,0.004183233715593815,1396,1751227808388
multi-similarity loss,batch_train_loss,0.003480348503217101,1397,1751227808886
multi-similarity loss,batch_train_loss,0.0034093717113137245,1398,1751227809391
multi-similarity loss,batch_train_loss,0.006496021989732981,1399,1751227809892
multi-similarity loss,batch_train_loss,0.002567531540989876,1400,1751227810393
multi-similarity loss,batch_train_loss,0.004401837009936571,1401,1751227810890
multi-similarity loss,batch_train_loss,0.0021996772848069668,1402,1751227811393
multi-similarity loss,batch_train_loss,0.004477687180042267,1403,1751227811896
multi-similarity loss,batch_train_loss,0.005528985522687435,1404,1751227812396
multi-similarity loss,batch_train_loss,0.011860653758049011,1405,1751227812903
multi-similarity loss,batch_train_loss,0.005025429185479879,1406,1751227813408
multi-similarity loss,batch_train_loss,0.004950844217091799,1407,1751227813870
multi-similarity loss,batch_train_loss,0.003736523911356926,1408,1751227817563
multi-similarity loss,batch_train_loss,0.004137890413403511,1409,1751227818073
multi-similarity loss,batch_train_loss,0.003312945831567049,1410,1751227818577
multi-similarity loss,batch_train_loss,0.0054410770535469055,1411,1751227819076
multi-similarity loss,batch_train_loss,0.0039663659408688545,1412,1751227819583
multi-similarity loss,batch_train_loss,0.0021830964833498,1413,1751227820085
multi-similarity loss,batch_train_loss,0.0033819451928138733,1414,1751227820593
multi-similarity loss,batch_train_loss,0.002217942150309682,1415,1751227821112
multi-similarity loss,batch_train_loss,0.0040525756776332855,1416,1751227821619
multi-similarity loss,batch_train_loss,0.003521549981087446,1417,1751227822118
multi-similarity loss,batch_train_loss,0.005535030737519264,1418,1751227822622
multi-similarity loss,batch_train_loss,0.0037507147062569857,1419,1751227823120
multi-similarity loss,batch_train_loss,0.0026019029319286346,1420,1751227823622
multi-similarity loss,batch_train_loss,0.007448665797710419,1421,1751227824124
multi-similarity loss,batch_train_loss,0.004070701077580452,1422,1751227824629
multi-similarity loss,batch_train_loss,0.003873871173709631,1423,1751227825129
multi-similarity loss,batch_train_loss,0.005121965892612934,1424,1751227825628
multi-similarity loss,batch_train_loss,0.005060798488557339,1425,1751227826128
multi-similarity loss,batch_train_loss,0.0068995412439107895,1426,1751227826626
multi-similarity loss,batch_train_loss,0.003985198214650154,1427,1751227827127
multi-similarity loss,batch_train_loss,0.003203784115612507,1428,1751227827636
multi-similarity loss,batch_train_loss,0.004032057709991932,1429,1751227828095
multi-similarity loss,batch_train_loss,0.003578157862648368,1430,1751227831823
multi-similarity loss,batch_train_loss,0.004624221008270979,1431,1751227832331
multi-similarity loss,batch_train_loss,0.002297335537150502,1432,1751227832837
multi-similarity loss,batch_train_loss,0.006600940600037575,1433,1751227833337
multi-similarity loss,batch_train_loss,0.002666041487827897,1434,1751227833840
multi-similarity loss,batch_train_loss,0.00251857191324234,1435,1751227834342
multi-similarity loss,batch_train_loss,0.002279018983244896,1436,1751227834843
multi-similarity loss,batch_train_loss,0.006411317735910416,1437,1751227835343
multi-similarity loss,batch_train_loss,0.00581342214718461,1438,1751227835850
multi-similarity loss,batch_train_loss,0.005845857784152031,1439,1751227836353
multi-similarity loss,batch_train_loss,0.004805362783372402,1440,1751227836855
multi-similarity loss,batch_train_loss,0.0033549657091498375,1441,1751227837356
multi-similarity loss,batch_train_loss,0.001927562989294529,1442,1751227837857
multi-similarity loss,batch_train_loss,0.0027451978530734777,1443,1751227838355
multi-similarity loss,batch_train_loss,0.005502027925103903,1444,1751227838855
multi-similarity loss,batch_train_loss,0.003497480880469084,1445,1751227839357
multi-similarity loss,batch_train_loss,0.004991982132196426,1446,1751227839857
multi-similarity loss,batch_train_loss,0.0035124782007187605,1447,1751227840357
multi-similarity loss,batch_train_loss,0.003783763386309147,1448,1751227840860
multi-similarity loss,batch_train_loss,0.0028761224821209908,1449,1751227841360
multi-similarity loss,batch_train_loss,0.003670669160783291,1450,1751227841866
multi-similarity loss,batch_train_loss,0.002300780499354005,1451,1751227842329
multi-similarity loss,batch_train_loss,0.003712055506184697,1452,1751227846048
multi-similarity loss,batch_train_loss,0.0037818565033376217,1453,1751227846557
multi-similarity loss,batch_train_loss,0.004492788575589657,1454,1751227847057
multi-similarity loss,batch_train_loss,0.002640472026541829,1455,1751227847559
multi-similarity loss,batch_train_loss,0.0021158866584300995,1456,1751227848060
multi-similarity loss,batch_train_loss,0.0035119401291012764,1457,1751227848558
multi-similarity loss,batch_train_loss,0.0027119750156998634,1458,1751227849063
multi-similarity loss,batch_train_loss,0.003959891386330128,1459,1751227849562
multi-similarity loss,batch_train_loss,0.0038164304569363594,1460,1751227850062
multi-similarity loss,batch_train_loss,0.005675492342561483,1461,1751227850564
multi-similarity loss,batch_train_loss,0.005761907435953617,1462,1751227851066
multi-similarity loss,batch_train_loss,0.0034032491967082024,1463,1751227851570
multi-similarity loss,batch_train_loss,0.004861396737396717,1464,1751227852077
multi-similarity loss,batch_train_loss,0.0018824335420504212,1465,1751227852578
multi-similarity loss,batch_train_loss,0.005284838378429413,1466,1751227853085
multi-similarity loss,batch_train_loss,0.0027865427546203136,1467,1751227853584
multi-similarity loss,batch_train_loss,0.002414284972473979,1468,1751227854107
multi-similarity loss,batch_train_loss,0.0020398146007210016,1469,1751227854603
multi-similarity loss,batch_train_loss,0.005131768994033337,1470,1751227855106
multi-similarity loss,batch_train_loss,0.003998994827270508,1471,1751227855605
multi-similarity loss,batch_train_loss,0.0042539616115391254,1472,1751227856114
multi-similarity loss,batch_train_loss,0.00351549475453794,1473,1751227856577
multi-similarity loss,batch_train_loss,0.004671461880207062,1474,1751227860235
multi-similarity loss,batch_train_loss,0.00459706736728549,1475,1751227860737
multi-similarity loss,batch_train_loss,0.004772626794874668,1476,1751227861244
multi-similarity loss,batch_train_loss,0.0027434732764959335,1477,1751227861747
multi-similarity loss,batch_train_loss,0.0023460821248590946,1478,1751227862246
multi-similarity loss,batch_train_loss,0.00450674444437027,1479,1751227862747
multi-similarity loss,batch_train_loss,0.003091271035373211,1480,1751227863253
multi-similarity loss,batch_train_loss,0.004408892244100571,1481,1751227863758
multi-similarity loss,batch_train_loss,0.005586679559201002,1482,1751227864263
multi-similarity loss,batch_train_loss,0.005342014133930206,1483,1751227864766
multi-similarity loss,batch_train_loss,0.005554674193263054,1484,1751227865271
multi-similarity loss,batch_train_loss,0.0029798015020787716,1485,1751227865772
multi-similarity loss,batch_train_loss,0.002010966418311,1486,1751227866276
multi-similarity loss,batch_train_loss,0.004990715999156237,1487,1751227866781
multi-similarity loss,batch_train_loss,0.00616168137639761,1488,1751227867286
multi-similarity loss,batch_train_loss,0.003138539381325245,1489,1751227867792
multi-similarity loss,batch_train_loss,0.0033131095115095377,1490,1751227868297
multi-similarity loss,batch_train_loss,0.003166124690324068,1491,1751227868796
multi-similarity loss,batch_train_loss,0.0035754316486418247,1492,1751227869303
multi-similarity loss,batch_train_loss,0.004241174086928368,1493,1751227869800
multi-similarity loss,batch_train_loss,0.004594331607222557,1494,1751227870302
multi-similarity loss,batch_train_loss,0.004089840687811375,1495,1751227870761
multi-similarity loss,batch_train_loss,0.004254542291164398,1496,1751227874465
multi-similarity loss,batch_train_loss,0.0039335452020168304,1497,1751227874966
multi-similarity loss,batch_train_loss,0.005890798754990101,1498,1751227875471
multi-similarity loss,batch_train_loss,0.006035518832504749,1499,1751227875974
multi-similarity loss,batch_train_loss,0.003833201015368104,1500,1751227876482
multi-similarity loss,batch_train_loss,0.003917251713573933,1501,1751227876985
multi-similarity loss,batch_train_loss,0.004965096712112427,1502,1751227877489
multi-similarity loss,batch_train_loss,0.002887025009840727,1503,1751227877989
multi-similarity loss,batch_train_loss,0.003007137216627598,1504,1751227878490
multi-similarity loss,batch_train_loss,0.0034566549584269524,1505,1751227878996
multi-similarity loss,batch_train_loss,0.0032352986745536327,1506,1751227879508
multi-similarity loss,batch_train_loss,0.004712402820587158,1507,1751227880013
multi-similarity loss,batch_train_loss,0.003333847038447857,1508,1751227880514
multi-similarity loss,batch_train_loss,0.004388725385069847,1509,1751227881014
multi-similarity loss,batch_train_loss,0.00428032036870718,1510,1751227881521
multi-similarity loss,batch_train_loss,0.004379766061902046,1511,1751227882024
multi-similarity loss,batch_train_loss,0.0038497282657772303,1512,1751227882528
multi-similarity loss,batch_train_loss,0.004435477312654257,1513,1751227883028
multi-similarity loss,batch_train_loss,0.004244781099259853,1514,1751227883533
multi-similarity loss,batch_train_loss,0.001740381121635437,1515,1751227884033
multi-similarity loss,batch_train_loss,0.00460554426535964,1516,1751227884541
multi-similarity loss,batch_train_loss,0.002224194584414363,1517,1751227885002
multi-similarity loss,batch_train_loss,0.006302157416939735,1518,1751227888680
multi-similarity loss,batch_train_loss,0.004938199650496244,1519,1751227889183
multi-similarity loss,batch_train_loss,0.004868336021900177,1520,1751227889694
multi-similarity loss,batch_train_loss,0.00583032239228487,1521,1751227890194
multi-similarity loss,batch_train_loss,0.004082290455698967,1522,1751227890696
multi-similarity loss,batch_train_loss,0.0023495552595704794,1523,1751227891196
multi-similarity loss,batch_train_loss,0.0035032760351896286,1524,1751227891696
multi-similarity loss,batch_train_loss,0.0037297080270946026,1525,1751227892194
multi-similarity loss,batch_train_loss,0.002602380933240056,1526,1751227892700
multi-similarity loss,batch_train_loss,0.009484168142080307,1527,1751227893198
multi-similarity loss,batch_train_loss,0.003194778226315975,1528,1751227893703
multi-similarity loss,batch_train_loss,0.0029903666581958532,1529,1751227894205
multi-similarity loss,batch_train_loss,0.0050898026674985886,1530,1751227894719
multi-similarity loss,batch_train_loss,0.0027861290145665407,1531,1751227895223
multi-similarity loss,batch_train_loss,0.005091233178973198,1532,1751227895726
multi-similarity loss,batch_train_loss,0.0056989435106515884,1533,1751227896230
multi-similarity loss,batch_train_loss,0.004037989303469658,1534,1751227896746
multi-similarity loss,batch_train_loss,0.0031571872532367706,1535,1751227897245
multi-similarity loss,batch_train_loss,0.002832398284226656,1536,1751227897753
multi-similarity loss,batch_train_loss,0.004736698232591152,1537,1751227898266
multi-similarity loss,batch_train_loss,0.00331264641135931,1538,1751227898773
multi-similarity loss,batch_train_loss,0.0017818521009758115,1539,1751227899237
multi-similarity loss,batch_train_loss,0.002654771786183119,1540,1751227902910
multi-similarity loss,batch_train_loss,0.00463977362960577,1541,1751227903419
multi-similarity loss,batch_train_loss,0.004998957272619009,1542,1751227903920
multi-similarity loss,batch_train_loss,0.0040345145389437675,1543,1751227904422
multi-similarity loss,batch_train_loss,0.00629557017236948,1544,1751227904927
multi-similarity loss,batch_train_loss,0.003561420366168022,1545,1751227905425
multi-similarity loss,batch_train_loss,0.002934715710580349,1546,1751227905928
multi-similarity loss,batch_train_loss,0.003112254897132516,1547,1751227906429
multi-similarity loss,batch_train_loss,0.0021118447184562683,1548,1751227906931
multi-similarity loss,batch_train_loss,0.004268244840204716,1549,1751227907437
multi-similarity loss,batch_train_loss,0.006538344547152519,1550,1751227907941
multi-similarity loss,batch_train_loss,0.002460841089487076,1551,1751227908441
multi-similarity loss,batch_train_loss,0.00431828061118722,1552,1751227908945
multi-similarity loss,batch_train_loss,0.005600898526608944,1553,1751227909446
multi-similarity loss,batch_train_loss,0.0031607365235686302,1554,1751227909951
multi-similarity loss,batch_train_loss,0.004095861688256264,1555,1751227910449
multi-similarity loss,batch_train_loss,0.0026039741933345795,1556,1751227910970
multi-similarity loss,batch_train_loss,0.0020075682550668716,1557,1751227911469
multi-similarity loss,batch_train_loss,0.00271536223590374,1558,1751227911990
multi-similarity loss,batch_train_loss,0.006079272832721472,1559,1751227912548
multi-similarity loss,batch_train_loss,0.005098102614283562,1560,1751227913062
multi-similarity loss,batch_train_loss,0.0024543055333197117,1561,1751227913537
multi-similarity loss,batch_train_loss,0.0038734334520995617,1562,1751227917308
multi-similarity loss,batch_train_loss,0.0029000791255384684,1563,1751227917819
multi-similarity loss,batch_train_loss,0.004027071874588728,1564,1751227918325
multi-similarity loss,batch_train_loss,0.004192650318145752,1565,1751227918830
multi-similarity loss,batch_train_loss,0.002230121986940503,1566,1751227919338
multi-similarity loss,batch_train_loss,0.004536899272352457,1567,1751227919843
multi-similarity loss,batch_train_loss,0.0046841902658343315,1568,1751227920351
multi-similarity loss,batch_train_loss,0.0027321232482790947,1569,1751227920855
multi-similarity loss,batch_train_loss,0.0082386564463377,1570,1751227921365
multi-similarity loss,batch_train_loss,0.001493787975050509,1571,1751227921874
multi-similarity loss,batch_train_loss,0.004018829669803381,1572,1751227922385
multi-similarity loss,batch_train_loss,0.005137584637850523,1573,1751227922894
multi-similarity loss,batch_train_loss,0.003728084731847048,1574,1751227923428
multi-similarity loss,batch_train_loss,0.002190162893384695,1575,1751227923950
multi-similarity loss,batch_train_loss,0.003078459994867444,1576,1751227924469
multi-similarity loss,batch_train_loss,0.005591385066509247,1577,1751227924993
multi-similarity loss,batch_train_loss,0.002214060164988041,1578,1751227925501
multi-similarity loss,batch_train_loss,0.003114562714472413,1579,1751227926018
multi-similarity loss,batch_train_loss,0.002181548858061433,1580,1751227926526
multi-similarity loss,batch_train_loss,0.0018257126212120056,1581,1751227927034
multi-similarity loss,batch_train_loss,0.003318025264889002,1582,1751227927548
multi-similarity loss,batch_train_loss,0.00501483166590333,1583,1751227928014
multi-similarity loss,batch_train_loss,0.004792946390807629,1584,1751227931963
multi-similarity loss,batch_train_loss,0.0030204204376786947,1585,1751227932506
multi-similarity loss,batch_train_loss,0.00403748732060194,1586,1751227933031
multi-similarity loss,batch_train_loss,0.002194753848016262,1587,1751227933562
multi-similarity loss,batch_train_loss,0.004802120849490166,1588,1751227934101
multi-similarity loss,batch_train_loss,0.006519743241369724,1589,1751227934629
multi-similarity loss,batch_train_loss,0.0030378231313079596,1590,1751227935158
multi-similarity loss,batch_train_loss,0.0029206143226474524,1591,1751227935688
multi-similarity loss,batch_train_loss,0.003712145844474435,1592,1751227936207
multi-similarity loss,batch_train_loss,0.0017108542378991842,1593,1751227936723
multi-similarity loss,batch_train_loss,0.004912246949970722,1594,1751227937239
multi-similarity loss,batch_train_loss,0.004446462728083134,1595,1751227937753
multi-similarity loss,batch_train_loss,0.003183207241818309,1596,1751227938430
multi-similarity loss,batch_train_loss,0.003074534935876727,1597,1751227938949
multi-similarity loss,batch_train_loss,0.004398936405777931,1598,1751227939471
multi-similarity loss,batch_train_loss,0.0028697187080979347,1599,1751227940019
multi-similarity loss,batch_train_loss,0.004642050247639418,1600,1751227940577
multi-similarity loss,batch_train_loss,0.006178815383464098,1601,1751227941125
multi-similarity loss,batch_train_loss,0.0015882935840636492,1602,1751227941729
multi-similarity loss,batch_train_loss,0.0034727202728390694,1603,1751227942306
multi-similarity loss,batch_train_loss,0.001717361155897379,1604,1751227942877
multi-similarity loss,batch_train_loss,0.0036927403416484594,1605,1751227943374
multi-similarity loss,batch_train_loss,0.003674910170957446,1606,1751227948562
multi-similarity loss,batch_train_loss,0.0030767014250159264,1607,1751227949949
multi-similarity loss,batch_train_loss,0.0028196931816637516,1608,1751227950525
multi-similarity loss,batch_train_loss,0.006993983406573534,1609,1751227951054
multi-similarity loss,batch_train_loss,0.004103595856577158,1610,1751227951573
multi-similarity loss,batch_train_loss,0.00325050693936646,1611,1751227952079
multi-similarity loss,batch_train_loss,0.0033534415997564793,1612,1751227952590
multi-similarity loss,batch_train_loss,0.006363942753523588,1613,1751227953111
multi-similarity loss,batch_train_loss,0.0026771901175379753,1614,1751227953637
multi-similarity loss,batch_train_loss,0.0027433084324002266,1615,1751227954161
multi-similarity loss,batch_train_loss,0.003239693120121956,1616,1751227955016
multi-similarity loss,batch_train_loss,0.004820332396775484,1617,1751227955590
multi-similarity loss,batch_train_loss,0.0022846763022243977,1618,1751227956113
multi-similarity loss,batch_train_loss,0.004489067010581493,1619,1751227956648
multi-similarity loss,batch_train_loss,0.0030707824043929577,1620,1751227957188
multi-similarity loss,batch_train_loss,0.003919313196092844,1621,1751227957714
multi-similarity loss,batch_train_loss,0.004368942230939865,1622,1751227958238
multi-similarity loss,batch_train_loss,0.0010590201709419489,1623,1751227958761
multi-similarity loss,batch_train_loss,0.004461560398340225,1624,1751227959376
multi-similarity loss,batch_train_loss,0.0036699038464576006,1625,1751227959908
multi-similarity loss,batch_train_loss,0.004528320860117674,1626,1751227960433
multi-similarity loss,batch_train_loss,0.001123801339417696,1627,1751227960914
multi-similarity loss,batch_train_loss,0.0018590767867863178,1628,1751227965157
multi-similarity loss,batch_train_loss,0.0011266575893387198,1629,1751227965696
multi-similarity loss,batch_train_loss,0.002489721402525902,1630,1751227966214
multi-similarity loss,batch_train_loss,0.006011319812387228,1631,1751227966736
multi-similarity loss,batch_train_loss,0.006465429440140724,1632,1751227967248
multi-similarity loss,batch_train_loss,0.0036939922720193863,1633,1751227967767
multi-similarity loss,batch_train_loss,0.004136065952479839,1634,1751227968295
multi-similarity loss,batch_train_loss,0.006743619218468666,1635,1751227968800
multi-similarity loss,batch_train_loss,0.0036966833285987377,1636,1751227969315
multi-similarity loss,batch_train_loss,0.0030778725631535053,1637,1751227970161
multi-similarity loss,batch_train_loss,0.006439005956053734,1638,1751227972142
multi-similarity loss,batch_train_loss,0.002378184348344803,1639,1751227972670
multi-similarity loss,batch_train_loss,0.0024725261610001326,1640,1751227973182
multi-similarity loss,batch_train_loss,0.003848459105938673,1641,1751227973697
multi-similarity loss,batch_train_loss,0.0019518609624356031,1642,1751227974204
multi-similarity loss,batch_train_loss,0.0054472461342811584,1643,1751227974713
multi-similarity loss,batch_train_loss,0.0027084730099886656,1644,1751227975224
multi-similarity loss,batch_train_loss,0.003533909795805812,1645,1751227975731
multi-similarity loss,batch_train_loss,0.0032210862264037132,1646,1751227976240
multi-similarity loss,batch_train_loss,0.002046929206699133,1647,1751227976742
multi-similarity loss,batch_train_loss,0.0026091663166880608,1648,1751227977255
multi-similarity loss,batch_train_loss,0.001191316288895905,1649,1751227977733
multi-similarity loss,batch_train_loss,0.0065769171342253685,1650,1751227981633
multi-similarity loss,batch_train_loss,0.0009760998655110598,1651,1751227982142
multi-similarity loss,batch_train_loss,0.0026244076434522867,1652,1751227982649
multi-similarity loss,batch_train_loss,0.006141352467238903,1653,1751227983151
multi-similarity loss,batch_train_loss,0.002933141076937318,1654,1751227983675
multi-similarity loss,batch_train_loss,0.005945079959928989,1655,1751227984196
multi-similarity loss,batch_train_loss,0.006442681420594454,1656,1751227984829
multi-similarity loss,batch_train_loss,0.0052411723881959915,1657,1751227986719
multi-similarity loss,batch_train_loss,0.0024340867530554533,1658,1751227987396
multi-similarity loss,batch_train_loss,0.004301486536860466,1659,1751227987912
multi-similarity loss,batch_train_loss,0.004631535615772009,1660,1751227988419
multi-similarity loss,batch_train_loss,0.0006438607815653086,1661,1751227988935
multi-similarity loss,batch_train_loss,0.00327054294757545,1662,1751227989483
multi-similarity loss,batch_train_loss,0.0027033837977796793,1663,1751227990037
multi-similarity loss,batch_train_loss,0.004656260833144188,1664,1751227990555
multi-similarity loss,batch_train_loss,0.00495555717498064,1665,1751227991069
multi-similarity loss,batch_train_loss,0.003145876806229353,1666,1751227991595
multi-similarity loss,batch_train_loss,0.0014498154632747173,1667,1751227992100
multi-similarity loss,batch_train_loss,0.003373274113982916,1668,1751227992604
multi-similarity loss,batch_train_loss,0.0018209143308922648,1669,1751227993104
multi-similarity loss,batch_train_loss,0.0035240165889263153,1670,1751227993611
multi-similarity loss,batch_train_loss,0.00360203068703413,1671,1751227994081
multi-similarity loss,batch_train_loss,0.0038207529578357935,1672,1751227997894
multi-similarity loss,batch_train_loss,0.002175298985093832,1673,1751228000110
multi-similarity loss,batch_train_loss,0.0028774021193385124,1674,1751228001287
multi-similarity loss,batch_train_loss,0.0063523463904857635,1675,1751228001810
multi-similarity loss,batch_train_loss,0.0045781973749399185,1676,1751228002315
multi-similarity loss,batch_train_loss,0.0026679844595491886,1677,1751228002831
multi-similarity loss,batch_train_loss,0.0029134307987987995,1678,1751228003496
multi-similarity loss,batch_train_loss,0.003964679781347513,1679,1751228004064
multi-similarity loss,batch_train_loss,0.004149465821683407,1680,1751228004596
multi-similarity loss,batch_train_loss,0.003059341572225094,1681,1751228005744
multi-similarity loss,batch_train_loss,0.002352343173697591,1682,1751228006769
multi-similarity loss,batch_train_loss,0.0035840272903442383,1683,1751228007885
multi-similarity loss,batch_train_loss,0.0026299282908439636,1684,1751228008545
multi-similarity loss,batch_train_loss,0.0028913302812725306,1685,1751228009143
multi-similarity loss,batch_train_loss,0.0019348463974893093,1686,1751228009682
multi-similarity loss,batch_train_loss,0.002763235941529274,1687,1751228010184
multi-similarity loss,batch_train_loss,0.0036224955692887306,1688,1751228010693
multi-similarity loss,batch_train_loss,0.0028420481830835342,1689,1751228011193
multi-similarity loss,batch_train_loss,0.0029101725667715073,1690,1751228011712
multi-similarity loss,batch_train_loss,0.0022097094915807247,1691,1751228012246
multi-similarity loss,batch_train_loss,0.003842945909127593,1692,1751228012779
multi-similarity loss,batch_train_loss,0.0028325996827334166,1693,1751228013245
multi-similarity loss,batch_train_loss,0.0043913270346820354,1694,1751228017045
multi-similarity loss,batch_train_loss,0.0031434460543096066,1695,1751228017559
multi-similarity loss,batch_train_loss,0.0017964249709621072,1696,1751228018083
multi-similarity loss,batch_train_loss,0.004654889460653067,1697,1751228018637
multi-similarity loss,batch_train_loss,0.0022056899033486843,1698,1751228019166
multi-similarity loss,batch_train_loss,0.0031359433196485043,1699,1751228019681
multi-similarity loss,batch_train_loss,0.0030099800787866116,1700,1751228020192
multi-similarity loss,batch_train_loss,0.0035357854794710875,1701,1751228020690
multi-similarity loss,batch_train_loss,0.0034769068006426096,1702,1751228021188
multi-similarity loss,batch_train_loss,0.002570451470091939,1703,1751228021683
multi-similarity loss,batch_train_loss,0.005505131557583809,1704,1751228022189
multi-similarity loss,batch_train_loss,0.0034914505667984486,1705,1751228022689
multi-similarity loss,batch_train_loss,0.0010923013323917985,1706,1751228023194
multi-similarity loss,batch_train_loss,0.003835074370726943,1707,1751228023718
multi-similarity loss,batch_train_loss,0.0018541713943704963,1708,1751228024279
multi-similarity loss,batch_train_loss,0.003966507501900196,1709,1751228024826
multi-similarity loss,batch_train_loss,0.005163346417248249,1710,1751228025327
multi-similarity loss,batch_train_loss,0.001842847210355103,1711,1751228025828
multi-similarity loss,batch_train_loss,0.002688999054953456,1712,1751228026330
multi-similarity loss,batch_train_loss,0.0031180158257484436,1713,1751228026830
multi-similarity loss,batch_train_loss,0.00417638523504138,1714,1751228027329
multi-similarity loss,batch_train_loss,0.0032813511788845062,1715,1751228027787
multi-similarity loss,batch_train_loss,0.004412046633660793,1716,1751228031443
multi-similarity loss,batch_train_loss,0.004719061776995659,1717,1751228031940
multi-similarity loss,batch_train_loss,0.0027449079789221287,1718,1751228032439
multi-similarity loss,batch_train_loss,0.003568954998627305,1719,1751228032943
multi-similarity loss,batch_train_loss,0.006025052163749933,1720,1751228033530
multi-similarity loss,batch_train_loss,0.0022385818883776665,1721,1751228034061
multi-similarity loss,batch_train_loss,0.0034063849598169327,1722,1751228034683
multi-similarity loss,batch_train_loss,0.0026950561441481113,1723,1751228035182
multi-similarity loss,batch_train_loss,0.003293586429208517,1724,1751228035680
multi-similarity loss,batch_train_loss,0.0019369542133063078,1725,1751228036210
multi-similarity loss,batch_train_loss,0.006958111189305782,1726,1751228036762
multi-similarity loss,batch_train_loss,0.0019967544358223677,1727,1751228037283
multi-similarity loss,batch_train_loss,0.005812029354274273,1728,1751228037836
multi-similarity loss,batch_train_loss,0.0032035287003964186,1729,1751228038395
multi-similarity loss,batch_train_loss,0.005505502223968506,1730,1751228038912
multi-similarity loss,batch_train_loss,0.005102459341287613,1731,1751228039934
multi-similarity loss,batch_train_loss,0.0012769747991114855,1732,1751228041658
multi-similarity loss,batch_train_loss,0.002043520100414753,1733,1751228042184
multi-similarity loss,batch_train_loss,0.004427589941769838,1734,1751228042691
multi-similarity loss,batch_train_loss,0.0035497890785336494,1735,1751228043187
multi-similarity loss,batch_train_loss,0.004563874565064907,1736,1751228043683
multi-similarity loss,batch_train_loss,0.0017453879117965698,1737,1751228044151
multi-similarity loss,batch_train_loss,0.0032337955199182034,1738,1751228048040
multi-similarity loss,batch_train_loss,0.002188497455790639,1739,1751228048563
multi-similarity loss,batch_train_loss,0.004664666950702667,1740,1751228049214
multi-similarity loss,batch_train_loss,0.0015742960385978222,1741,1751228049729
multi-similarity loss,batch_train_loss,0.002318532904610038,1742,1751228050254
multi-similarity loss,batch_train_loss,0.0020762691274285316,1743,1751228050793
multi-similarity loss,batch_train_loss,0.00551748089492321,1744,1751228051306
multi-similarity loss,batch_train_loss,0.0023081342224031687,1745,1751228051846
multi-similarity loss,batch_train_loss,0.003387120086699724,1746,1751228053318
multi-similarity loss,batch_train_loss,0.0024057449772953987,1747,1751228055511
multi-similarity loss,batch_train_loss,0.0046194083988666534,1748,1751228056427
multi-similarity loss,batch_train_loss,0.003002460580319166,1749,1751228057006
multi-similarity loss,batch_train_loss,0.001994980964809656,1750,1751228057583
multi-similarity loss,batch_train_loss,0.003884074743837118,1751,1751228058097
multi-similarity loss,batch_train_loss,0.0009572645649313927,1752,1751228058639
multi-similarity loss,batch_train_loss,0.007622703909873962,1753,1751228059183
multi-similarity loss,batch_train_loss,0.002594396471977234,1754,1751228059717
multi-similarity loss,batch_train_loss,0.0038992196787148714,1755,1751228060241
multi-similarity loss,batch_train_loss,0.004230202175676823,1756,1751228060754
multi-similarity loss,batch_train_loss,0.0034263937268406153,1757,1751228061258
multi-similarity loss,batch_train_loss,0.00346095347777009,1758,1751228061762
multi-similarity loss,batch_train_loss,0.0018089318182319403,1759,1751228062228